ts,action_type,payload
2025-10-22 15:10:59,control_received,"{""action"": ""normal"", ""speed_limit"": 60}"
2025-10-22 15:11:04,control_received,"{""action"": ""normal"", ""speed_limit"": 60}"
2025-10-22 15:11:04,control_received,"{""action"": ""normal"", ""speed_limit"": 60}"
2025-10-22 15:11:09,control_received,"{""action"": ""normal"", ""speed_limit"": 60}"
2025-10-22 15:11:14,control_received,"{""action"": ""normal"", ""speed_limit"": 60}"
2025-10-22 15:11:19,control_received,"{""action"": ""priority_mode"", ""signal"": ""green"", ""speed_limit"": 30}"
2025-10-22 15:11:24,control_received,"{""action"": ""normal"", ""speed_limit"": 60}"
2025-10-22 15:11:29,control_received,"{""action"": ""priority_mode"", ""signal"": ""green"", ""speed_limit"": 30}"
2025-10-22 15:11:34,control_received,"{""action"": ""normal"", ""speed_limit"": 60}"
2025-10-22 15:11:34,control_received,"{""action"": ""normal"", ""speed_limit"": 60}"
2025-10-22 15:11:39,control_received,"{""action"": ""normal"", ""speed_limit"": 60}"
2025-10-22 15:11:44,control_received,"{""action"": ""priority_mode"", ""signal"": ""green"", ""speed_limit"": 30}"
2025-10-22 15:11:44,control_received,"{""action"": ""priority_mode"", ""signal"": ""green"", ""speed_limit"": 30}"
2025-10-22 15:11:49,control_received,"{""action"": ""normal"", ""speed_limit"": 60}"
2025-10-22 15:11:54,control_received,"{""action"": ""normal"", ""speed_limit"": 60}"
2025-10-22 15:11:59,control_received,"{""action"": ""reduce_speed"", ""speed_limit"": 45}"
2025-10-22 15:12:04,control_received,"{""action"": ""normal"", ""speed_limit"": 60}"
2025-10-22 15:12:09,control_received,"{""action"": ""reduce_speed"", ""speed_limit"": 45}"
2025-10-22 15:12:14,control_received,"{""action"": ""reduce_speed"", ""speed_limit"": 45}"
2025-10-22 15:12:19,control_received,"{""action"": ""normal"", ""speed_limit"": 60}"
2025-10-22 15:12:24,control_received,"{""action"": ""priority_mode"", ""signal"": ""green"", ""speed_limit"": 30}"
2025-10-22 15:12:29,control_received,"{""action"": ""normal"", ""speed_limit"": 60}"
2025-10-22 15:12:34,control_received,"{""action"": ""priority_mode"", ""signal"": ""green"", ""speed_limit"": 30}"
2025-10-22 15:12:39,control_received,"{""action"": ""normal"", ""speed_limit"": 60}"
2025-10-22 15:12:39,control_received,"{""action"": ""normal"", ""speed_limit"": 60}"
2025-10-22 15:12:44,control_received,"{""action"": ""priority_mode"", ""signal"": ""green"", ""speed_limit"": 30}"
2025-10-22 15:12:49,control_received,"{""action"": ""normal"", ""speed_limit"": 60}"
2025-10-22 15:12:54,control_received,"{""action"": ""normal"", ""speed_limit"": 60}"
2025-10-22 15:12:59,control_received,"{""action"": ""priority_mode"", ""signal"": ""green"", ""speed_limit"": 30}"
2025-10-22 15:13:04,control_received,"{""action"": ""normal"", ""speed_limit"": 60}"
2025-10-22 15:13:09,control_received,"{""action"": ""normal"", ""speed_limit"": 60}"
2025-10-22 15:13:09,control_received,"{""action"": ""normal"", ""speed_limit"": 60}"
2025-10-22 15:13:14,control_received,"{""action"": ""reduce_speed"", ""speed_limit"": 45}"
2025-10-22 15:13:19,control_received,"{""action"": ""normal"", ""speed_limit"": 60}"
2025-10-22 15:13:24,control_received,"{""action"": ""priority_mode"", ""signal"": ""green"", ""speed_limit"": 30}"
2025-10-22 15:13:29,control_received,"{""action"": ""reduce_speed"", ""speed_limit"": 45}"
2025-10-22 15:13:34,control_received,"{""action"": ""normal"", ""speed_limit"": 60}"
2025-10-22 15:13:39,control_received,"{""action"": ""normal"", ""speed_limit"": 60}"
2025-10-22 15:13:44,control_received,"{""action"": ""priority_mode"", ""signal"": ""green"", ""speed_limit"": 30}"
2025-10-22 15:13:49,control_received,"{""action"": ""priority_mode"", ""signal"": ""green"", ""speed_limit"": 30}"
2025-10-22 15:13:54,control_received,"{""action"": ""normal"", ""speed_limit"": 60}"
2025-10-22 15:13:59,control_received,"{""action"": ""normal"", ""speed_limit"": 60}"
2025-10-22 15:14:04,control_received,"{""action"": ""reduce_speed"", ""speed_limit"": 45}"
2025-10-22 15:14:09,control_received,"{""action"": ""normal"", ""speed_limit"": 60}"
2025-10-22 15:14:14,control_received,"{""action"": ""normal"", ""speed_limit"": 60}"
2025-10-22 15:14:19,control_received,"{""action"": ""normal"", ""speed_limit"": 60}"
2025-10-22 15:14:24,control_received,"{""action"": ""reduce_speed"", ""speed_limit"": 45}"
2025-10-22 15:14:29,control_received,"{""action"": ""normal"", ""speed_limit"": 60}"
2025-10-22 15:14:34,control_received,"{""action"": ""priority_mode"", ""signal"": ""green"", ""speed_limit"": 30}"
2025-10-22 15:14:39,control_received,"{""action"": ""priority_mode"", ""signal"": ""green"", ""speed_limit"": 30}"
2025-10-22 15:14:44,control_received,"{""action"": ""priority_mode"", ""signal"": ""green"", ""speed_limit"": 30}"
2025-10-22 15:14:49,control_received,"{""action"": ""priority_mode"", ""signal"": ""green"", ""speed_limit"": 30}"
2025-10-22 15:14:54,control_received,"{""action"": ""priority_mode"", ""signal"": ""green"", ""speed_limit"": 30}"
2025-10-22 15:14:59,control_received,"{""action"": ""normal"", ""speed_limit"": 60}"
2025-10-22 15:15:04,control_received,"{""action"": ""reduce_speed"", ""speed_limit"": 45}"
2025-10-22 15:15:09,control_received,"{""action"": ""priority_mode"", ""signal"": ""green"", ""speed_limit"": 30}"
2025-10-22 15:15:14,control_received,"{""action"": ""normal"", ""speed_limit"": 60}"
2025-10-22 15:15:19,control_received,"{""action"": ""normal"", ""speed_limit"": 60}"
2025-10-22 15:15:24,control_received,"{""action"": ""normal"", ""speed_limit"": 60}"
2025-10-22 15:15:29,control_received,"{""action"": ""normal"", ""speed_limit"": 60}"
2025-10-22 15:15:34,control_received,"{""action"": ""reduce_speed"", ""speed_limit"": 45}"
2025-10-22 15:15:39,control_received,"{""action"": ""priority_mode"", ""signal"": ""green"", ""speed_limit"": 30}"
2025-10-22 15:15:44,control_received,"{""action"": ""normal"", ""speed_limit"": 60}"
2025-10-22 15:15:49,control_received,"{""action"": ""normal"", ""speed_limit"": 60}"
2025-10-22 15:15:54,control_received,"{""action"": ""reduce_speed"", ""speed_limit"": 45}"
2025-10-22 15:15:59,control_received,"{""action"": ""normal"", ""speed_limit"": 60}"
2025-10-22 15:16:04,control_received,"{""action"": ""priority_mode"", ""signal"": ""green"", ""speed_limit"": 30}"
2025-10-22 15:16:09,control_received,"{""action"": ""priority_mode"", ""signal"": ""green"", ""speed_limit"": 30}"
2025-10-22 15:16:14,control_received,"{""action"": ""priority_mode"", ""signal"": ""green"", ""speed_limit"": 30}"
2025-10-22 15:16:19,control_received,"{""action"": ""normal"", ""speed_limit"": 60}"
2025-10-22 15:16:24,control_received,"{""action"": ""priority_mode"", ""signal"": ""green"", ""speed_limit"": 30}"
2025-10-22 15:16:29,control_received,"{""action"": ""normal"", ""speed_limit"": 60}"
2025-10-22 15:16:34,control_received,"{""action"": ""normal"", ""speed_limit"": 60}"
2025-10-22 15:16:39,control_received,"{""action"": ""priority_mode"", ""signal"": ""green"", ""speed_limit"": 30}"
2025-10-22 15:16:44,control_received,"{""action"": ""priority_mode"", ""signal"": ""green"", ""speed_limit"": 30}"
2025-10-22 15:16:49,control_received,"{""action"": ""priority_mode"", ""signal"": ""green"", ""speed_limit"": 30}"
2025-10-22 15:16:54,control_received,"{""action"": ""priority_mode"", ""signal"": ""green"", ""speed_limit"": 30}"
2025-10-22 15:16:59,control_received,"{""action"": ""reduce_speed"", ""speed_limit"": 45}"
2025-10-22 15:17:04,control_received,"{""action"": ""priority_mode"", ""signal"": ""green"", ""speed_limit"": 30}"
2025-10-22 15:17:09,control_received,"{""action"": ""priority_mode"", ""signal"": ""green"", ""speed_limit"": 30}"
2025-10-22 15:17:14,control_received,"{""action"": ""priority_mode"", ""signal"": ""green"", ""speed_limit"": 30}"
2025-10-22 15:17:19,control_received,"{""action"": ""reduce_speed"", ""speed_limit"": 45}"
2025-10-22 15:17:24,control_received,"{""action"": ""priority_mode"", ""signal"": ""green"", ""speed_limit"": 30}"
2025-10-22 15:17:29,control_received,"{""action"": ""normal"", ""speed_limit"": 60}"
2025-10-22 15:17:34,control_received,"{""action"": ""normal"", ""speed_limit"": 60}"
2025-10-22 15:17:39,control_received,"{""action"": ""normal"", ""speed_limit"": 60}"
2025-10-22 15:17:44,control_received,"{""action"": ""normal"", ""speed_limit"": 60}"
2025-10-22 15:17:49,control_received,"{""action"": ""normal"", ""speed_limit"": 60}"
2025-10-22 15:17:54,control_received,"{""action"": ""normal"", ""speed_limit"": 60}"
2025-10-22 15:17:59,control_received,"{""action"": ""normal"", ""speed_limit"": 60}"
2025-10-22 15:18:04,control_received,"{""action"": ""priority_mode"", ""signal"": ""green"", ""speed_limit"": 30}"
2025-10-22 15:18:09,control_received,"{""action"": ""reduce_speed"", ""speed_limit"": 45}"
2025-10-22 15:18:14,control_received,"{""action"": ""normal"", ""speed_limit"": 60}"
2025-10-22 15:18:19,control_received,"{""action"": ""priority_mode"", ""signal"": ""green"", ""speed_limit"": 30}"
2025-10-22 15:18:24,control_received,"{""action"": ""priority_mode"", ""signal"": ""green"", ""speed_limit"": 30}"
2025-10-22 15:18:29,control_received,"{""action"": ""normal"", ""speed_limit"": 60}"
2025-10-22 15:18:34,control_received,"{""action"": ""normal"", ""speed_limit"": 60}"
2025-10-22 15:18:39,control_received,"{""action"": ""normal"", ""speed_limit"": 60}"
2025-10-22 15:18:44,control_received,"{""action"": ""reduce_speed"", ""speed_limit"": 45}"
2025-10-22 15:18:49,control_received,"{""action"": ""priority_mode"", ""signal"": ""green"", ""speed_limit"": 30}"
2025-10-22 15:18:54,control_received,"{""action"": ""normal"", ""speed_limit"": 60}"
2025-10-22 15:18:59,control_received,"{""action"": ""normal"", ""speed_limit"": 60}"
2025-10-22 15:19:04,control_received,"{""action"": ""priority_mode"", ""signal"": ""green"", ""speed_limit"": 30}"
2025-10-22 15:19:09,control_received,"{""action"": ""priority_mode"", ""signal"": ""green"", ""speed_limit"": 30}"
2025-10-22 15:19:14,control_received,"{""action"": ""reduce_speed"", ""speed_limit"": 45}"
2025-10-22 15:19:19,control_received,"{""action"": ""normal"", ""speed_limit"": 60}"
2025-10-22 15:19:24,control_received,"{""action"": ""normal"", ""speed_limit"": 60}"
2025-10-22 15:19:29,control_received,"{""action"": ""priority_mode"", ""signal"": ""green"", ""speed_limit"": 30}"
2025-10-22 15:19:34,control_received,"{""action"": ""normal"", ""speed_limit"": 60}"
2025-10-22 15:19:39,control_received,"{""action"": ""normal"", ""speed_limit"": 60}"
2025-10-22 15:19:44,control_received,"{""action"": ""normal"", ""speed_limit"": 60}"
2025-10-22 15:19:49,control_received,"{""action"": ""priority_mode"", ""signal"": ""green"", ""speed_limit"": 30}"
2025-10-22 15:19:54,control_received,"{""action"": ""reduce_speed"", ""speed_limit"": 45}"
2025-10-22 15:19:54,control_received,"{""action"": ""reduce_speed"", ""speed_limit"": 45}"
2025-10-22 15:19:59,control_received,"{""action"": ""normal"", ""speed_limit"": 60}"
2025-10-22 15:20:04,control_received,"{""action"": ""normal"", ""speed_limit"": 60}"
2025-10-22 15:20:09,control_received,"{""action"": ""normal"", ""speed_limit"": 60}"
2025-10-22 15:20:14,control_received,"{""action"": ""priority_mode"", ""signal"": ""green"", ""speed_limit"": 30}"
2025-10-22 15:20:19,control_received,"{""action"": ""reduce_speed"", ""speed_limit"": 45}"
2025-10-22 15:20:24,control_received,"{""action"": ""priority_mode"", ""signal"": ""green"", ""speed_limit"": 30}"
2025-10-22 15:20:29,control_received,"{""action"": ""normal"", ""speed_limit"": 60}"
2025-10-22 15:20:34,control_received,"{""action"": ""normal"", ""speed_limit"": 60}"
2025-10-22 15:20:39,control_received,"{""action"": ""normal"", ""speed_limit"": 60}"
2025-10-22 15:20:44,control_received,"{""action"": ""normal"", ""speed_limit"": 60}"
2025-10-22 15:20:49,control_received,"{""action"": ""priority_mode"", ""signal"": ""green"", ""speed_limit"": 30}"
2025-10-22 15:20:54,control_received,"{""action"": ""normal"", ""speed_limit"": 60}"
2025-10-22 15:20:59,control_received,"{""action"": ""normal"", ""speed_limit"": 60}"
2025-10-22 15:21:04,control_received,"{""action"": ""normal"", ""speed_limit"": 60}"
2025-10-22 15:21:09,control_received,"{""action"": ""normal"", ""speed_limit"": 60}"
2025-10-22 15:21:14,control_received,"{""action"": ""normal"", ""speed_limit"": 60}"
2025-10-22 15:21:19,control_received,"{""action"": ""normal"", ""speed_limit"": 60}"
2025-10-22 15:21:24,control_received,"{""action"": ""priority_mode"", ""signal"": ""green"", ""speed_limit"": 30}"
2025-10-22 15:21:29,control_received,"{""action"": ""priority_mode"", ""signal"": ""green"", ""speed_limit"": 30}"
2025-10-22 15:21:34,control_received,"{""action"": ""priority_mode"", ""signal"": ""green"", ""speed_limit"": 30}"
2025-10-22 15:21:39,control_received,"{""action"": ""priority_mode"", ""signal"": ""green"", ""speed_limit"": 30}"
2025-10-22 15:21:44,control_received,"{""action"": ""priority_mode"", ""signal"": ""green"", ""speed_limit"": 30}"
2025-10-22 15:21:49,control_received,"{""action"": ""priority_mode"", ""signal"": ""green"", ""speed_limit"": 30}"
2025-10-22 15:21:54,control_received,"{""action"": ""priority_mode"", ""signal"": ""green"", ""speed_limit"": 30}"
2025-10-22 15:21:54,control_received,"{""action"": ""priority_mode"", ""signal"": ""green"", ""speed_limit"": 30}"
2025-10-22 15:21:59,control_received,"{""action"": ""normal"", ""speed_limit"": 60}"
2025-10-22 15:22:04,control_received,"{""action"": ""normal"", ""speed_limit"": 60}"
2025-10-22 15:22:09,control_received,"{""action"": ""priority_mode"", ""signal"": ""green"", ""speed_limit"": 30}"
2025-10-22 15:22:14,control_received,"{""action"": ""reduce_speed"", ""speed_limit"": 45}"
2025-10-22 15:22:19,control_received,"{""action"": ""normal"", ""speed_limit"": 60}"
2025-10-22 15:22:24,control_received,"{""action"": ""normal"", ""speed_limit"": 60}"
2025-10-22 15:22:29,control_received,"{""action"": ""normal"", ""speed_limit"": 60}"
2025-10-22 15:22:34,control_received,"{""action"": ""priority_mode"", ""signal"": ""green"", ""speed_limit"": 30}"
2025-10-22 15:22:34,control_received,"{""action"": ""priority_mode"", ""signal"": ""green"", ""speed_limit"": 30}"
2025-10-22 15:22:39,control_received,"{""action"": ""normal"", ""speed_limit"": 60}"
2025-10-22 15:22:44,control_received,"{""action"": ""normal"", ""speed_limit"": 60}"
2025-10-22 15:22:49,control_received,"{""action"": ""normal"", ""speed_limit"": 60}"
2025-10-22 15:22:54,control_received,"{""action"": ""normal"", ""speed_limit"": 60}"
2025-10-22 15:22:59,control_received,"{""action"": ""normal"", ""speed_limit"": 60}"
2025-10-22 15:23:04,control_received,"{""action"": ""normal"", ""speed_limit"": 60}"
2025-10-22 15:23:09,control_received,"{""action"": ""normal"", ""speed_limit"": 60}"
2025-10-22 15:23:14,control_received,"{""action"": ""normal"", ""speed_limit"": 60}"
2025-10-22 15:23:19,control_received,"{""action"": ""priority_mode"", ""signal"": ""green"", ""speed_limit"": 30}"
2025-10-22 15:23:24,control_received,"{""action"": ""priority_mode"", ""signal"": ""green"", ""speed_limit"": 30}"
2025-10-22 15:23:29,control_received,"{""action"": ""normal"", ""speed_limit"": 60}"
2025-10-22 15:23:34,control_received,"{""action"": ""priority_mode"", ""signal"": ""green"", ""speed_limit"": 30}"
2025-10-22 15:23:39,control_received,"{""action"": ""reduce_speed"", ""speed_limit"": 45}"
2025-10-22 15:23:44,control_received,"{""action"": ""priority_mode"", ""signal"": ""green"", ""speed_limit"": 30}"
2025-10-22 15:23:49,control_received,"{""action"": ""normal"", ""speed_limit"": 60}"
2025-10-22 15:23:54,control_received,"{""action"": ""normal"", ""speed_limit"": 60}"
2025-10-22 15:23:59,control_received,"{""action"": ""normal"", ""speed_limit"": 60}"
2025-10-22 15:24:04,control_received,"{""action"": ""priority_mode"", ""signal"": ""green"", ""speed_limit"": 30}"
2025-10-22 15:24:09,control_received,"{""action"": ""normal"", ""speed_limit"": 60}"
2025-10-22 15:24:14,control_received,"{""action"": ""normal"", ""speed_limit"": 60}"
2025-10-22 15:24:19,control_received,"{""action"": ""priority_mode"", ""signal"": ""green"", ""speed_limit"": 30}"
2025-10-22 15:24:24,control_received,"{""action"": ""normal"", ""speed_limit"": 60}"
2025-10-22 15:24:29,control_received,"{""action"": ""priority_mode"", ""signal"": ""green"", ""speed_limit"": 30}"
2025-10-22 15:24:34,control_received,"{""action"": ""priority_mode"", ""signal"": ""green"", ""speed_limit"": 30}"
2025-10-22 15:24:39,control_received,"{""action"": ""normal"", ""speed_limit"": 60}"
2025-10-22 15:24:44,control_received,"{""action"": ""normal"", ""speed_limit"": 60}"
2025-10-22 15:24:49,control_received,"{""action"": ""priority_mode"", ""signal"": ""green"", ""speed_limit"": 30}"
2025-10-22 15:24:54,control_received,"{""action"": ""normal"", ""speed_limit"": 60}"
2025-10-22 15:24:59,control_received,"{""action"": ""reduce_speed"", ""speed_limit"": 45}"
2025-10-22 15:25:04,control_received,"{""action"": ""reduce_speed"", ""speed_limit"": 45}"
2025-10-22 15:25:09,control_received,"{""action"": ""priority_mode"", ""signal"": ""green"", ""speed_limit"": 30}"
2025-10-22 15:25:14,control_received,"{""action"": ""priority_mode"", ""signal"": ""green"", ""speed_limit"": 30}"
2025-10-22 15:25:19,control_received,"{""action"": ""reduce_speed"", ""speed_limit"": 45}"
2025-10-22 15:25:24,control_received,"{""action"": ""priority_mode"", ""signal"": ""green"", ""speed_limit"": 30}"
2025-10-22 15:25:29,control_received,"{""action"": ""normal"", ""speed_limit"": 60}"
2025-10-22 15:25:34,control_received,"{""action"": ""normal"", ""speed_limit"": 60}"
2025-10-22 15:25:39,control_received,"{""action"": ""normal"", ""speed_limit"": 60}"
2025-10-22 15:25:44,control_received,"{""action"": ""priority_mode"", ""signal"": ""green"", ""speed_limit"": 30}"
2025-10-22 15:25:49,control_received,"{""action"": ""reduce_speed"", ""speed_limit"": 45}"
2025-10-22 15:25:54,control_received,"{""action"": ""reduce_speed"", ""speed_limit"": 45}"
2025-10-22 15:25:59,control_received,"{""action"": ""reduce_speed"", ""speed_limit"": 45}"
2025-10-22 15:26:04,control_received,"{""action"": ""priority_mode"", ""signal"": ""green"", ""speed_limit"": 30}"
2025-10-22 15:26:09,control_received,"{""action"": ""priority_mode"", ""signal"": ""green"", ""speed_limit"": 30}"
2025-10-22 15:26:14,control_received,"{""action"": ""reduce_speed"", ""speed_limit"": 45}"
2025-10-22 15:26:19,control_received,"{""action"": ""priority_mode"", ""signal"": ""green"", ""speed_limit"": 30}"
2025-10-22 15:26:24,control_received,"{""action"": ""priority_mode"", ""signal"": ""green"", ""speed_limit"": 30}"
2025-10-22 15:26:29,control_received,"{""action"": ""normal"", ""speed_limit"": 60}"
2025-10-22 15:26:34,control_received,"{""action"": ""priority_mode"", ""signal"": ""green"", ""speed_limit"": 30}"
2025-10-22 15:26:39,control_received,"{""action"": ""reduce_speed"", ""speed_limit"": 45}"
2025-10-22 15:26:44,control_received,"{""action"": ""reduce_speed"", ""speed_limit"": 45}"
2025-10-22 15:26:49,control_received,"{""action"": ""priority_mode"", ""signal"": ""green"", ""speed_limit"": 30}"
2025-10-22 15:26:54,control_received,"{""action"": ""priority_mode"", ""signal"": ""green"", ""speed_limit"": 30}"
2025-10-22 15:26:59,control_received,"{""action"": ""priority_mode"", ""signal"": ""green"", ""speed_limit"": 30}"
2025-10-22 15:27:04,control_received,"{""action"": ""normal"", ""speed_limit"": 60}"
2025-10-22 15:27:09,control_received,"{""action"": ""normal"", ""speed_limit"": 60}"
2025-10-22 15:27:14,control_received,"{""action"": ""normal"", ""speed_limit"": 60}"
2025-10-22 15:27:19,control_received,"{""action"": ""normal"", ""speed_limit"": 60}"
2025-10-22 15:27:24,control_received,"{""action"": ""normal"", ""speed_limit"": 60}"
2025-10-22 15:27:29,control_received,"{""action"": ""normal"", ""speed_limit"": 60}"
2025-10-22 15:27:34,control_received,"{""action"": ""priority_mode"", ""signal"": ""green"", ""speed_limit"": 30}"
2025-10-22 15:27:39,control_received,"{""action"": ""normal"", ""speed_limit"": 60}"
2025-10-22 15:27:44,control_received,"{""action"": ""normal"", ""speed_limit"": 60}"
2025-10-22 15:27:44,control_received,"{""action"": ""normal"", ""speed_limit"": 60}"
2025-10-22 15:27:49,control_received,"{""action"": ""priority_mode"", ""signal"": ""green"", ""speed_limit"": 30}"
2025-10-22 15:27:54,control_received,"{""action"": ""normal"", ""speed_limit"": 60}"
2025-10-22 15:27:59,control_received,"{""action"": ""priority_mode"", ""signal"": ""green"", ""speed_limit"": 30}"
2025-10-22 15:28:04,control_received,"{""action"": ""normal"", ""speed_limit"": 60}"
2025-10-22 15:28:09,control_received,"{""action"": ""normal"", ""speed_limit"": 60}"
2025-10-22 15:28:14,control_received,"{""action"": ""priority_mode"", ""signal"": ""green"", ""speed_limit"": 30}"
2025-10-22 15:28:19,control_received,"{""action"": ""normal"", ""speed_limit"": 60}"
2025-10-22 15:28:24,control_received,"{""action"": ""reduce_speed"", ""speed_limit"": 45}"
2025-10-22 15:28:29,control_received,"{""action"": ""normal"", ""speed_limit"": 60}"
2025-10-22 15:28:34,control_received,"{""action"": ""priority_mode"", ""signal"": ""green"", ""speed_limit"": 30}"
2025-10-22 15:28:39,control_received,"{""action"": ""normal"", ""speed_limit"": 60}"
2025-10-22 15:28:44,control_received,"{""action"": ""normal"", ""speed_limit"": 60}"
2025-10-22 15:28:49,control_received,"{""action"": ""normal"", ""speed_limit"": 60}"
2025-10-22 15:28:54,control_received,"{""action"": ""priority_mode"", ""signal"": ""green"", ""speed_limit"": 30}"
2025-10-22 15:28:59,control_received,"{""action"": ""priority_mode"", ""signal"": ""green"", ""speed_limit"": 30}"
2025-10-22 15:29:04,control_received,"{""action"": ""normal"", ""speed_limit"": 60}"
2025-10-22 15:29:09,control_received,"{""action"": ""normal"", ""speed_limit"": 60}"
2025-10-22 15:29:14,control_received,"{""action"": ""priority_mode"", ""signal"": ""green"", ""speed_limit"": 30}"
2025-10-22 15:29:19,control_received,"{""action"": ""normal"", ""speed_limit"": 60}"
2025-10-22 15:29:24,control_received,"{""action"": ""reduce_speed"", ""speed_limit"": 45}"
2025-10-22 15:29:29,control_received,"{""action"": ""reduce_speed"", ""speed_limit"": 45}"
2025-10-22 15:29:34,control_received,"{""action"": ""priority_mode"", ""signal"": ""green"", ""speed_limit"": 30}"
2025-10-22 15:29:34,control_received,"{""action"": ""priority_mode"", ""signal"": ""green"", ""speed_limit"": 30}"
2025-10-22 15:29:39,control_received,"{""action"": ""normal"", ""speed_limit"": 60}"
2025-10-22 15:29:39,control_received,"{""action"": ""normal"", ""speed_limit"": 60}"
2025-10-22 15:29:44,control_received,"{""action"": ""normal"", ""speed_limit"": 60}"
2025-10-22 15:29:49,control_received,"{""action"": ""priority_mode"", ""signal"": ""green"", ""speed_limit"": 30}"
2025-10-22 15:29:54,control_received,"{""action"": ""priority_mode"", ""signal"": ""green"", ""speed_limit"": 30}"
2025-10-22 15:29:59,control_received,"{""action"": ""priority_mode"", ""signal"": ""green"", ""speed_limit"": 30}"
2025-10-22 15:30:04,control_received,"{""action"": ""priority_mode"", ""signal"": ""green"", ""speed_limit"": 30}"
2025-10-22 15:30:09,control_received,"{""action"": ""normal"", ""speed_limit"": 60}"
2025-10-22 15:30:14,control_received,"{""action"": ""normal"", ""speed_limit"": 60}"
2025-10-22 15:30:19,control_received,"{""action"": ""normal"", ""speed_limit"": 60}"
2025-10-22 15:30:24,control_received,"{""action"": ""normal"", ""speed_limit"": 60}"
2025-10-22 15:30:29,control_received,"{""action"": ""normal"", ""speed_limit"": 60}"
2025-10-22 15:30:34,control_received,"{""action"": ""priority_mode"", ""signal"": ""green"", ""speed_limit"": 30}"
2025-10-22 15:30:39,control_received,"{""action"": ""normal"", ""speed_limit"": 60}"
2025-10-22 15:30:44,control_received,"{""action"": ""normal"", ""speed_limit"": 60}"
2025-10-22 15:30:49,control_received,"{""action"": ""reduce_speed"", ""speed_limit"": 45}"
2025-10-22 15:30:54,control_received,"{""action"": ""normal"", ""speed_limit"": 60}"
2025-10-22 15:30:59,control_received,"{""action"": ""normal"", ""speed_limit"": 60}"
2025-10-22 15:31:04,control_received,"{""action"": ""priority_mode"", ""signal"": ""green"", ""speed_limit"": 30}"
2025-10-22 15:31:09,control_received,"{""action"": ""priority_mode"", ""signal"": ""green"", ""speed_limit"": 30}"
2025-10-22 15:31:14,control_received,"{""action"": ""normal"", ""speed_limit"": 60}"
2025-10-22 15:31:19,control_received,"{""action"": ""reduce_speed"", ""speed_limit"": 45}"
2025-10-22 15:31:24,control_received,"{""action"": ""normal"", ""speed_limit"": 60}"
2025-10-22 15:31:29,control_received,"{""action"": ""normal"", ""speed_limit"": 60}"
2025-10-22 15:31:34,control_received,"{""action"": ""priority_mode"", ""signal"": ""green"", ""speed_limit"": 30}"
2025-10-22 15:31:34,control_received,"{""action"": ""priority_mode"", ""signal"": ""green"", ""speed_limit"": 30}"
2025-10-22 15:31:39,control_received,"{""action"": ""priority_mode"", ""signal"": ""green"", ""speed_limit"": 30}"
2025-10-22 15:31:44,control_received,"{""action"": ""reduce_speed"", ""speed_limit"": 45}"
2025-10-22 15:31:49,control_received,"{""action"": ""normal"", ""speed_limit"": 60}"
2025-10-22 15:31:54,control_received,"{""action"": ""priority_mode"", ""signal"": ""green"", ""speed_limit"": 30}"
2025-10-22 15:31:59,control_received,"{""action"": ""normal"", ""speed_limit"": 60}"
2025-10-22 15:32:04,control_received,"{""action"": ""reduce_speed"", ""speed_limit"": 45}"
2025-10-22 15:32:09,control_received,"{""action"": ""normal"", ""speed_limit"": 60}"
2025-10-22 15:32:14,control_received,"{""action"": ""normal"", ""speed_limit"": 60}"
2025-10-22 15:32:19,control_received,"{""action"": ""normal"", ""speed_limit"": 60}"
2025-10-22 15:32:24,control_received,"{""action"": ""priority_mode"", ""signal"": ""green"", ""speed_limit"": 30}"
2025-10-22 15:32:29,control_received,"{""action"": ""normal"", ""speed_limit"": 60}"
2025-10-22 15:32:34,control_received,"{""action"": ""normal"", ""speed_limit"": 60}"
2025-10-22 15:32:39,control_received,"{""action"": ""priority_mode"", ""signal"": ""green"", ""speed_limit"": 30}"
2025-10-22 15:32:44,control_received,"{""action"": ""normal"", ""speed_limit"": 60}"
2025-10-22 15:32:49,control_received,"{""action"": ""normal"", ""speed_limit"": 60}"
2025-10-22 15:32:54,control_received,"{""action"": ""normal"", ""speed_limit"": 60}"
2025-10-22 15:32:59,control_received,"{""action"": ""normal"", ""speed_limit"": 60}"
2025-10-22 15:33:04,control_received,"{""action"": ""normal"", ""speed_limit"": 60}"
2025-10-22 15:33:09,control_received,"{""action"": ""priority_mode"", ""signal"": ""green"", ""speed_limit"": 30}"
2025-10-22 15:33:14,control_received,"{""action"": ""normal"", ""speed_limit"": 60}"
2025-10-22 15:33:19,control_received,"{""action"": ""normal"", ""speed_limit"": 60}"
2025-10-22 15:33:24,control_received,"{""action"": ""reduce_speed"", ""speed_limit"": 45}"
2025-10-22 15:33:29,control_received,"{""action"": ""normal"", ""speed_limit"": 60}"
2025-10-22 15:33:34,control_received,"{""action"": ""priority_mode"", ""signal"": ""green"", ""speed_limit"": 30}"
2025-10-22 15:33:39,control_received,"{""action"": ""normal"", ""speed_limit"": 60}"
2025-10-22 15:33:44,control_received,"{""action"": ""normal"", ""speed_limit"": 60}"
2025-10-22 15:33:49,control_received,"{""action"": ""normal"", ""speed_limit"": 60}"
2025-10-22 15:33:54,control_received,"{""action"": ""normal"", ""speed_limit"": 60}"
2025-10-22 15:33:59,control_received,"{""action"": ""priority_mode"", ""signal"": ""green"", ""speed_limit"": 30}"
2025-10-22 15:34:04,control_received,"{""action"": ""normal"", ""speed_limit"": 60}"
2025-10-22 15:34:09,control_received,"{""action"": ""normal"", ""speed_limit"": 60}"
2025-10-22 15:34:14,control_received,"{""action"": ""reduce_speed"", ""speed_limit"": 45}"
2025-10-22 15:34:19,control_received,"{""action"": ""normal"", ""speed_limit"": 60}"
2025-10-22 15:34:24,control_received,"{""action"": ""normal"", ""speed_limit"": 60}"
2025-10-22 15:34:29,control_received,"{""action"": ""normal"", ""speed_limit"": 60}"
2025-10-22 15:34:29,control_received,"{""action"": ""normal"", ""speed_limit"": 60}"
2025-10-22 15:34:34,control_received,"{""action"": ""priority_mode"", ""signal"": ""green"", ""speed_limit"": 30}"
2025-10-22 15:34:34,control_received,"{""action"": ""priority_mode"", ""signal"": ""green"", ""speed_limit"": 30}"
2025-10-22 15:34:39,control_received,"{""action"": ""priority_mode"", ""signal"": ""green"", ""speed_limit"": 30}"
2025-10-22 15:34:44,control_received,"{""action"": ""priority_mode"", ""signal"": ""green"", ""speed_limit"": 30}"
2025-10-22 15:34:49,control_received,"{""action"": ""priority_mode"", ""signal"": ""green"", ""speed_limit"": 30}"
2025-10-22 15:34:54,control_received,"{""action"": ""priority_mode"", ""signal"": ""green"", ""speed_limit"": 30}"
2025-10-22 15:34:59,control_received,"{""action"": ""normal"", ""speed_limit"": 60}"
2025-10-22 15:35:04,control_received,"{""action"": ""normal"", ""speed_limit"": 60}"
2025-10-22 15:35:09,control_received,"{""action"": ""normal"", ""speed_limit"": 60}"
2025-10-22 15:35:14,control_received,"{""action"": ""priority_mode"", ""signal"": ""green"", ""speed_limit"": 30}"
2025-10-22 15:35:19,control_received,"{""action"": ""normal"", ""speed_limit"": 60}"
2025-10-22 15:35:24,control_received,"{""action"": ""priority_mode"", ""signal"": ""green"", ""speed_limit"": 30}"
2025-10-22 15:35:29,control_received,"{""action"": ""priority_mode"", ""signal"": ""green"", ""speed_limit"": 30}"
2025-10-22 15:35:34,control_received,"{""action"": ""normal"", ""speed_limit"": 60}"
2025-10-22 15:35:39,control_received,"{""action"": ""priority_mode"", ""signal"": ""green"", ""speed_limit"": 30}"
2025-10-22 15:35:44,control_received,"{""action"": ""reduce_speed"", ""speed_limit"": 45}"
2025-10-22 15:35:49,control_received,"{""action"": ""normal"", ""speed_limit"": 60}"
2025-10-22 15:35:54,control_received,"{""action"": ""priority_mode"", ""signal"": ""green"", ""speed_limit"": 30}"
2025-10-22 15:35:59,control_received,"{""action"": ""priority_mode"", ""signal"": ""green"", ""speed_limit"": 30}"
2025-10-22 15:36:04,control_received,"{""action"": ""normal"", ""speed_limit"": 60}"
2025-10-22 15:36:09,control_received,"{""action"": ""normal"", ""speed_limit"": 60}"
2025-10-22 15:36:14,control_received,"{""action"": ""normal"", ""speed_limit"": 60}"
2025-10-22 15:36:19,control_received,"{""action"": ""normal"", ""speed_limit"": 60}"
2025-10-22 15:36:24,control_received,"{""action"": ""normal"", ""speed_limit"": 60}"
2025-10-22 15:36:29,control_received,"{""action"": ""priority_mode"", ""signal"": ""green"", ""speed_limit"": 30}"
2025-10-22 15:36:34,control_received,"{""action"": ""normal"", ""speed_limit"": 60}"
2025-10-22 15:36:39,control_received,"{""action"": ""reduce_speed"", ""speed_limit"": 45}"
2025-10-22 15:36:44,control_received,"{""action"": ""normal"", ""speed_limit"": 60}"
2025-10-22 15:36:49,control_received,"{""action"": ""normal"", ""speed_limit"": 60}"
2025-10-22 15:36:54,control_received,"{""action"": ""priority_mode"", ""signal"": ""green"", ""speed_limit"": 30}"
2025-10-22 15:36:59,control_received,"{""action"": ""normal"", ""speed_limit"": 60}"
2025-10-22 15:37:04,control_received,"{""action"": ""normal"", ""speed_limit"": 60}"
2025-10-22 15:37:09,control_received,"{""action"": ""normal"", ""speed_limit"": 60}"
2025-10-22 15:37:14,control_received,"{""action"": ""priority_mode"", ""signal"": ""green"", ""speed_limit"": 30}"
2025-10-22 15:37:19,control_received,"{""action"": ""normal"", ""speed_limit"": 60}"
2025-10-22 15:37:24,control_received,"{""action"": ""normal"", ""speed_limit"": 60}"
2025-10-22 15:37:29,control_received,"{""action"": ""priority_mode"", ""signal"": ""green"", ""speed_limit"": 30}"
2025-10-22 15:37:34,control_received,"{""action"": ""normal"", ""speed_limit"": 60}"
2025-10-22 15:37:39,control_received,"{""action"": ""normal"", ""speed_limit"": 60}"
2025-10-22 15:37:44,control_received,"{""action"": ""normal"", ""speed_limit"": 60}"
2025-10-22 15:37:49,control_received,"{""action"": ""normal"", ""speed_limit"": 60}"
2025-10-22 15:37:54,control_received,"{""action"": ""normal"", ""speed_limit"": 60}"
2025-10-22 15:37:59,control_received,"{""action"": ""normal"", ""speed_limit"": 60}"
2025-10-22 15:38:04,control_received,"{""action"": ""normal"", ""speed_limit"": 60}"
2025-10-22 15:38:09,control_received,"{""action"": ""priority_mode"", ""signal"": ""green"", ""speed_limit"": 30}"
2025-10-22 15:38:14,control_received,"{""action"": ""normal"", ""speed_limit"": 60}"
2025-10-22 15:38:19,control_received,"{""action"": ""priority_mode"", ""signal"": ""green"", ""speed_limit"": 30}"
2025-10-22 15:38:24,control_received,"{""action"": ""normal"", ""speed_limit"": 60}"
2025-10-22 15:38:29,control_received,"{""action"": ""normal"", ""speed_limit"": 60}"
2025-10-22 15:38:34,control_received,"{""action"": ""reduce_speed"", ""speed_limit"": 45}"
2025-10-22 15:38:34,control_received,"{""action"": ""reduce_speed"", ""speed_limit"": 45}"
2025-10-22 15:38:39,control_received,"{""action"": ""normal"", ""speed_limit"": 60}"
2025-10-22 15:38:44,control_received,"{""action"": ""priority_mode"", ""signal"": ""green"", ""speed_limit"": 30}"
2025-10-22 15:38:49,control_received,"{""action"": ""priority_mode"", ""signal"": ""green"", ""speed_limit"": 30}"
2025-10-22 15:38:54,control_received,"{""action"": ""normal"", ""speed_limit"": 60}"
2025-10-22 15:38:59,control_received,"{""action"": ""normal"", ""speed_limit"": 60}"
2025-10-22 15:39:04,control_received,"{""action"": ""normal"", ""speed_limit"": 60}"
2025-10-22 15:39:09,control_received,"{""action"": ""normal"", ""speed_limit"": 60}"
2025-10-22 15:39:14,control_received,"{""action"": ""priority_mode"", ""signal"": ""green"", ""speed_limit"": 30}"
2025-10-22 15:39:19,control_received,"{""action"": ""normal"", ""speed_limit"": 60}"
2025-10-22 15:39:24,control_received,"{""action"": ""normal"", ""speed_limit"": 60}"
2025-10-22 15:39:29,control_received,"{""action"": ""normal"", ""speed_limit"": 60}"
2025-10-22 15:39:34,control_received,"{""action"": ""normal"", ""speed_limit"": 60}"
2025-10-22 15:39:39,control_received,"{""action"": ""priority_mode"", ""signal"": ""green"", ""speed_limit"": 30}"
2025-10-22 15:39:44,control_received,"{""action"": ""priority_mode"", ""signal"": ""green"", ""speed_limit"": 30}"
2025-10-22 15:39:49,control_received,"{""action"": ""priority_mode"", ""signal"": ""green"", ""speed_limit"": 30}"
2025-10-22 15:39:54,control_received,"{""action"": ""reduce_speed"", ""speed_limit"": 45}"
2025-10-22 15:39:59,control_received,"{""action"": ""normal"", ""speed_limit"": 60}"
2025-10-22 15:40:04,control_received,"{""action"": ""normal"", ""speed_limit"": 60}"
2025-10-22 15:40:09,control_received,"{""action"": ""reduce_speed"", ""speed_limit"": 45}"
2025-10-22 15:40:14,control_received,"{""action"": ""normal"", ""speed_limit"": 60}"
2025-10-22 15:40:19,control_received,"{""action"": ""priority_mode"", ""signal"": ""green"", ""speed_limit"": 30}"
2025-10-22 15:40:24,control_received,"{""action"": ""priority_mode"", ""signal"": ""green"", ""speed_limit"": 30}"
2025-10-22 15:40:29,control_received,"{""action"": ""priority_mode"", ""signal"": ""green"", ""speed_limit"": 30}"
2025-10-22 15:40:34,control_received,"{""action"": ""normal"", ""speed_limit"": 60}"
2025-10-22 15:40:39,control_received,"{""action"": ""normal"", ""speed_limit"": 60}"
2025-10-22 15:40:44,control_received,"{""action"": ""normal"", ""speed_limit"": 60}"
2025-10-22 15:40:49,control_received,"{""action"": ""priority_mode"", ""signal"": ""green"", ""speed_limit"": 30}"
2025-10-22 15:40:54,control_received,"{""action"": ""priority_mode"", ""signal"": ""green"", ""speed_limit"": 30}"
2025-10-22 15:40:59,control_received,"{""action"": ""normal"", ""speed_limit"": 60}"
2025-10-22 15:41:04,control_received,"{""action"": ""reduce_speed"", ""speed_limit"": 45}"
2025-10-22 15:41:09,control_received,"{""action"": ""reduce_speed"", ""speed_limit"": 45}"
2025-10-22 15:41:14,control_received,"{""action"": ""normal"", ""speed_limit"": 60}"
2025-10-22 15:41:19,control_received,"{""action"": ""priority_mode"", ""signal"": ""green"", ""speed_limit"": 30}"
2025-10-22 15:41:24,control_received,"{""action"": ""reduce_speed"", ""speed_limit"": 45}"
2025-10-22 15:41:29,control_received,"{""action"": ""priority_mode"", ""signal"": ""green"", ""speed_limit"": 30}"
2025-10-22 15:41:34,control_received,"{""action"": ""normal"", ""speed_limit"": 60}"
2025-10-22 15:41:39,control_received,"{""action"": ""normal"", ""speed_limit"": 60}"
2025-10-22 15:41:39,control_received,"{""action"": ""normal"", ""speed_limit"": 60}"
2025-10-22 15:41:44,control_received,"{""action"": ""normal"", ""speed_limit"": 60}"
2025-10-22 15:41:49,control_received,"{""action"": ""normal"", ""speed_limit"": 60}"
2025-10-22 15:41:54,control_received,"{""action"": ""normal"", ""speed_limit"": 60}"
2025-10-22 15:41:59,control_received,"{""action"": ""normal"", ""speed_limit"": 60}"
2025-10-22 15:42:04,control_received,"{""action"": ""normal"", ""speed_limit"": 60}"
2025-10-22 15:42:09,control_received,"{""action"": ""reduce_speed"", ""speed_limit"": 45}"
2025-10-22 15:42:14,control_received,"{""action"": ""reduce_speed"", ""speed_limit"": 45}"
2025-10-22 15:42:19,control_received,"{""action"": ""priority_mode"", ""signal"": ""green"", ""speed_limit"": 30}"
2025-10-22 15:42:24,control_received,"{""action"": ""normal"", ""speed_limit"": 60}"
2025-10-22 15:42:29,control_received,"{""action"": ""priority_mode"", ""signal"": ""green"", ""speed_limit"": 30}"
2025-10-22 15:42:34,control_received,"{""action"": ""priority_mode"", ""signal"": ""green"", ""speed_limit"": 30}"
2025-10-22 15:42:39,control_received,"{""action"": ""normal"", ""speed_limit"": 60}"
2025-10-22 15:42:44,control_received,"{""action"": ""normal"", ""speed_limit"": 60}"
2025-10-22 15:42:49,control_received,"{""action"": ""normal"", ""speed_limit"": 60}"
2025-10-22 15:42:54,control_received,"{""action"": ""priority_mode"", ""signal"": ""green"", ""speed_limit"": 30}"
2025-10-22 15:42:59,control_received,"{""action"": ""normal"", ""speed_limit"": 60}"
2025-10-22 15:43:04,control_received,"{""action"": ""normal"", ""speed_limit"": 60}"
2025-10-22 15:43:09,control_received,"{""action"": ""normal"", ""speed_limit"": 60}"
2025-10-22 15:43:14,control_received,"{""action"": ""reduce_speed"", ""speed_limit"": 45}"
2025-10-22 15:43:19,control_received,"{""action"": ""priority_mode"", ""signal"": ""green"", ""speed_limit"": 30}"
2025-10-22 15:43:24,control_received,"{""action"": ""normal"", ""speed_limit"": 60}"
2025-10-22 15:43:29,control_received,"{""action"": ""normal"", ""speed_limit"": 60}"
2025-10-22 15:43:29,control_received,"{""action"": ""normal"", ""speed_limit"": 60}"
2025-10-22 15:43:34,control_received,"{""action"": ""normal"", ""speed_limit"": 60}"
2025-10-22 15:43:39,control_received,"{""action"": ""normal"", ""speed_limit"": 60}"
2025-10-22 15:43:44,control_received,"{""action"": ""normal"", ""speed_limit"": 60}"
2025-10-22 15:43:49,control_received,"{""action"": ""priority_mode"", ""signal"": ""green"", ""speed_limit"": 30}"
2025-10-22 15:43:54,control_received,"{""action"": ""normal"", ""speed_limit"": 60}"
2025-10-22 15:43:59,control_received,"{""action"": ""priority_mode"", ""signal"": ""green"", ""speed_limit"": 30}"
2025-10-22 15:44:04,control_received,"{""action"": ""normal"", ""speed_limit"": 60}"
2025-10-22 15:44:09,control_received,"{""action"": ""normal"", ""speed_limit"": 60}"
2025-10-22 15:44:14,control_received,"{""action"": ""normal"", ""speed_limit"": 60}"
2025-10-22 15:44:19,control_received,"{""action"": ""reduce_speed"", ""speed_limit"": 45}"
2025-10-22 15:44:24,control_received,"{""action"": ""reduce_speed"", ""speed_limit"": 45}"
2025-10-22 15:44:29,control_received,"{""action"": ""priority_mode"", ""signal"": ""green"", ""speed_limit"": 30}"
2025-10-22 15:44:29,control_received,"{""action"": ""priority_mode"", ""signal"": ""green"", ""speed_limit"": 30}"
2025-10-22 15:44:34,control_received,"{""action"": ""normal"", ""speed_limit"": 60}"
2025-10-22 15:44:39,control_received,"{""action"": ""normal"", ""speed_limit"": 60}"
2025-10-22 15:44:44,control_received,"{""action"": ""normal"", ""speed_limit"": 60}"
2025-10-22 15:44:49,control_received,"{""action"": ""priority_mode"", ""signal"": ""green"", ""speed_limit"": 30}"
2025-10-22 15:44:54,control_received,"{""action"": ""normal"", ""speed_limit"": 60}"
2025-10-22 15:44:59,control_received,"{""action"": ""normal"", ""speed_limit"": 60}"
2025-10-22 15:45:04,control_received,"{""action"": ""normal"", ""speed_limit"": 60}"
2025-10-22 15:45:09,control_received,"{""action"": ""normal"", ""speed_limit"": 60}"
2025-10-22 15:45:14,control_received,"{""action"": ""priority_mode"", ""signal"": ""green"", ""speed_limit"": 30}"
2025-10-22 15:45:19,control_received,"{""action"": ""normal"", ""speed_limit"": 60}"
2025-10-22 15:45:24,control_received,"{""action"": ""priority_mode"", ""signal"": ""green"", ""speed_limit"": 30}"
2025-10-22 15:45:29,control_received,"{""action"": ""normal"", ""speed_limit"": 60}"
2025-10-22 15:45:34,control_received,"{""action"": ""normal"", ""speed_limit"": 60}"
2025-10-22 15:45:39,control_received,"{""action"": ""priority_mode"", ""signal"": ""green"", ""speed_limit"": 30}"
2025-10-22 15:45:39,control_received,"{""action"": ""priority_mode"", ""signal"": ""green"", ""speed_limit"": 30}"
2025-10-22 15:45:44,control_received,"{""action"": ""normal"", ""speed_limit"": 60}"
2025-10-22 15:45:49,control_received,"{""action"": ""reduce_speed"", ""speed_limit"": 45}"
2025-10-22 15:45:49,control_received,"{""action"": ""reduce_speed"", ""speed_limit"": 45}"
2025-10-22 15:45:54,control_received,"{""action"": ""priority_mode"", ""signal"": ""green"", ""speed_limit"": 30}"
2025-10-22 15:45:59,control_received,"{""action"": ""normal"", ""speed_limit"": 60}"
2025-10-22 15:46:04,control_received,"{""action"": ""normal"", ""speed_limit"": 60}"
2025-10-22 15:46:09,control_received,"{""action"": ""normal"", ""speed_limit"": 60}"
2025-10-22 15:46:14,control_received,"{""action"": ""priority_mode"", ""signal"": ""green"", ""speed_limit"": 30}"
2025-10-22 15:46:19,control_received,"{""action"": ""normal"", ""speed_limit"": 60}"
2025-10-22 15:46:24,control_received,"{""action"": ""normal"", ""speed_limit"": 60}"
2025-10-22 15:46:29,control_received,"{""action"": ""normal"", ""speed_limit"": 60}"
2025-10-22 15:46:34,control_received,"{""action"": ""priority_mode"", ""signal"": ""green"", ""speed_limit"": 30}"
2025-10-22 15:46:39,control_received,"{""action"": ""normal"", ""speed_limit"": 60}"
2025-10-22 15:46:44,control_received,"{""action"": ""normal"", ""speed_limit"": 60}"
2025-10-22 15:46:49,control_received,"{""action"": ""normal"", ""speed_limit"": 60}"
2025-10-22 15:46:54,control_received,"{""action"": ""priority_mode"", ""signal"": ""green"", ""speed_limit"": 30}"
2025-10-22 15:46:59,control_received,"{""action"": ""normal"", ""speed_limit"": 60}"
2025-10-22 15:47:04,control_received,"{""action"": ""normal"", ""speed_limit"": 60}"
2025-10-22 15:47:09,control_received,"{""action"": ""priority_mode"", ""signal"": ""green"", ""speed_limit"": 30}"
2025-10-22 15:47:14,control_received,"{""action"": ""priority_mode"", ""signal"": ""green"", ""speed_limit"": 30}"
2025-10-22 15:47:19,control_received,"{""action"": ""priority_mode"", ""signal"": ""green"", ""speed_limit"": 30}"
2025-10-22 15:47:24,control_received,"{""action"": ""priority_mode"", ""signal"": ""green"", ""speed_limit"": 30}"
2025-10-22 15:47:29,control_received,"{""action"": ""normal"", ""speed_limit"": 60}"
2025-10-22 15:47:34,control_received,"{""action"": ""normal"", ""speed_limit"": 60}"
2025-10-22 15:47:39,control_received,"{""action"": ""priority_mode"", ""signal"": ""green"", ""speed_limit"": 30}"
2025-10-22 15:47:44,control_received,"{""action"": ""priority_mode"", ""signal"": ""green"", ""speed_limit"": 30}"
2025-10-22 15:47:49,control_received,"{""action"": ""reduce_speed"", ""speed_limit"": 45}"
2025-10-22 15:47:54,control_received,"{""action"": ""normal"", ""speed_limit"": 60}"
2025-10-22 15:47:59,control_received,"{""action"": ""priority_mode"", ""signal"": ""green"", ""speed_limit"": 30}"
2025-10-22 15:48:04,control_received,"{""action"": ""reduce_speed"", ""speed_limit"": 45}"
2025-10-22 15:48:09,control_received,"{""action"": ""normal"", ""speed_limit"": 60}"
2025-10-22 15:48:14,control_received,"{""action"": ""priority_mode"", ""signal"": ""green"", ""speed_limit"": 30}"
2025-10-22 15:48:19,control_received,"{""action"": ""priority_mode"", ""signal"": ""green"", ""speed_limit"": 30}"
2025-10-22 15:48:24,control_received,"{""action"": ""normal"", ""speed_limit"": 60}"
2025-10-22 15:48:29,control_received,"{""action"": ""reduce_speed"", ""speed_limit"": 45}"
2025-10-22 15:48:34,control_received,"{""action"": ""priority_mode"", ""signal"": ""green"", ""speed_limit"": 30}"
2025-10-22 15:48:39,control_received,"{""action"": ""priority_mode"", ""signal"": ""green"", ""speed_limit"": 30}"
2025-10-22 15:48:44,control_received,"{""action"": ""normal"", ""speed_limit"": 60}"
2025-10-22 15:48:49,control_received,"{""action"": ""priority_mode"", ""signal"": ""green"", ""speed_limit"": 30}"
2025-10-22 15:48:54,control_received,"{""action"": ""normal"", ""speed_limit"": 60}"
2025-10-22 15:48:59,control_received,"{""action"": ""priority_mode"", ""signal"": ""green"", ""speed_limit"": 30}"
2025-10-22 15:49:04,control_received,"{""action"": ""normal"", ""speed_limit"": 60}"
2025-10-22 15:49:09,control_received,"{""action"": ""normal"", ""speed_limit"": 60}"
2025-10-22 15:49:14,control_received,"{""action"": ""priority_mode"", ""signal"": ""green"", ""speed_limit"": 30}"
2025-10-22 15:49:19,control_received,"{""action"": ""priority_mode"", ""signal"": ""green"", ""speed_limit"": 30}"
2025-10-22 15:49:24,control_received,"{""action"": ""priority_mode"", ""signal"": ""green"", ""speed_limit"": 30}"
2025-10-22 15:49:24,control_received,"{""action"": ""priority_mode"", ""signal"": ""green"", ""speed_limit"": 30}"
2025-10-22 15:49:29,control_received,"{""action"": ""normal"", ""speed_limit"": 60}"
2025-10-22 15:49:34,control_received,"{""action"": ""normal"", ""speed_limit"": 60}"
2025-10-22 15:49:39,control_received,"{""action"": ""normal"", ""speed_limit"": 60}"
2025-10-22 15:49:44,control_received,"{""action"": ""normal"", ""speed_limit"": 60}"
2025-10-22 15:49:49,control_received,"{""action"": ""normal"", ""speed_limit"": 60}"
2025-10-22 15:49:54,control_received,"{""action"": ""reduce_speed"", ""speed_limit"": 45}"
2025-10-22 15:49:59,control_received,"{""action"": ""priority_mode"", ""signal"": ""green"", ""speed_limit"": 30}"
2025-10-22 15:50:04,control_received,"{""action"": ""normal"", ""speed_limit"": 60}"
2025-10-22 15:50:09,control_received,"{""action"": ""priority_mode"", ""signal"": ""green"", ""speed_limit"": 30}"
2025-10-22 15:50:14,control_received,"{""action"": ""normal"", ""speed_limit"": 60}"
2025-10-22 15:50:19,control_received,"{""action"": ""priority_mode"", ""signal"": ""green"", ""speed_limit"": 30}"
2025-10-22 15:50:24,control_received,"{""action"": ""reduce_speed"", ""speed_limit"": 45}"
2025-10-22 15:50:29,control_received,"{""action"": ""normal"", ""speed_limit"": 60}"
2025-10-22 15:50:34,control_received,"{""action"": ""normal"", ""speed_limit"": 60}"
2025-10-22 15:50:39,control_received,"{""action"": ""normal"", ""speed_limit"": 60}"
2025-10-22 15:50:44,control_received,"{""action"": ""priority_mode"", ""signal"": ""green"", ""speed_limit"": 30}"
2025-10-22 15:50:49,control_received,"{""action"": ""normal"", ""speed_limit"": 60}"
2025-10-22 15:50:54,control_received,"{""action"": ""normal"", ""speed_limit"": 60}"
2025-10-22 15:50:59,control_received,"{""action"": ""reduce_speed"", ""speed_limit"": 45}"
2025-10-22 15:51:04,control_received,"{""action"": ""priority_mode"", ""signal"": ""green"", ""speed_limit"": 30}"
2025-10-22 15:51:09,control_received,"{""action"": ""normal"", ""speed_limit"": 60}"
2025-10-22 15:51:14,control_received,"{""action"": ""normal"", ""speed_limit"": 60}"
2025-10-22 15:51:19,control_received,"{""action"": ""priority_mode"", ""signal"": ""green"", ""speed_limit"": 30}"
2025-10-22 15:51:24,control_received,"{""action"": ""normal"", ""speed_limit"": 60}"
2025-10-22 15:51:29,control_received,"{""action"": ""normal"", ""speed_limit"": 60}"
2025-10-22 15:51:34,control_received,"{""action"": ""priority_mode"", ""signal"": ""green"", ""speed_limit"": 30}"
2025-10-22 15:51:39,control_received,"{""action"": ""priority_mode"", ""signal"": ""green"", ""speed_limit"": 30}"
2025-10-22 15:51:39,control_received,"{""action"": ""priority_mode"", ""signal"": ""green"", ""speed_limit"": 30}"
2025-10-22 15:51:44,control_received,"{""action"": ""priority_mode"", ""signal"": ""green"", ""speed_limit"": 30}"
2025-10-22 15:51:49,control_received,"{""action"": ""priority_mode"", ""signal"": ""green"", ""speed_limit"": 30}"
2025-10-22 15:51:54,control_received,"{""action"": ""priority_mode"", ""signal"": ""green"", ""speed_limit"": 30}"
2025-10-22 15:51:59,control_received,"{""action"": ""normal"", ""speed_limit"": 60}"
2025-10-22 15:52:04,control_received,"{""action"": ""normal"", ""speed_limit"": 60}"
2025-10-22 15:52:09,control_received,"{""action"": ""priority_mode"", ""signal"": ""green"", ""speed_limit"": 30}"
2025-10-22 15:52:14,control_received,"{""action"": ""priority_mode"", ""signal"": ""green"", ""speed_limit"": 30}"
2025-10-22 15:52:19,control_received,"{""action"": ""normal"", ""speed_limit"": 60}"
2025-10-22 15:52:24,control_received,"{""action"": ""normal"", ""speed_limit"": 60}"
2025-10-22 15:52:29,control_received,"{""action"": ""priority_mode"", ""signal"": ""green"", ""speed_limit"": 30}"
2025-10-22 15:52:34,control_received,"{""action"": ""normal"", ""speed_limit"": 60}"
2025-10-22 15:52:39,control_received,"{""action"": ""priority_mode"", ""signal"": ""green"", ""speed_limit"": 30}"
2025-10-22 15:52:44,control_received,"{""action"": ""priority_mode"", ""signal"": ""green"", ""speed_limit"": 30}"
2025-10-22 15:52:49,control_received,"{""action"": ""normal"", ""speed_limit"": 60}"
2025-10-22 15:52:54,control_received,"{""action"": ""normal"", ""speed_limit"": 60}"
2025-10-22 15:52:59,control_received,"{""action"": ""normal"", ""speed_limit"": 60}"
2025-10-22 15:53:04,control_received,"{""action"": ""normal"", ""speed_limit"": 60}"
2025-10-22 15:53:09,control_received,"{""action"": ""priority_mode"", ""signal"": ""green"", ""speed_limit"": 30}"
2025-10-22 15:53:14,control_received,"{""action"": ""normal"", ""speed_limit"": 60}"
2025-10-22 15:53:19,control_received,"{""action"": ""normal"", ""speed_limit"": 60}"
2025-10-22 15:53:24,control_received,"{""action"": ""normal"", ""speed_limit"": 60}"
2025-10-22 15:53:29,control_received,"{""action"": ""normal"", ""speed_limit"": 60}"
2025-10-22 15:53:34,control_received,"{""action"": ""priority_mode"", ""signal"": ""green"", ""speed_limit"": 30}"
2025-10-22 15:53:39,control_received,"{""action"": ""priority_mode"", ""signal"": ""green"", ""speed_limit"": 30}"
2025-10-22 15:53:44,control_received,"{""action"": ""normal"", ""speed_limit"": 60}"
2025-10-22 15:53:49,control_received,"{""action"": ""priority_mode"", ""signal"": ""green"", ""speed_limit"": 30}"
2025-10-22 15:53:54,control_received,"{""action"": ""normal"", ""speed_limit"": 60}"
2025-10-22 15:53:59,control_received,"{""action"": ""reduce_speed"", ""speed_limit"": 45}"
2025-10-22 15:54:04,control_received,"{""action"": ""normal"", ""speed_limit"": 60}"
2025-10-22 15:54:09,control_received,"{""action"": ""priority_mode"", ""signal"": ""green"", ""speed_limit"": 30}"
2025-10-22 15:54:14,control_received,"{""action"": ""normal"", ""speed_limit"": 60}"
2025-10-22 15:54:19,control_received,"{""action"": ""normal"", ""speed_limit"": 60}"
2025-10-22 15:54:24,control_received,"{""action"": ""normal"", ""speed_limit"": 60}"
2025-10-22 15:54:29,control_received,"{""action"": ""reduce_speed"", ""speed_limit"": 45}"
2025-10-22 15:54:34,control_received,"{""action"": ""reduce_speed"", ""speed_limit"": 45}"
2025-10-22 15:54:39,control_received,"{""action"": ""normal"", ""speed_limit"": 60}"
2025-10-22 15:54:44,control_received,"{""action"": ""priority_mode"", ""signal"": ""green"", ""speed_limit"": 30}"
2025-10-22 15:54:49,control_received,"{""action"": ""priority_mode"", ""signal"": ""green"", ""speed_limit"": 30}"
2025-10-22 15:54:54,control_received,"{""action"": ""normal"", ""speed_limit"": 60}"
2025-10-22 15:54:59,control_received,"{""action"": ""normal"", ""speed_limit"": 60}"
2025-10-22 15:55:04,control_received,"{""action"": ""normal"", ""speed_limit"": 60}"
2025-10-22 15:55:09,control_received,"{""action"": ""priority_mode"", ""signal"": ""green"", ""speed_limit"": 30}"
2025-10-22 15:55:14,control_received,"{""action"": ""priority_mode"", ""signal"": ""green"", ""speed_limit"": 30}"
2025-10-22 15:55:19,control_received,"{""action"": ""priority_mode"", ""signal"": ""green"", ""speed_limit"": 30}"
2025-10-22 15:55:24,control_received,"{""action"": ""normal"", ""speed_limit"": 60}"
2025-10-22 15:55:29,control_received,"{""action"": ""normal"", ""speed_limit"": 60}"
2025-10-22 15:55:34,control_received,"{""action"": ""priority_mode"", ""signal"": ""green"", ""speed_limit"": 30}"
2025-10-22 15:55:39,control_received,"{""action"": ""priority_mode"", ""signal"": ""green"", ""speed_limit"": 30}"
2025-10-22 15:55:44,control_received,"{""action"": ""reduce_speed"", ""speed_limit"": 45}"
2025-10-22 15:55:49,control_received,"{""action"": ""normal"", ""speed_limit"": 60}"
2025-10-22 15:55:55,control_received,"{""action"": ""normal"", ""speed_limit"": 60}"
2025-10-22 15:55:59,control_received,"{""action"": ""normal"", ""speed_limit"": 60}"
2025-10-22 15:56:04,control_received,"{""action"": ""normal"", ""speed_limit"": 60}"
2025-10-22 15:56:09,control_received,"{""action"": ""reduce_speed"", ""speed_limit"": 45}"
2025-10-22 15:56:14,control_received,"{""action"": ""normal"", ""speed_limit"": 60}"
2025-10-22 15:56:19,control_received,"{""action"": ""normal"", ""speed_limit"": 60}"
2025-10-22 15:56:24,control_received,"{""action"": ""priority_mode"", ""signal"": ""green"", ""speed_limit"": 30}"
2025-10-22 15:56:29,control_received,"{""action"": ""reduce_speed"", ""speed_limit"": 45}"
2025-10-22 15:56:29,control_received,"{""action"": ""reduce_speed"", ""speed_limit"": 45}"
2025-10-22 15:56:34,control_received,"{""action"": ""reduce_speed"", ""speed_limit"": 45}"
2025-10-22 15:56:39,control_received,"{""action"": ""normal"", ""speed_limit"": 60}"
2025-10-22 15:56:44,control_received,"{""action"": ""normal"", ""speed_limit"": 60}"
2025-10-22 15:56:49,control_received,"{""action"": ""normal"", ""speed_limit"": 60}"
2025-10-22 15:56:54,control_received,"{""action"": ""priority_mode"", ""signal"": ""green"", ""speed_limit"": 30}"
2025-10-22 15:56:54,control_received,"{""action"": ""priority_mode"", ""signal"": ""green"", ""speed_limit"": 30}"
2025-10-22 15:56:59,control_received,"{""action"": ""normal"", ""speed_limit"": 60}"
2025-10-22 15:57:04,control_received,"{""action"": ""normal"", ""speed_limit"": 60}"
2025-10-22 15:57:04,control_received,"{""action"": ""normal"", ""speed_limit"": 60}"
2025-10-22 15:57:09,control_received,"{""action"": ""normal"", ""speed_limit"": 60}"
2025-10-22 15:57:09,control_received,"{""action"": ""normal"", ""speed_limit"": 60}"
2025-10-22 15:57:14,control_received,"{""action"": ""priority_mode"", ""signal"": ""green"", ""speed_limit"": 30}"
2025-10-22 15:57:19,control_received,"{""action"": ""normal"", ""speed_limit"": 60}"
2025-10-22 15:57:24,control_received,"{""action"": ""priority_mode"", ""signal"": ""green"", ""speed_limit"": 30}"
2025-10-22 15:57:29,control_received,"{""action"": ""priority_mode"", ""signal"": ""green"", ""speed_limit"": 30}"
2026-01-08 18:41:19,priority_mode,"{""action"": ""priority_mode"", ""signal"": ""green"", ""speed_limit"": 30, ""reason"": ""emergency""}"
2026-01-08 18:41:19,control_received,"{""action"": ""priority_mode"", ""signal"": ""green"", ""speed_limit"": 30, ""reason"": ""emergency""}"
2026-01-08 18:41:19,control_received,"{""action"": ""priority_mode"", ""signal"": ""green"", ""speed_limit"": 30, ""reason"": ""emergency""}"
2026-01-08 18:41:24,reduce_speed,"{""action"": ""reduce_speed"", ""speed_limit"": 50, ""reason"": ""moderate_congestion""}"
2026-01-08 18:41:24,control_received,"{""action"": ""reduce_speed"", ""speed_limit"": 50, ""reason"": ""moderate_congestion""}"
2026-01-08 18:41:29,normal,"{""action"": ""normal"", ""speed_limit"": 60, ""reason"": ""normal""}"
2026-01-08 18:41:29,control_received,"{""action"": ""normal"", ""speed_limit"": 60, ""reason"": ""normal""}"
2026-01-08 18:41:29,control_received,"{""action"": ""normal"", ""speed_limit"": 60, ""reason"": ""normal""}"
2026-01-08 18:41:34,normal,"{""action"": ""normal"", ""speed_limit"": 60, ""reason"": ""normal""}"
2026-01-08 18:41:34,control_received,"{""action"": ""normal"", ""speed_limit"": 60, ""reason"": ""normal""}"
2026-01-08 18:41:39,normal,"{""action"": ""normal"", ""speed_limit"": 60, ""reason"": ""normal""}"
2026-01-08 18:41:39,control_received,"{""action"": ""normal"", ""speed_limit"": 60, ""reason"": ""normal""}"
2026-01-08 18:41:44,normal,"{""action"": ""normal"", ""speed_limit"": 60, ""reason"": ""normal""}"
2026-01-08 18:41:44,control_received,"{""action"": ""normal"", ""speed_limit"": 60, ""reason"": ""normal""}"
2026-01-08 18:41:49,normal,"{""action"": ""normal"", ""speed_limit"": 60, ""reason"": ""normal""}"
2026-01-08 18:41:49,control_received,"{""action"": ""normal"", ""speed_limit"": 60, ""reason"": ""normal""}"
2026-01-08 18:41:54,priority_mode,"{""action"": ""priority_mode"", ""signal"": ""green"", ""speed_limit"": 30, ""reason"": ""emergency""}"
2026-01-08 18:41:54,control_received,"{""action"": ""priority_mode"", ""signal"": ""green"", ""speed_limit"": 30, ""reason"": ""emergency""}"
2026-01-08 18:41:54,control_received,"{""action"": ""priority_mode"", ""signal"": ""green"", ""speed_limit"": 30, ""reason"": ""emergency""}"
2026-01-08 18:41:59,priority_mode,"{""action"": ""priority_mode"", ""signal"": ""green"", ""speed_limit"": 30, ""reason"": ""emergency""}"
2026-01-08 18:41:59,control_received,"{""action"": ""priority_mode"", ""signal"": ""green"", ""speed_limit"": 30, ""reason"": ""emergency""}"
2026-01-08 18:42:04,priority_mode,"{""action"": ""priority_mode"", ""signal"": ""green"", ""speed_limit"": 30, ""reason"": ""emergency""}"
2026-01-08 18:42:04,control_received,"{""action"": ""priority_mode"", ""signal"": ""green"", ""speed_limit"": 30, ""reason"": ""emergency""}"
2026-01-08 18:42:04,control_received,"{""action"": ""priority_mode"", ""signal"": ""green"", ""speed_limit"": 30, ""reason"": ""emergency""}"
2026-01-08 18:42:09,normal,"{""action"": ""normal"", ""speed_limit"": 60, ""reason"": ""normal""}"
2026-01-08 18:42:09,control_received,"{""action"": ""normal"", ""speed_limit"": 60, ""reason"": ""normal""}"
2026-01-08 18:42:09,control_received,"{""action"": ""normal"", ""speed_limit"": 60, ""reason"": ""normal""}"
2026-01-08 18:42:14,priority_mode,"{""action"": ""priority_mode"", ""signal"": ""green"", ""speed_limit"": 30, ""reason"": ""emergency""}"
2026-01-08 18:42:14,control_received,"{""action"": ""priority_mode"", ""signal"": ""green"", ""speed_limit"": 30, ""reason"": ""emergency""}"
2026-01-08 18:42:19,priority_mode,"{""action"": ""priority_mode"", ""signal"": ""green"", ""speed_limit"": 30, ""reason"": ""emergency""}"
2026-01-08 18:42:19,control_received,"{""action"": ""priority_mode"", ""signal"": ""green"", ""speed_limit"": 30, ""reason"": ""emergency""}"
2026-01-08 18:42:19,control_received,"{""action"": ""priority_mode"", ""signal"": ""green"", ""speed_limit"": 30, ""reason"": ""emergency""}"
2026-01-08 18:42:24,normal,"{""action"": ""normal"", ""speed_limit"": 60, ""reason"": ""normal""}"
2026-01-08 18:42:24,control_received,"{""action"": ""normal"", ""speed_limit"": 60, ""reason"": ""normal""}"
2026-01-08 18:42:24,control_received,"{""action"": ""normal"", ""speed_limit"": 60, ""reason"": ""normal""}"
2026-01-08 18:42:29,normal,"{""action"": ""normal"", ""speed_limit"": 60, ""reason"": ""normal""}"
2026-01-08 18:42:29,control_received,"{""action"": ""normal"", ""speed_limit"": 60, ""reason"": ""normal""}"
2026-01-08 18:42:34,priority_mode,"{""action"": ""priority_mode"", ""signal"": ""green"", ""speed_limit"": 30, ""reason"": ""emergency""}"
2026-01-08 18:42:34,control_received,"{""action"": ""priority_mode"", ""signal"": ""green"", ""speed_limit"": 30, ""reason"": ""emergency""}"
2026-01-08 18:42:39,reduce_speed,"{""action"": ""reduce_speed"", ""speed_limit"": 50, ""reason"": ""moderate_congestion""}"
2026-01-08 18:42:39,control_received,"{""action"": ""reduce_speed"", ""speed_limit"": 50, ""reason"": ""moderate_congestion""}"
2026-01-08 18:42:39,control_received,"{""action"": ""reduce_speed"", ""speed_limit"": 50, ""reason"": ""moderate_congestion""}"
2026-01-08 18:42:44,normal,"{""action"": ""normal"", ""speed_limit"": 60, ""reason"": ""normal""}"
2026-01-08 18:42:44,control_received,"{""action"": ""normal"", ""speed_limit"": 60, ""reason"": ""normal""}"
2026-01-08 18:42:44,control_received,"{""action"": ""normal"", ""speed_limit"": 60, ""reason"": ""normal""}"
2026-01-08 18:42:47,priority_mode,"{""action"": ""priority_mode"", ""signal"": ""green"", ""speed_limit"": 30, ""reason"": ""emergency""}"
2026-01-08 18:42:47,control_received,"{""action"": ""priority_mode"", ""signal"": ""green"", ""speed_limit"": 30, ""reason"": ""emergency""}"
2026-01-08 18:42:47,control_received,"{""action"": ""priority_mode"", ""signal"": ""green"", ""speed_limit"": 30, ""reason"": ""emergency""}"
2026-01-08 18:42:49,normal,"{""action"": ""normal"", ""speed_limit"": 60, ""reason"": ""normal""}"
2026-01-08 18:42:49,control_received,"{""action"": ""normal"", ""speed_limit"": 60, ""reason"": ""normal""}"
2026-01-08 18:42:49,control_received,"{""action"": ""normal"", ""speed_limit"": 60, ""reason"": ""normal""}"
2026-01-08 18:42:54,reduce_speed,"{""action"": ""reduce_speed"", ""speed_limit"": 50, ""reason"": ""moderate_congestion""}"
2026-01-08 18:42:54,control_received,"{""action"": ""reduce_speed"", ""speed_limit"": 50, ""reason"": ""moderate_congestion""}"
2026-01-08 18:42:54,control_received,"{""action"": ""reduce_speed"", ""speed_limit"": 50, ""reason"": ""moderate_congestion""}"
2026-01-08 18:42:59,normal,"{""action"": ""normal"", ""speed_limit"": 60, ""reason"": ""normal""}"
2026-01-08 18:42:59,control_received,"{""action"": ""normal"", ""speed_limit"": 60, ""reason"": ""normal""}"
2026-01-08 18:42:59,control_received,"{""action"": ""normal"", ""speed_limit"": 60, ""reason"": ""normal""}"
2026-01-08 18:43:04,normal,"{""action"": ""normal"", ""speed_limit"": 60, ""reason"": ""normal""}"
2026-01-08 18:43:04,control_received,"{""action"": ""normal"", ""speed_limit"": 60, ""reason"": ""normal""}"
2026-01-08 18:43:04,control_received,"{""action"": ""normal"", ""speed_limit"": 60, ""reason"": ""normal""}"
2026-01-08 18:43:09,normal,"{""action"": ""normal"", ""speed_limit"": 60, ""reason"": ""normal""}"
2026-01-08 18:43:09,control_received,"{""action"": ""normal"", ""speed_limit"": 60, ""reason"": ""normal""}"
2026-01-08 18:43:09,control_received,"{""action"": ""normal"", ""speed_limit"": 60, ""reason"": ""normal""}"
2026-01-08 18:43:14,reduce_speed,"{""action"": ""reduce_speed"", ""speed_limit"": 50, ""reason"": ""moderate_congestion""}"
2026-01-08 18:43:14,control_received,"{""action"": ""reduce_speed"", ""speed_limit"": 50, ""reason"": ""moderate_congestion""}"
2026-01-08 18:43:14,control_received,"{""action"": ""reduce_speed"", ""speed_limit"": 50, ""reason"": ""moderate_congestion""}"
2026-01-08 18:43:19,normal,"{""action"": ""normal"", ""speed_limit"": 60, ""reason"": ""normal""}"
2026-01-08 18:43:19,control_received,"{""action"": ""normal"", ""speed_limit"": 60, ""reason"": ""normal""}"
2026-01-08 18:43:19,control_received,"{""action"": ""normal"", ""speed_limit"": 60, ""reason"": ""normal""}"
2026-01-08 18:43:24,normal,"{""action"": ""normal"", ""speed_limit"": 60, ""reason"": ""normal""}"
2026-01-08 18:43:24,control_received,"{""action"": ""normal"", ""speed_limit"": 60, ""reason"": ""normal""}"
2026-01-08 18:43:29,normal,"{""action"": ""normal"", ""speed_limit"": 60, ""reason"": ""normal""}"
2026-01-08 18:43:29,control_received,"{""action"": ""normal"", ""speed_limit"": 60, ""reason"": ""normal""}"
2026-01-08 18:43:29,control_received,"{""action"": ""normal"", ""speed_limit"": 60, ""reason"": ""normal""}"
2026-01-08 18:43:34,priority_mode,"{""action"": ""priority_mode"", ""signal"": ""green"", ""speed_limit"": 30, ""reason"": ""emergency""}"
2026-01-08 18:43:34,control_received,"{""action"": ""priority_mode"", ""signal"": ""green"", ""speed_limit"": 30, ""reason"": ""emergency""}"
2026-01-08 18:43:34,control_received,"{""action"": ""priority_mode"", ""signal"": ""green"", ""speed_limit"": 30, ""reason"": ""emergency""}"
2026-01-08 18:43:45,priority_mode,"{""action"": ""priority_mode"", ""signal"": ""green"", ""speed_limit"": 30, ""reason"": ""emergency""}"
2026-01-08 18:43:45,control_received,"{""action"": ""priority_mode"", ""signal"": ""green"", ""speed_limit"": 30, ""reason"": ""emergency""}"
2026-01-08 18:43:45,control_received,"{""action"": ""priority_mode"", ""signal"": ""green"", ""speed_limit"": 30, ""reason"": ""emergency""}"
2026-01-08 18:43:49,normal,"{""action"": ""normal"", ""speed_limit"": 60, ""reason"": ""normal""}"
2026-01-08 18:43:49,control_received,"{""action"": ""normal"", ""speed_limit"": 60, ""reason"": ""normal""}"
2026-01-08 18:43:49,control_received,"{""action"": ""normal"", ""speed_limit"": 60, ""reason"": ""normal""}"
2026-01-08 18:43:54,normal,"{""action"": ""normal"", ""speed_limit"": 60, ""reason"": ""normal""}"
2026-01-08 18:43:54,control_received,"{""action"": ""normal"", ""speed_limit"": 60, ""reason"": ""normal""}"
2026-01-08 18:43:54,control_received,"{""action"": ""normal"", ""speed_limit"": 60, ""reason"": ""normal""}"
2026-01-08 18:43:59,normal,"{""action"": ""normal"", ""speed_limit"": 60, ""reason"": ""normal""}"
2026-01-08 18:43:59,control_received,"{""action"": ""normal"", ""speed_limit"": 60, ""reason"": ""normal""}"
2026-01-08 18:44:04,priority_mode,"{""action"": ""priority_mode"", ""signal"": ""green"", ""speed_limit"": 30, ""reason"": ""emergency""}"
2026-01-08 18:44:04,control_received,"{""action"": ""priority_mode"", ""signal"": ""green"", ""speed_limit"": 30, ""reason"": ""emergency""}"
2026-01-08 18:44:09,normal,"{""action"": ""normal"", ""speed_limit"": 60, ""reason"": ""normal""}"
2026-01-08 18:44:09,control_received,"{""action"": ""normal"", ""speed_limit"": 60, ""reason"": ""normal""}"
2026-01-08 18:44:14,normal,"{""action"": ""normal"", ""speed_limit"": 60, ""reason"": ""normal""}"
2026-01-08 18:44:14,control_received,"{""action"": ""normal"", ""speed_limit"": 60, ""reason"": ""normal""}"
2026-01-08 18:44:14,control_received,"{""action"": ""normal"", ""speed_limit"": 60, ""reason"": ""normal""}"
2026-01-08 18:44:19,normal,"{""action"": ""normal"", ""speed_limit"": 60, ""reason"": ""normal""}"
2026-01-08 18:44:19,control_received,"{""action"": ""normal"", ""speed_limit"": 60, ""reason"": ""normal""}"
2026-01-08 18:44:24,priority_mode,"{""action"": ""priority_mode"", ""signal"": ""green"", ""speed_limit"": 30, ""reason"": ""emergency""}"
2026-01-08 18:44:24,control_received,"{""action"": ""priority_mode"", ""signal"": ""green"", ""speed_limit"": 30, ""reason"": ""emergency""}"
2026-01-08 18:44:24,control_received,"{""action"": ""priority_mode"", ""signal"": ""green"", ""speed_limit"": 30, ""reason"": ""emergency""}"
2026-01-08 18:44:29,normal,"{""action"": ""normal"", ""speed_limit"": 60, ""reason"": ""normal""}"
2026-01-08 18:44:29,control_received,"{""action"": ""normal"", ""speed_limit"": 60, ""reason"": ""normal""}"
2026-01-08 18:44:29,control_received,"{""action"": ""normal"", ""speed_limit"": 60, ""reason"": ""normal""}"
2026-01-08 18:44:34,reduce_speed,"{""action"": ""reduce_speed"", ""speed_limit"": 50, ""reason"": ""moderate_congestion""}"
2026-01-08 18:44:34,control_received,"{""action"": ""reduce_speed"", ""speed_limit"": 50, ""reason"": ""moderate_congestion""}"
2026-01-08 18:44:39,normal,"{""action"": ""normal"", ""speed_limit"": 60, ""reason"": ""normal""}"
2026-01-08 18:44:39,control_received,"{""action"": ""normal"", ""speed_limit"": 60, ""reason"": ""normal""}"
2026-01-08 18:44:39,control_received,"{""action"": ""normal"", ""speed_limit"": 60, ""reason"": ""normal""}"
2026-01-08 18:44:44,priority_mode,"{""action"": ""priority_mode"", ""signal"": ""green"", ""speed_limit"": 30, ""reason"": ""emergency""}"
2026-01-08 18:44:44,control_received,"{""action"": ""priority_mode"", ""signal"": ""green"", ""speed_limit"": 30, ""reason"": ""emergency""}"
2026-01-08 18:44:44,control_received,"{""action"": ""priority_mode"", ""signal"": ""green"", ""speed_limit"": 30, ""reason"": ""emergency""}"
2026-01-08 18:44:49,normal,"{""action"": ""normal"", ""speed_limit"": 60, ""reason"": ""normal""}"
2026-01-08 18:44:49,control_received,"{""action"": ""normal"", ""speed_limit"": 60, ""reason"": ""normal""}"
2026-01-08 18:44:49,control_received,"{""action"": ""normal"", ""speed_limit"": 60, ""reason"": ""normal""}"
2026-01-08 18:44:54,normal,"{""action"": ""normal"", ""speed_limit"": 60, ""reason"": ""normal""}"
2026-01-08 18:44:54,control_received,"{""action"": ""normal"", ""speed_limit"": 60, ""reason"": ""normal""}"
2026-01-08 18:44:54,control_received,"{""action"": ""normal"", ""speed_limit"": 60, ""reason"": ""normal""}"
2026-01-08 18:44:59,priority_mode,"{""action"": ""priority_mode"", ""signal"": ""green"", ""speed_limit"": 30, ""reason"": ""emergency""}"
2026-01-08 18:44:59,control_received,"{""action"": ""priority_mode"", ""signal"": ""green"", ""speed_limit"": 30, ""reason"": ""emergency""}"
2026-01-08 18:44:59,control_received,"{""action"": ""priority_mode"", ""signal"": ""green"", ""speed_limit"": 30, ""reason"": ""emergency""}"
2026-01-08 18:45:04,normal,"{""action"": ""normal"", ""speed_limit"": 60, ""reason"": ""normal""}"
2026-01-08 18:45:04,control_received,"{""action"": ""normal"", ""speed_limit"": 60, ""reason"": ""normal""}"
2026-01-08 18:45:04,control_received,"{""action"": ""normal"", ""speed_limit"": 60, ""reason"": ""normal""}"
2026-01-08 18:45:09,priority_mode,"{""action"": ""priority_mode"", ""signal"": ""green"", ""speed_limit"": 30, ""reason"": ""emergency""}"
2026-01-08 18:45:09,control_received,"{""action"": ""priority_mode"", ""signal"": ""green"", ""speed_limit"": 30, ""reason"": ""emergency""}"
2026-01-08 18:45:14,priority_mode,"{""action"": ""priority_mode"", ""signal"": ""green"", ""speed_limit"": 30, ""reason"": ""emergency""}"
2026-01-08 18:45:14,control_received,"{""action"": ""priority_mode"", ""signal"": ""green"", ""speed_limit"": 30, ""reason"": ""emergency""}"
2026-01-08 18:45:14,control_received,"{""action"": ""priority_mode"", ""signal"": ""green"", ""speed_limit"": 30, ""reason"": ""emergency""}"
2026-01-08 18:45:19,reduce_speed,"{""action"": ""reduce_speed"", ""speed_limit"": 50, ""reason"": ""moderate_congestion""}"
2026-01-08 18:45:19,control_received,"{""action"": ""reduce_speed"", ""speed_limit"": 50, ""reason"": ""moderate_congestion""}"
2026-01-08 18:45:19,control_received,"{""action"": ""reduce_speed"", ""speed_limit"": 50, ""reason"": ""moderate_congestion""}"
2026-01-08 18:45:24,reduce_speed,"{""action"": ""reduce_speed"", ""speed_limit"": 50, ""reason"": ""moderate_congestion""}"
2026-01-08 18:45:24,control_received,"{""action"": ""reduce_speed"", ""speed_limit"": 50, ""reason"": ""moderate_congestion""}"
2026-01-08 18:45:24,control_received,"{""action"": ""reduce_speed"", ""speed_limit"": 50, ""reason"": ""moderate_congestion""}"
2026-01-08 18:45:29,normal,"{""action"": ""normal"", ""speed_limit"": 60, ""reason"": ""normal""}"
2026-01-08 18:45:29,control_received,"{""action"": ""normal"", ""speed_limit"": 60, ""reason"": ""normal""}"
2026-01-08 18:45:34,priority_mode,"{""action"": ""priority_mode"", ""signal"": ""green"", ""speed_limit"": 30, ""reason"": ""emergency""}"
2026-01-08 18:45:34,control_received,"{""action"": ""priority_mode"", ""signal"": ""green"", ""speed_limit"": 30, ""reason"": ""emergency""}"
2026-01-08 18:45:34,control_received,"{""action"": ""priority_mode"", ""signal"": ""green"", ""speed_limit"": 30, ""reason"": ""emergency""}"
2026-01-08 18:45:39,normal,"{""action"": ""normal"", ""speed_limit"": 60, ""reason"": ""normal""}"
2026-01-08 18:45:39,control_received,"{""action"": ""normal"", ""speed_limit"": 60, ""reason"": ""normal""}"
2026-01-08 18:45:44,normal,"{""action"": ""normal"", ""speed_limit"": 60, ""reason"": ""normal""}"
2026-01-08 18:45:44,control_received,"{""action"": ""normal"", ""speed_limit"": 60, ""reason"": ""normal""}"
2026-01-08 18:45:49,normal,"{""action"": ""normal"", ""speed_limit"": 60, ""reason"": ""normal""}"
2026-01-08 18:45:49,control_received,"{""action"": ""normal"", ""speed_limit"": 60, ""reason"": ""normal""}"
2026-01-08 18:45:49,control_received,"{""action"": ""normal"", ""speed_limit"": 60, ""reason"": ""normal""}"
2026-01-08 18:45:54,normal,"{""action"": ""normal"", ""speed_limit"": 60, ""reason"": ""normal""}"
2026-01-08 18:45:54,control_received,"{""action"": ""normal"", ""speed_limit"": 60, ""reason"": ""normal""}"
2026-01-08 18:45:59,normal,"{""action"": ""normal"", ""speed_limit"": 60, ""reason"": ""normal""}"
2026-01-08 18:45:59,control_received,"{""action"": ""normal"", ""speed_limit"": 60, ""reason"": ""normal""}"
2026-01-08 18:45:59,control_received,"{""action"": ""normal"", ""speed_limit"": 60, ""reason"": ""normal""}"
2026-01-08 18:46:04,normal,"{""action"": ""normal"", ""speed_limit"": 60, ""reason"": ""normal""}"
2026-01-08 18:46:04,control_received,"{""action"": ""normal"", ""speed_limit"": 60, ""reason"": ""normal""}"
2026-01-08 18:46:04,control_received,"{""action"": ""normal"", ""speed_limit"": 60, ""reason"": ""normal""}"
2026-01-08 18:46:09,priority_mode,"{""action"": ""priority_mode"", ""signal"": ""green"", ""speed_limit"": 30, ""reason"": ""emergency""}"
2026-01-08 18:46:09,control_received,"{""action"": ""priority_mode"", ""signal"": ""green"", ""speed_limit"": 30, ""reason"": ""emergency""}"
2026-01-08 18:46:09,control_received,"{""action"": ""priority_mode"", ""signal"": ""green"", ""speed_limit"": 30, ""reason"": ""emergency""}"
2026-01-08 18:46:14,normal,"{""action"": ""normal"", ""speed_limit"": 60, ""reason"": ""normal""}"
2026-01-08 18:46:14,control_received,"{""action"": ""normal"", ""speed_limit"": 60, ""reason"": ""normal""}"
2026-01-08 18:46:14,control_received,"{""action"": ""normal"", ""speed_limit"": 60, ""reason"": ""normal""}"
2026-01-08 18:46:19,priority_mode,"{""action"": ""priority_mode"", ""signal"": ""green"", ""speed_limit"": 30, ""reason"": ""emergency""}"
2026-01-08 18:46:19,control_received,"{""action"": ""priority_mode"", ""signal"": ""green"", ""speed_limit"": 30, ""reason"": ""emergency""}"
2026-01-08 18:46:24,priority_mode,"{""action"": ""priority_mode"", ""signal"": ""green"", ""speed_limit"": 30, ""reason"": ""emergency""}"
2026-01-08 18:46:24,control_received,"{""action"": ""priority_mode"", ""signal"": ""green"", ""speed_limit"": 30, ""reason"": ""emergency""}"
2026-01-08 18:46:29,priority_mode,"{""action"": ""priority_mode"", ""signal"": ""green"", ""speed_limit"": 30, ""reason"": ""emergency""}"
2026-01-08 18:46:29,control_received,"{""action"": ""priority_mode"", ""signal"": ""green"", ""speed_limit"": 30, ""reason"": ""emergency""}"
2026-01-08 18:46:29,control_received,"{""action"": ""priority_mode"", ""signal"": ""green"", ""speed_limit"": 30, ""reason"": ""emergency""}"
2026-01-08 18:46:34,reduce_speed,"{""action"": ""reduce_speed"", ""speed_limit"": 50, ""reason"": ""moderate_congestion""}"
2026-01-08 18:46:34,control_received,"{""action"": ""reduce_speed"", ""speed_limit"": 50, ""reason"": ""moderate_congestion""}"
2026-01-08 18:46:34,control_received,"{""action"": ""reduce_speed"", ""speed_limit"": 50, ""reason"": ""moderate_congestion""}"
2026-01-08 18:46:39,priority_mode,"{""action"": ""priority_mode"", ""signal"": ""green"", ""speed_limit"": 30, ""reason"": ""emergency""}"
2026-01-08 18:46:39,control_received,"{""action"": ""priority_mode"", ""signal"": ""green"", ""speed_limit"": 30, ""reason"": ""emergency""}"
2026-01-08 18:46:39,control_received,"{""action"": ""priority_mode"", ""signal"": ""green"", ""speed_limit"": 30, ""reason"": ""emergency""}"
2026-01-08 18:46:44,priority_mode,"{""action"": ""priority_mode"", ""signal"": ""green"", ""speed_limit"": 30, ""reason"": ""emergency""}"
2026-01-08 18:46:44,control_received,"{""action"": ""priority_mode"", ""signal"": ""green"", ""speed_limit"": 30, ""reason"": ""emergency""}"
2026-01-08 18:46:49,priority_mode,"{""action"": ""priority_mode"", ""signal"": ""green"", ""speed_limit"": 30, ""reason"": ""emergency""}"
2026-01-08 18:46:49,control_received,"{""action"": ""priority_mode"", ""signal"": ""green"", ""speed_limit"": 30, ""reason"": ""emergency""}"
2026-01-08 18:46:54,priority_mode,"{""action"": ""priority_mode"", ""signal"": ""green"", ""speed_limit"": 30, ""reason"": ""emergency""}"
2026-01-08 18:46:54,control_received,"{""action"": ""priority_mode"", ""signal"": ""green"", ""speed_limit"": 30, ""reason"": ""emergency""}"
2026-01-08 18:46:54,control_received,"{""action"": ""priority_mode"", ""signal"": ""green"", ""speed_limit"": 30, ""reason"": ""emergency""}"
2026-01-08 18:46:59,priority_mode,"{""action"": ""priority_mode"", ""signal"": ""green"", ""speed_limit"": 30, ""reason"": ""emergency""}"
2026-01-08 18:46:59,control_received,"{""action"": ""priority_mode"", ""signal"": ""green"", ""speed_limit"": 30, ""reason"": ""emergency""}"
2026-01-08 18:46:59,control_received,"{""action"": ""priority_mode"", ""signal"": ""green"", ""speed_limit"": 30, ""reason"": ""emergency""}"
2026-01-08 18:47:04,priority_mode,"{""action"": ""priority_mode"", ""signal"": ""green"", ""speed_limit"": 30, ""reason"": ""emergency""}"
2026-01-08 18:47:04,control_received,"{""action"": ""priority_mode"", ""signal"": ""green"", ""speed_limit"": 30, ""reason"": ""emergency""}"
2026-01-08 18:47:04,control_received,"{""action"": ""priority_mode"", ""signal"": ""green"", ""speed_limit"": 30, ""reason"": ""emergency""}"
2026-01-08 18:47:09,normal,"{""action"": ""normal"", ""speed_limit"": 60, ""reason"": ""normal""}"
2026-01-08 18:47:09,control_received,"{""action"": ""normal"", ""speed_limit"": 60, ""reason"": ""normal""}"
2026-01-08 18:47:09,control_received,"{""action"": ""normal"", ""speed_limit"": 60, ""reason"": ""normal""}"
2026-01-08 18:47:14,reduce_speed,"{""action"": ""reduce_speed"", ""speed_limit"": 50, ""reason"": ""moderate_congestion""}"
2026-01-08 18:47:14,control_received,"{""action"": ""reduce_speed"", ""speed_limit"": 50, ""reason"": ""moderate_congestion""}"
2026-01-08 18:47:14,control_received,"{""action"": ""reduce_speed"", ""speed_limit"": 50, ""reason"": ""moderate_congestion""}"
2026-01-08 18:47:19,normal,"{""action"": ""normal"", ""speed_limit"": 60, ""reason"": ""normal""}"
2026-01-08 18:47:19,control_received,"{""action"": ""normal"", ""speed_limit"": 60, ""reason"": ""normal""}"
2026-01-08 18:47:24,normal,"{""action"": ""normal"", ""speed_limit"": 60, ""reason"": ""normal""}"
2026-01-08 18:47:24,control_received,"{""action"": ""normal"", ""speed_limit"": 60, ""reason"": ""normal""}"
2026-01-08 18:47:24,control_received,"{""action"": ""normal"", ""speed_limit"": 60, ""reason"": ""normal""}"
2026-01-08 18:47:29,normal,"{""action"": ""normal"", ""speed_limit"": 60, ""reason"": ""normal""}"
2026-01-08 18:47:29,control_received,"{""action"": ""normal"", ""speed_limit"": 60, ""reason"": ""normal""}"
2026-01-08 18:47:29,control_received,"{""action"": ""normal"", ""speed_limit"": 60, ""reason"": ""normal""}"
2026-01-08 18:47:34,normal,"{""action"": ""normal"", ""speed_limit"": 60, ""reason"": ""normal""}"
2026-01-08 18:47:34,control_received,"{""action"": ""normal"", ""speed_limit"": 60, ""reason"": ""normal""}"
2026-01-08 18:47:34,control_received,"{""action"": ""normal"", ""speed_limit"": 60, ""reason"": ""normal""}"
2026-01-08 18:47:39,normal,"{""action"": ""normal"", ""speed_limit"": 60, ""reason"": ""normal""}"
2026-01-08 18:47:39,control_received,"{""action"": ""normal"", ""speed_limit"": 60, ""reason"": ""normal""}"
2026-01-08 18:47:44,normal,"{""action"": ""normal"", ""speed_limit"": 60, ""reason"": ""normal""}"
2026-01-08 18:47:44,control_received,"{""action"": ""normal"", ""speed_limit"": 60, ""reason"": ""normal""}"
2026-01-08 18:47:49,priority_mode,"{""action"": ""priority_mode"", ""signal"": ""green"", ""speed_limit"": 30, ""reason"": ""emergency""}"
2026-01-08 18:47:49,control_received,"{""action"": ""priority_mode"", ""signal"": ""green"", ""speed_limit"": 30, ""reason"": ""emergency""}"
2026-01-08 18:47:49,control_received,"{""action"": ""priority_mode"", ""signal"": ""green"", ""speed_limit"": 30, ""reason"": ""emergency""}"
2026-01-08 18:47:54,normal,"{""action"": ""normal"", ""speed_limit"": 60, ""reason"": ""normal""}"
2026-01-08 18:47:54,control_received,"{""action"": ""normal"", ""speed_limit"": 60, ""reason"": ""normal""}"
2026-01-08 18:47:54,control_received,"{""action"": ""normal"", ""speed_limit"": 60, ""reason"": ""normal""}"
2026-01-08 18:47:59,reduce_speed,"{""action"": ""reduce_speed"", ""speed_limit"": 50, ""reason"": ""moderate_congestion""}"
2026-01-08 18:47:59,control_received,"{""action"": ""reduce_speed"", ""speed_limit"": 50, ""reason"": ""moderate_congestion""}"
2026-01-08 18:47:59,control_received,"{""action"": ""reduce_speed"", ""speed_limit"": 50, ""reason"": ""moderate_congestion""}"
2026-01-08 18:48:04,normal,"{""action"": ""normal"", ""speed_limit"": 60, ""reason"": ""normal""}"
2026-01-08 18:48:04,control_received,"{""action"": ""normal"", ""speed_limit"": 60, ""reason"": ""normal""}"
2026-01-08 18:48:09,normal,"{""action"": ""normal"", ""speed_limit"": 60, ""reason"": ""normal""}"
2026-01-08 18:48:09,control_received,"{""action"": ""normal"", ""speed_limit"": 60, ""reason"": ""normal""}"
2026-01-08 18:48:14,priority_mode,"{""action"": ""priority_mode"", ""signal"": ""green"", ""speed_limit"": 30, ""reason"": ""emergency""}"
2026-01-08 18:48:14,control_received,"{""action"": ""priority_mode"", ""signal"": ""green"", ""speed_limit"": 30, ""reason"": ""emergency""}"
2026-01-08 18:48:14,control_received,"{""action"": ""priority_mode"", ""signal"": ""green"", ""speed_limit"": 30, ""reason"": ""emergency""}"
2026-01-08 18:48:19,reduce_speed,"{""action"": ""reduce_speed"", ""speed_limit"": 50, ""reason"": ""moderate_congestion""}"
2026-01-08 18:48:19,control_received,"{""action"": ""reduce_speed"", ""speed_limit"": 50, ""reason"": ""moderate_congestion""}"
2026-01-08 18:48:19,control_received,"{""action"": ""reduce_speed"", ""speed_limit"": 50, ""reason"": ""moderate_congestion""}"
2026-01-08 18:48:24,normal,"{""action"": ""normal"", ""speed_limit"": 60, ""reason"": ""normal""}"
2026-01-08 18:48:24,control_received,"{""action"": ""normal"", ""speed_limit"": 60, ""reason"": ""normal""}"
2026-01-08 18:48:24,control_received,"{""action"": ""normal"", ""speed_limit"": 60, ""reason"": ""normal""}"
2026-01-08 18:48:29,priority_mode,"{""action"": ""priority_mode"", ""signal"": ""green"", ""speed_limit"": 30, ""reason"": ""emergency""}"
2026-01-08 18:48:29,control_received,"{""action"": ""priority_mode"", ""signal"": ""green"", ""speed_limit"": 30, ""reason"": ""emergency""}"
2026-01-08 18:48:34,normal,"{""action"": ""normal"", ""speed_limit"": 60, ""reason"": ""normal""}"
2026-01-08 18:48:34,control_received,"{""action"": ""normal"", ""speed_limit"": 60, ""reason"": ""normal""}"
2026-01-08 18:48:34,control_received,"{""action"": ""normal"", ""speed_limit"": 60, ""reason"": ""normal""}"
2026-01-08 18:48:39,normal,"{""action"": ""normal"", ""speed_limit"": 60, ""reason"": ""normal""}"
2026-01-08 18:48:39,control_received,"{""action"": ""normal"", ""speed_limit"": 60, ""reason"": ""normal""}"
2026-01-08 18:48:44,normal,"{""action"": ""normal"", ""speed_limit"": 60, ""reason"": ""normal""}"
2026-01-08 18:48:44,control_received,"{""action"": ""normal"", ""speed_limit"": 60, ""reason"": ""normal""}"
2026-01-08 18:48:49,normal,"{""action"": ""normal"", ""speed_limit"": 60, ""reason"": ""normal""}"
2026-01-08 18:48:49,control_received,"{""action"": ""normal"", ""speed_limit"": 60, ""reason"": ""normal""}"
2026-01-08 18:48:49,control_received,"{""action"": ""normal"", ""speed_limit"": 60, ""reason"": ""normal""}"
2026-01-08 18:48:54,priority_mode,"{""action"": ""priority_mode"", ""signal"": ""green"", ""speed_limit"": 30, ""reason"": ""emergency""}"
2026-01-08 18:48:54,control_received,"{""action"": ""priority_mode"", ""signal"": ""green"", ""speed_limit"": 30, ""reason"": ""emergency""}"
2026-01-08 18:48:59,priority_mode,"{""action"": ""priority_mode"", ""signal"": ""green"", ""speed_limit"": 30, ""reason"": ""emergency""}"
2026-01-08 18:48:59,control_received,"{""action"": ""priority_mode"", ""signal"": ""green"", ""speed_limit"": 30, ""reason"": ""emergency""}"
2026-01-08 18:48:59,control_received,"{""action"": ""priority_mode"", ""signal"": ""green"", ""speed_limit"": 30, ""reason"": ""emergency""}"
2026-01-08 18:49:04,reduce_speed,"{""action"": ""reduce_speed"", ""speed_limit"": 50, ""reason"": ""moderate_congestion""}"
2026-01-08 18:49:04,control_received,"{""action"": ""reduce_speed"", ""speed_limit"": 50, ""reason"": ""moderate_congestion""}"
2026-01-08 18:49:09,normal,"{""action"": ""normal"", ""speed_limit"": 60, ""reason"": ""normal""}"
2026-01-08 18:49:09,control_received,"{""action"": ""normal"", ""speed_limit"": 60, ""reason"": ""normal""}"
2026-01-08 18:49:09,control_received,"{""action"": ""normal"", ""speed_limit"": 60, ""reason"": ""normal""}"
2026-01-08 18:49:14,normal,"{""action"": ""normal"", ""speed_limit"": 60, ""reason"": ""normal""}"
2026-01-08 18:49:14,control_received,"{""action"": ""normal"", ""speed_limit"": 60, ""reason"": ""normal""}"
2026-01-08 18:49:14,control_received,"{""action"": ""normal"", ""speed_limit"": 60, ""reason"": ""normal""}"
2026-01-08 18:49:19,priority_mode,"{""action"": ""priority_mode"", ""signal"": ""green"", ""speed_limit"": 30, ""reason"": ""emergency""}"
2026-01-08 18:49:19,control_received,"{""action"": ""priority_mode"", ""signal"": ""green"", ""speed_limit"": 30, ""reason"": ""emergency""}"
2026-01-08 18:49:24,normal,"{""action"": ""normal"", ""speed_limit"": 60, ""reason"": ""normal""}"
2026-01-08 18:49:24,control_received,"{""action"": ""normal"", ""speed_limit"": 60, ""reason"": ""normal""}"
2026-01-08 18:49:29,normal,"{""action"": ""normal"", ""speed_limit"": 60, ""reason"": ""normal""}"
2026-01-08 18:49:29,control_received,"{""action"": ""normal"", ""speed_limit"": 60, ""reason"": ""normal""}"
2026-01-08 18:49:29,control_received,"{""action"": ""normal"", ""speed_limit"": 60, ""reason"": ""normal""}"
2026-01-08 18:49:34,normal,"{""action"": ""normal"", ""speed_limit"": 60, ""reason"": ""normal""}"
2026-01-08 18:49:34,control_received,"{""action"": ""normal"", ""speed_limit"": 60, ""reason"": ""normal""}"
2026-01-08 18:49:34,control_received,"{""action"": ""normal"", ""speed_limit"": 60, ""reason"": ""normal""}"
2026-01-08 18:49:39,priority_mode,"{""action"": ""priority_mode"", ""signal"": ""green"", ""speed_limit"": 30, ""reason"": ""emergency""}"
2026-01-08 18:49:39,control_received,"{""action"": ""priority_mode"", ""signal"": ""green"", ""speed_limit"": 30, ""reason"": ""emergency""}"
2026-01-08 18:49:39,control_received,"{""action"": ""priority_mode"", ""signal"": ""green"", ""speed_limit"": 30, ""reason"": ""emergency""}"
2026-01-08 18:49:44,normal,"{""action"": ""normal"", ""speed_limit"": 60, ""reason"": ""normal""}"
2026-01-08 18:49:44,control_received,"{""action"": ""normal"", ""speed_limit"": 60, ""reason"": ""normal""}"
2026-01-20 15:08:13,priority_mode,"{""action"": ""priority_mode"", ""signal"": ""green"", ""speed_limit"": 30, ""reason"": ""emergency""}"
2026-01-20 15:08:13,control_received,"{""action"": ""priority_mode"", ""signal"": ""green"", ""speed_limit"": 30, ""reason"": ""emergency""}"
2026-01-20 15:08:18,priority_mode,"{""action"": ""priority_mode"", ""signal"": ""green"", ""speed_limit"": 30, ""reason"": ""emergency""}"
2026-01-20 15:08:18,control_received,"{""action"": ""priority_mode"", ""signal"": ""green"", ""speed_limit"": 30, ""reason"": ""emergency""}"
2026-01-20 15:08:18,control_received,"{""action"": ""priority_mode"", ""signal"": ""green"", ""speed_limit"": 30, ""reason"": ""emergency""}"
2026-01-20 15:08:23,normal,"{""action"": ""normal"", ""speed_limit"": 60, ""reason"": ""normal""}"
2026-01-20 15:08:23,control_received,"{""action"": ""normal"", ""speed_limit"": 60, ""reason"": ""normal""}"
2026-01-20 15:08:23,control_received,"{""action"": ""normal"", ""speed_limit"": 60, ""reason"": ""normal""}"
2026-01-20 15:08:28,priority_mode,"{""action"": ""priority_mode"", ""signal"": ""green"", ""speed_limit"": 30, ""reason"": ""emergency""}"
2026-01-20 15:08:28,control_received,"{""action"": ""priority_mode"", ""signal"": ""green"", ""speed_limit"": 30, ""reason"": ""emergency""}"
2026-01-20 15:08:28,control_received,"{""action"": ""priority_mode"", ""signal"": ""green"", ""speed_limit"": 30, ""reason"": ""emergency""}"
2026-01-20 15:08:33,normal,"{""action"": ""normal"", ""speed_limit"": 60, ""reason"": ""normal""}"
2026-01-20 15:08:33,control_received,"{""action"": ""normal"", ""speed_limit"": 60, ""reason"": ""normal""}"
2026-01-20 15:08:33,control_received,"{""action"": ""normal"", ""speed_limit"": 60, ""reason"": ""normal""}"
2026-01-20 15:08:38,normal,"{""action"": ""normal"", ""speed_limit"": 60, ""reason"": ""normal""}"
2026-01-20 15:08:38,control_received,"{""action"": ""normal"", ""speed_limit"": 60, ""reason"": ""normal""}"
2026-01-20 15:08:38,control_received,"{""action"": ""normal"", ""speed_limit"": 60, ""reason"": ""normal""}"
2026-01-20 15:08:43,normal,"{""action"": ""normal"", ""speed_limit"": 60, ""reason"": ""normal""}"
2026-01-20 15:08:43,control_received,"{""action"": ""normal"", ""speed_limit"": 60, ""reason"": ""normal""}"
2026-01-20 15:08:43,control_received,"{""action"": ""normal"", ""speed_limit"": 60, ""reason"": ""normal""}"
2026-01-20 15:08:48,reduce_speed,"{""action"": ""reduce_speed"", ""speed_limit"": 50, ""reason"": ""moderate_congestion""}"
2026-01-20 15:08:48,control_received,"{""action"": ""reduce_speed"", ""speed_limit"": 50, ""reason"": ""moderate_congestion""}"
2026-01-20 15:08:53,priority_mode,"{""action"": ""priority_mode"", ""signal"": ""green"", ""speed_limit"": 30, ""reason"": ""emergency""}"
2026-01-20 15:08:53,control_received,"{""action"": ""priority_mode"", ""signal"": ""green"", ""speed_limit"": 30, ""reason"": ""emergency""}"
2026-01-20 15:08:53,control_received,"{""action"": ""priority_mode"", ""signal"": ""green"", ""speed_limit"": 30, ""reason"": ""emergency""}"
2026-01-20 15:08:58,normal,"{""action"": ""normal"", ""speed_limit"": 60, ""reason"": ""normal""}"
2026-01-20 15:08:58,control_received,"{""action"": ""normal"", ""speed_limit"": 60, ""reason"": ""normal""}"
2026-01-20 15:08:58,control_received,"{""action"": ""normal"", ""speed_limit"": 60, ""reason"": ""normal""}"
2026-01-20 15:09:03,priority_mode,"{""action"": ""priority_mode"", ""signal"": ""green"", ""speed_limit"": 30, ""reason"": ""emergency""}"
2026-01-20 15:09:03,control_received,"{""action"": ""priority_mode"", ""signal"": ""green"", ""speed_limit"": 30, ""reason"": ""emergency""}"
2026-01-20 15:09:08,normal,"{""action"": ""normal"", ""speed_limit"": 60, ""reason"": ""normal""}"
2026-01-20 15:09:08,control_received,"{""action"": ""normal"", ""speed_limit"": 60, ""reason"": ""normal""}"
2026-01-20 15:09:08,control_received,"{""action"": ""normal"", ""speed_limit"": 60, ""reason"": ""normal""}"
2026-01-20 15:09:13,normal,"{""action"": ""normal"", ""speed_limit"": 60, ""reason"": ""normal""}"
2026-01-20 15:09:13,control_received,"{""action"": ""normal"", ""speed_limit"": 60, ""reason"": ""normal""}"
2026-01-20 15:09:18,priority_mode,"{""action"": ""priority_mode"", ""signal"": ""green"", ""speed_limit"": 30, ""reason"": ""emergency""}"
2026-01-20 15:09:18,control_received,"{""action"": ""priority_mode"", ""signal"": ""green"", ""speed_limit"": 30, ""reason"": ""emergency""}"
2026-01-20 15:09:18,control_received,"{""action"": ""priority_mode"", ""signal"": ""green"", ""speed_limit"": 30, ""reason"": ""emergency""}"
2026-01-20 15:09:23,normal,"{""action"": ""normal"", ""speed_limit"": 60, ""reason"": ""normal""}"
2026-01-20 15:09:23,control_received,"{""action"": ""normal"", ""speed_limit"": 60, ""reason"": ""normal""}"
2026-01-20 15:09:28,priority_mode,"{""action"": ""priority_mode"", ""signal"": ""green"", ""speed_limit"": 30, ""reason"": ""emergency""}"
2026-01-20 15:09:28,control_received,"{""action"": ""priority_mode"", ""signal"": ""green"", ""speed_limit"": 30, ""reason"": ""emergency""}"
2026-01-20 15:09:28,control_received,"{""action"": ""priority_mode"", ""signal"": ""green"", ""speed_limit"": 30, ""reason"": ""emergency""}"
2026-01-20 15:09:33,normal,"{""action"": ""normal"", ""speed_limit"": 60, ""reason"": ""normal""}"
2026-01-20 15:09:33,control_received,"{""action"": ""normal"", ""speed_limit"": 60, ""reason"": ""normal""}"
2026-01-20 15:09:33,control_received,"{""action"": ""normal"", ""speed_limit"": 60, ""reason"": ""normal""}"
2026-01-20 15:09:38,priority_mode,"{""action"": ""priority_mode"", ""signal"": ""green"", ""speed_limit"": 30, ""reason"": ""emergency""}"
2026-01-20 15:09:38,control_received,"{""action"": ""priority_mode"", ""signal"": ""green"", ""speed_limit"": 30, ""reason"": ""emergency""}"
2026-01-20 15:09:38,control_received,"{""action"": ""priority_mode"", ""signal"": ""green"", ""speed_limit"": 30, ""reason"": ""emergency""}"
2026-01-20 15:09:43,normal,"{""action"": ""normal"", ""speed_limit"": 60, ""reason"": ""normal""}"
2026-01-20 15:09:43,control_received,"{""action"": ""normal"", ""speed_limit"": 60, ""reason"": ""normal""}"
2026-01-20 15:09:43,control_received,"{""action"": ""normal"", ""speed_limit"": 60, ""reason"": ""normal""}"
2026-01-20 15:09:48,normal,"{""action"": ""normal"", ""speed_limit"": 60, ""reason"": ""normal""}"
2026-01-20 15:09:48,control_received,"{""action"": ""normal"", ""speed_limit"": 60, ""reason"": ""normal""}"
2026-01-20 15:09:48,control_received,"{""action"": ""normal"", ""speed_limit"": 60, ""reason"": ""normal""}"
2026-01-20 15:09:53,priority_mode,"{""action"": ""priority_mode"", ""signal"": ""green"", ""speed_limit"": 30, ""reason"": ""emergency""}"
2026-01-20 15:09:53,control_received,"{""action"": ""priority_mode"", ""signal"": ""green"", ""speed_limit"": 30, ""reason"": ""emergency""}"
2026-01-20 15:09:53,control_received,"{""action"": ""priority_mode"", ""signal"": ""green"", ""speed_limit"": 30, ""reason"": ""emergency""}"
2026-01-20 15:09:58,normal,"{""action"": ""normal"", ""speed_limit"": 60, ""reason"": ""normal""}"
2026-01-20 15:09:58,control_received,"{""action"": ""normal"", ""speed_limit"": 60, ""reason"": ""normal""}"
2026-01-20 15:09:58,control_received,"{""action"": ""normal"", ""speed_limit"": 60, ""reason"": ""normal""}"
2026-01-20 15:10:03,normal,"{""action"": ""normal"", ""speed_limit"": 60, ""reason"": ""normal""}"
2026-01-20 15:10:03,control_received,"{""action"": ""normal"", ""speed_limit"": 60, ""reason"": ""normal""}"
2026-01-20 15:10:08,normal,"{""action"": ""normal"", ""speed_limit"": 60, ""reason"": ""normal""}"
2026-01-20 15:10:08,control_received,"{""action"": ""normal"", ""speed_limit"": 60, ""reason"": ""normal""}"
2026-01-20 15:10:08,control_received,"{""action"": ""normal"", ""speed_limit"": 60, ""reason"": ""normal""}"
2026-01-20 15:10:13,priority_mode,"{""action"": ""priority_mode"", ""signal"": ""green"", ""speed_limit"": 30, ""reason"": ""emergency""}"
2026-01-20 15:10:13,control_received,"{""action"": ""priority_mode"", ""signal"": ""green"", ""speed_limit"": 30, ""reason"": ""emergency""}"
2026-01-20 15:10:18,priority_mode,"{""action"": ""priority_mode"", ""signal"": ""green"", ""speed_limit"": 30, ""reason"": ""emergency""}"
2026-01-20 15:10:18,control_received,"{""action"": ""priority_mode"", ""signal"": ""green"", ""speed_limit"": 30, ""reason"": ""emergency""}"
2026-01-20 15:10:18,control_received,"{""action"": ""priority_mode"", ""signal"": ""green"", ""speed_limit"": 30, ""reason"": ""emergency""}"
2026-01-20 15:10:23,priority_mode,"{""action"": ""priority_mode"", ""signal"": ""green"", ""speed_limit"": 30, ""reason"": ""emergency""}"
2026-01-20 15:10:23,control_received,"{""action"": ""priority_mode"", ""signal"": ""green"", ""speed_limit"": 30, ""reason"": ""emergency""}"
2026-01-20 15:10:28,priority_mode,"{""action"": ""priority_mode"", ""signal"": ""green"", ""speed_limit"": 30, ""reason"": ""emergency""}"
2026-01-20 15:10:28,control_received,"{""action"": ""priority_mode"", ""signal"": ""green"", ""speed_limit"": 30, ""reason"": ""emergency""}"
2026-01-20 15:10:28,control_received,"{""action"": ""priority_mode"", ""signal"": ""green"", ""speed_limit"": 30, ""reason"": ""emergency""}"
2026-01-20 15:10:33,priority_mode,"{""action"": ""priority_mode"", ""signal"": ""green"", ""speed_limit"": 30, ""reason"": ""emergency""}"
2026-01-20 15:10:33,control_received,"{""action"": ""priority_mode"", ""signal"": ""green"", ""speed_limit"": 30, ""reason"": ""emergency""}"
2026-01-20 15:10:38,priority_mode,"{""action"": ""priority_mode"", ""signal"": ""green"", ""speed_limit"": 30, ""reason"": ""emergency""}"
2026-01-20 15:10:38,control_received,"{""action"": ""priority_mode"", ""signal"": ""green"", ""speed_limit"": 30, ""reason"": ""emergency""}"
2026-01-20 15:10:38,control_received,"{""action"": ""priority_mode"", ""signal"": ""green"", ""speed_limit"": 30, ""reason"": ""emergency""}"
2026-01-20 15:10:43,priority_mode,"{""action"": ""priority_mode"", ""signal"": ""green"", ""speed_limit"": 30, ""reason"": ""emergency""}"
2026-01-20 15:10:43,control_received,"{""action"": ""priority_mode"", ""signal"": ""green"", ""speed_limit"": 30, ""reason"": ""emergency""}"
2026-01-20 15:10:48,normal,"{""action"": ""normal"", ""speed_limit"": 60, ""reason"": ""normal""}"
2026-01-20 15:10:48,control_received,"{""action"": ""normal"", ""speed_limit"": 60, ""reason"": ""normal""}"
2026-01-20 15:10:53,normal,"{""action"": ""normal"", ""speed_limit"": 60, ""reason"": ""normal""}"
2026-01-20 15:10:53,control_received,"{""action"": ""normal"", ""speed_limit"": 60, ""reason"": ""normal""}"
2026-01-20 15:10:53,control_received,"{""action"": ""normal"", ""speed_limit"": 60, ""reason"": ""normal""}"
2026-01-20 15:10:58,normal,"{""action"": ""normal"", ""speed_limit"": 60, ""reason"": ""normal""}"
2026-01-20 15:10:58,control_received,"{""action"": ""normal"", ""speed_limit"": 60, ""reason"": ""normal""}"
2026-01-20 15:10:58,control_received,"{""action"": ""normal"", ""speed_limit"": 60, ""reason"": ""normal""}"
2026-01-20 15:11:03,reduce_speed,"{""action"": ""reduce_speed"", ""speed_limit"": 50, ""reason"": ""moderate_congestion""}"
2026-01-20 15:11:03,control_received,"{""action"": ""reduce_speed"", ""speed_limit"": 50, ""reason"": ""moderate_congestion""}"
2026-01-20 15:11:08,normal,"{""action"": ""normal"", ""speed_limit"": 60, ""reason"": ""normal""}"
2026-01-20 15:11:08,control_received,"{""action"": ""normal"", ""speed_limit"": 60, ""reason"": ""normal""}"
2026-01-20 15:11:08,control_received,"{""action"": ""normal"", ""speed_limit"": 60, ""reason"": ""normal""}"
2026-01-20 15:11:13,normal,"{""action"": ""normal"", ""speed_limit"": 60, ""reason"": ""normal""}"
2026-01-20 15:11:13,control_received,"{""action"": ""normal"", ""speed_limit"": 60, ""reason"": ""normal""}"
2026-01-20 15:11:18,priority_mode,"{""action"": ""priority_mode"", ""signal"": ""green"", ""speed_limit"": 30, ""reason"": ""emergency""}"
2026-01-20 15:11:18,control_received,"{""action"": ""priority_mode"", ""signal"": ""green"", ""speed_limit"": 30, ""reason"": ""emergency""}"
2026-01-20 15:11:18,control_received,"{""action"": ""priority_mode"", ""signal"": ""green"", ""speed_limit"": 30, ""reason"": ""emergency""}"
2026-01-20 15:11:23,reduce_speed,"{""action"": ""reduce_speed"", ""speed_limit"": 50, ""reason"": ""moderate_congestion""}"
2026-01-20 15:11:23,control_received,"{""action"": ""reduce_speed"", ""speed_limit"": 50, ""reason"": ""moderate_congestion""}"
2026-01-20 15:11:23,control_received,"{""action"": ""reduce_speed"", ""speed_limit"": 50, ""reason"": ""moderate_congestion""}"
2026-01-20 15:11:28,normal,"{""action"": ""normal"", ""speed_limit"": 60, ""reason"": ""normal""}"
2026-01-20 15:11:28,control_received,"{""action"": ""normal"", ""speed_limit"": 60, ""reason"": ""normal""}"
2026-01-20 15:11:28,control_received,"{""action"": ""normal"", ""speed_limit"": 60, ""reason"": ""normal""}"
2026-01-20 15:11:33,priority_mode,"{""action"": ""priority_mode"", ""signal"": ""green"", ""speed_limit"": 30, ""reason"": ""emergency""}"
2026-01-20 15:11:33,control_received,"{""action"": ""priority_mode"", ""signal"": ""green"", ""speed_limit"": 30, ""reason"": ""emergency""}"
2026-01-20 15:11:38,normal,"{""action"": ""normal"", ""speed_limit"": 60, ""reason"": ""normal""}"
2026-01-20 15:11:38,control_received,"{""action"": ""normal"", ""speed_limit"": 60, ""reason"": ""normal""}"
2026-01-20 15:11:43,reduce_speed,"{""action"": ""reduce_speed"", ""speed_limit"": 50, ""reason"": ""moderate_congestion""}"
2026-01-20 15:11:43,control_received,"{""action"": ""reduce_speed"", ""speed_limit"": 50, ""reason"": ""moderate_congestion""}"
2026-01-20 15:11:48,reduce_speed,"{""action"": ""reduce_speed"", ""speed_limit"": 50, ""reason"": ""moderate_congestion""}"
2026-01-20 15:11:48,control_received,"{""action"": ""reduce_speed"", ""speed_limit"": 50, ""reason"": ""moderate_congestion""}"
2026-01-20 15:11:48,control_received,"{""action"": ""reduce_speed"", ""speed_limit"": 50, ""reason"": ""moderate_congestion""}"
2026-01-20 15:11:53,normal,"{""action"": ""normal"", ""speed_limit"": 60, ""reason"": ""normal""}"
2026-01-20 15:11:53,control_received,"{""action"": ""normal"", ""speed_limit"": 60, ""reason"": ""normal""}"
2026-01-20 15:11:58,priority_mode,"{""action"": ""priority_mode"", ""signal"": ""green"", ""speed_limit"": 30, ""reason"": ""emergency""}"
2026-01-20 15:11:58,control_received,"{""action"": ""priority_mode"", ""signal"": ""green"", ""speed_limit"": 30, ""reason"": ""emergency""}"
2026-01-20 15:11:58,control_received,"{""action"": ""priority_mode"", ""signal"": ""green"", ""speed_limit"": 30, ""reason"": ""emergency""}"
2026-01-20 15:12:03,normal,"{""action"": ""normal"", ""speed_limit"": 60, ""reason"": ""normal""}"
2026-01-20 15:12:03,control_received,"{""action"": ""normal"", ""speed_limit"": 60, ""reason"": ""normal""}"
2026-01-20 15:12:03,control_received,"{""action"": ""normal"", ""speed_limit"": 60, ""reason"": ""normal""}"
2026-01-20 15:12:08,normal,"{""action"": ""normal"", ""speed_limit"": 60, ""reason"": ""normal""}"
2026-01-20 15:12:08,control_received,"{""action"": ""normal"", ""speed_limit"": 60, ""reason"": ""normal""}"
2026-01-20 15:12:08,control_received,"{""action"": ""normal"", ""speed_limit"": 60, ""reason"": ""normal""}"
2026-01-20 15:12:13,priority_mode,"{""action"": ""priority_mode"", ""signal"": ""green"", ""speed_limit"": 30, ""reason"": ""emergency""}"
2026-01-20 15:12:13,control_received,"{""action"": ""priority_mode"", ""signal"": ""green"", ""speed_limit"": 30, ""reason"": ""emergency""}"
2026-01-20 15:12:13,control_received,"{""action"": ""priority_mode"", ""signal"": ""green"", ""speed_limit"": 30, ""reason"": ""emergency""}"
2026-01-20 15:12:18,normal,"{""action"": ""normal"", ""speed_limit"": 60, ""reason"": ""normal""}"
2026-01-20 15:12:18,control_received,"{""action"": ""normal"", ""speed_limit"": 60, ""reason"": ""normal""}"
2026-01-20 15:12:23,reduce_speed,"{""action"": ""reduce_speed"", ""speed_limit"": 50, ""reason"": ""moderate_congestion""}"
2026-01-20 15:12:23,control_received,"{""action"": ""reduce_speed"", ""speed_limit"": 50, ""reason"": ""moderate_congestion""}"
2026-01-20 15:12:23,control_received,"{""action"": ""reduce_speed"", ""speed_limit"": 50, ""reason"": ""moderate_congestion""}"
2026-01-20 15:12:28,reduce_speed,"{""action"": ""reduce_speed"", ""speed_limit"": 50, ""reason"": ""moderate_congestion""}"
2026-01-20 15:12:28,control_received,"{""action"": ""reduce_speed"", ""speed_limit"": 50, ""reason"": ""moderate_congestion""}"
2026-01-20 15:12:28,control_received,"{""action"": ""reduce_speed"", ""speed_limit"": 50, ""reason"": ""moderate_congestion""}"
2026-01-20 15:12:33,priority_mode,"{""action"": ""priority_mode"", ""signal"": ""green"", ""speed_limit"": 30, ""reason"": ""emergency""}"
2026-01-20 15:12:33,control_received,"{""action"": ""priority_mode"", ""signal"": ""green"", ""speed_limit"": 30, ""reason"": ""emergency""}"
2026-01-20 15:12:33,control_received,"{""action"": ""priority_mode"", ""signal"": ""green"", ""speed_limit"": 30, ""reason"": ""emergency""}"
2026-01-20 15:12:38,normal,"{""action"": ""normal"", ""speed_limit"": 60, ""reason"": ""normal""}"
2026-01-20 15:12:38,control_received,"{""action"": ""normal"", ""speed_limit"": 60, ""reason"": ""normal""}"
2026-01-20 15:12:38,control_received,"{""action"": ""normal"", ""speed_limit"": 60, ""reason"": ""normal""}"
2026-01-20 15:12:43,priority_mode,"{""action"": ""priority_mode"", ""signal"": ""green"", ""speed_limit"": 30, ""reason"": ""emergency""}"
2026-01-20 15:12:43,control_received,"{""action"": ""priority_mode"", ""signal"": ""green"", ""speed_limit"": 30, ""reason"": ""emergency""}"
2026-01-20 15:12:43,control_received,"{""action"": ""priority_mode"", ""signal"": ""green"", ""speed_limit"": 30, ""reason"": ""emergency""}"
2026-01-20 15:12:48,normal,"{""action"": ""normal"", ""speed_limit"": 60, ""reason"": ""normal""}"
2026-01-20 15:12:48,control_received,"{""action"": ""normal"", ""speed_limit"": 60, ""reason"": ""normal""}"
2026-01-20 15:12:48,control_received,"{""action"": ""normal"", ""speed_limit"": 60, ""reason"": ""normal""}"
2026-01-20 15:12:53,priority_mode,"{""action"": ""priority_mode"", ""signal"": ""green"", ""speed_limit"": 30, ""reason"": ""emergency""}"
2026-01-20 15:12:53,control_received,"{""action"": ""priority_mode"", ""signal"": ""green"", ""speed_limit"": 30, ""reason"": ""emergency""}"
2026-01-20 15:12:53,control_received,"{""action"": ""priority_mode"", ""signal"": ""green"", ""speed_limit"": 30, ""reason"": ""emergency""}"
2026-01-20 15:12:58,priority_mode,"{""action"": ""priority_mode"", ""signal"": ""green"", ""speed_limit"": 30, ""reason"": ""emergency""}"
2026-01-20 15:12:58,control_received,"{""action"": ""priority_mode"", ""signal"": ""green"", ""speed_limit"": 30, ""reason"": ""emergency""}"
2026-01-20 15:12:58,control_received,"{""action"": ""priority_mode"", ""signal"": ""green"", ""speed_limit"": 30, ""reason"": ""emergency""}"
2026-01-20 15:13:03,normal,"{""action"": ""normal"", ""speed_limit"": 60, ""reason"": ""normal""}"
2026-01-20 15:13:03,control_received,"{""action"": ""normal"", ""speed_limit"": 60, ""reason"": ""normal""}"
2026-01-20 15:13:03,control_received,"{""action"": ""normal"", ""speed_limit"": 60, ""reason"": ""normal""}"
2026-01-20 15:13:08,normal,"{""action"": ""normal"", ""speed_limit"": 60, ""reason"": ""normal""}"
2026-01-20 15:13:08,control_received,"{""action"": ""normal"", ""speed_limit"": 60, ""reason"": ""normal""}"
2026-01-20 15:13:08,control_received,"{""action"": ""normal"", ""speed_limit"": 60, ""reason"": ""normal""}"
2026-01-20 15:13:13,normal,"{""action"": ""normal"", ""speed_limit"": 60, ""reason"": ""normal""}"
2026-01-20 15:13:13,control_received,"{""action"": ""normal"", ""speed_limit"": 60, ""reason"": ""normal""}"
2026-01-20 15:13:13,control_received,"{""action"": ""normal"", ""speed_limit"": 60, ""reason"": ""normal""}"
2026-01-20 15:13:18,priority_mode,"{""action"": ""priority_mode"", ""signal"": ""green"", ""speed_limit"": 30, ""reason"": ""emergency""}"
2026-01-20 15:13:18,control_received,"{""action"": ""priority_mode"", ""signal"": ""green"", ""speed_limit"": 30, ""reason"": ""emergency""}"
2026-01-20 15:13:23,normal,"{""action"": ""normal"", ""speed_limit"": 60, ""reason"": ""normal""}"
2026-01-20 15:13:23,control_received,"{""action"": ""normal"", ""speed_limit"": 60, ""reason"": ""normal""}"
2026-01-20 15:13:28,normal,"{""action"": ""normal"", ""speed_limit"": 60, ""reason"": ""normal""}"
2026-01-20 15:13:28,control_received,"{""action"": ""normal"", ""speed_limit"": 60, ""reason"": ""normal""}"
2026-01-20 15:13:33,priority_mode,"{""action"": ""priority_mode"", ""signal"": ""green"", ""speed_limit"": 30, ""reason"": ""emergency""}"
2026-01-20 15:13:33,control_received,"{""action"": ""priority_mode"", ""signal"": ""green"", ""speed_limit"": 30, ""reason"": ""emergency""}"
2026-01-20 15:13:33,control_received,"{""action"": ""priority_mode"", ""signal"": ""green"", ""speed_limit"": 30, ""reason"": ""emergency""}"
2026-01-20 15:13:38,reduce_speed,"{""action"": ""reduce_speed"", ""speed_limit"": 50, ""reason"": ""moderate_congestion""}"
2026-01-20 15:13:38,control_received,"{""action"": ""reduce_speed"", ""speed_limit"": 50, ""reason"": ""moderate_congestion""}"
2026-01-20 15:13:38,control_received,"{""action"": ""reduce_speed"", ""speed_limit"": 50, ""reason"": ""moderate_congestion""}"
2026-01-20 15:13:43,normal,"{""action"": ""normal"", ""speed_limit"": 60, ""reason"": ""normal""}"
2026-01-20 15:13:43,control_received,"{""action"": ""normal"", ""speed_limit"": 60, ""reason"": ""normal""}"
2026-01-20 15:13:43,control_received,"{""action"": ""normal"", ""speed_limit"": 60, ""reason"": ""normal""}"
2026-01-20 15:13:48,priority_mode,"{""action"": ""priority_mode"", ""signal"": ""green"", ""speed_limit"": 30, ""reason"": ""emergency""}"
2026-01-20 15:13:48,control_received,"{""action"": ""priority_mode"", ""signal"": ""green"", ""speed_limit"": 30, ""reason"": ""emergency""}"
2026-01-20 15:13:53,normal,"{""action"": ""normal"", ""speed_limit"": 60, ""reason"": ""normal""}"
2026-01-20 15:13:53,control_received,"{""action"": ""normal"", ""speed_limit"": 60, ""reason"": ""normal""}"
2026-01-20 15:13:53,control_received,"{""action"": ""normal"", ""speed_limit"": 60, ""reason"": ""normal""}"
2026-01-20 15:13:58,priority_mode,"{""action"": ""priority_mode"", ""signal"": ""green"", ""speed_limit"": 30, ""reason"": ""emergency""}"
2026-01-20 15:13:58,control_received,"{""action"": ""priority_mode"", ""signal"": ""green"", ""speed_limit"": 30, ""reason"": ""emergency""}"
2026-01-20 15:14:03,normal,"{""action"": ""normal"", ""speed_limit"": 60, ""reason"": ""normal""}"
2026-01-20 15:14:03,control_received,"{""action"": ""normal"", ""speed_limit"": 60, ""reason"": ""normal""}"
2026-01-20 15:14:03,control_received,"{""action"": ""normal"", ""speed_limit"": 60, ""reason"": ""normal""}"
2026-01-20 15:14:08,priority_mode,"{""action"": ""priority_mode"", ""signal"": ""green"", ""speed_limit"": 30, ""reason"": ""emergency""}"
2026-01-20 15:14:08,control_received,"{""action"": ""priority_mode"", ""signal"": ""green"", ""speed_limit"": 30, ""reason"": ""emergency""}"
2026-01-20 15:14:08,control_received,"{""action"": ""priority_mode"", ""signal"": ""green"", ""speed_limit"": 30, ""reason"": ""emergency""}"
2026-01-20 15:14:13,normal,"{""action"": ""normal"", ""speed_limit"": 60, ""reason"": ""normal""}"
2026-01-20 15:14:13,control_received,"{""action"": ""normal"", ""speed_limit"": 60, ""reason"": ""normal""}"
2026-01-20 15:14:13,control_received,"{""action"": ""normal"", ""speed_limit"": 60, ""reason"": ""normal""}"
2026-01-20 15:14:18,priority_mode,"{""action"": ""priority_mode"", ""signal"": ""green"", ""speed_limit"": 30, ""reason"": ""emergency""}"
2026-01-20 15:14:18,control_received,"{""action"": ""priority_mode"", ""signal"": ""green"", ""speed_limit"": 30, ""reason"": ""emergency""}"
2026-01-20 15:14:23,normal,"{""action"": ""normal"", ""speed_limit"": 60, ""reason"": ""normal""}"
2026-01-20 15:14:23,control_received,"{""action"": ""normal"", ""speed_limit"": 60, ""reason"": ""normal""}"
2026-01-20 15:14:28,priority_mode,"{""action"": ""priority_mode"", ""signal"": ""green"", ""speed_limit"": 30, ""reason"": ""emergency""}"
2026-01-20 15:14:28,control_received,"{""action"": ""priority_mode"", ""signal"": ""green"", ""speed_limit"": 30, ""reason"": ""emergency""}"
2026-01-20 15:14:28,control_received,"{""action"": ""priority_mode"", ""signal"": ""green"", ""speed_limit"": 30, ""reason"": ""emergency""}"
2026-01-20 15:14:33,normal,"{""action"": ""normal"", ""speed_limit"": 60, ""reason"": ""normal""}"
2026-01-20 15:14:33,control_received,"{""action"": ""normal"", ""speed_limit"": 60, ""reason"": ""normal""}"
2026-01-20 15:14:33,control_received,"{""action"": ""normal"", ""speed_limit"": 60, ""reason"": ""normal""}"
2026-01-20 15:14:38,normal,"{""action"": ""normal"", ""speed_limit"": 60, ""reason"": ""normal""}"
2026-01-20 15:14:38,control_received,"{""action"": ""normal"", ""speed_limit"": 60, ""reason"": ""normal""}"
2026-01-20 15:14:43,normal,"{""action"": ""normal"", ""speed_limit"": 60, ""reason"": ""normal""}"
2026-01-20 15:14:43,control_received,"{""action"": ""normal"", ""speed_limit"": 60, ""reason"": ""normal""}"
2026-01-20 15:14:48,priority_mode,"{""action"": ""priority_mode"", ""signal"": ""green"", ""speed_limit"": 30, ""reason"": ""emergency""}"
2026-01-20 15:14:48,control_received,"{""action"": ""priority_mode"", ""signal"": ""green"", ""speed_limit"": 30, ""reason"": ""emergency""}"
2026-01-20 15:14:53,priority_mode,"{""action"": ""priority_mode"", ""signal"": ""green"", ""speed_limit"": 30, ""reason"": ""emergency""}"
2026-01-20 15:14:53,control_received,"{""action"": ""priority_mode"", ""signal"": ""green"", ""speed_limit"": 30, ""reason"": ""emergency""}"
2026-01-20 15:14:58,normal,"{""action"": ""normal"", ""speed_limit"": 60, ""reason"": ""normal""}"
2026-01-20 15:14:58,control_received,"{""action"": ""normal"", ""speed_limit"": 60, ""reason"": ""normal""}"
2026-01-20 15:14:58,control_received,"{""action"": ""normal"", ""speed_limit"": 60, ""reason"": ""normal""}"
2026-01-20 15:15:03,reduce_speed,"{""action"": ""reduce_speed"", ""speed_limit"": 50, ""reason"": ""moderate_congestion""}"
2026-01-20 15:15:03,control_received,"{""action"": ""reduce_speed"", ""speed_limit"": 50, ""reason"": ""moderate_congestion""}"
2026-01-20 15:15:08,normal,"{""action"": ""normal"", ""speed_limit"": 60, ""reason"": ""normal""}"
2026-01-20 15:15:08,control_received,"{""action"": ""normal"", ""speed_limit"": 60, ""reason"": ""normal""}"
2026-01-20 15:15:13,normal,"{""action"": ""normal"", ""speed_limit"": 60, ""reason"": ""normal""}"
2026-01-20 15:15:13,control_received,"{""action"": ""normal"", ""speed_limit"": 60, ""reason"": ""normal""}"
2026-01-20 15:15:13,control_received,"{""action"": ""normal"", ""speed_limit"": 60, ""reason"": ""normal""}"
2026-01-20 15:15:18,normal,"{""action"": ""normal"", ""speed_limit"": 60, ""reason"": ""normal""}"
2026-01-20 15:15:18,control_received,"{""action"": ""normal"", ""speed_limit"": 60, ""reason"": ""normal""}"
2026-01-20 15:15:23,normal,"{""action"": ""normal"", ""speed_limit"": 60, ""reason"": ""normal""}"
2026-01-20 15:15:23,control_received,"{""action"": ""normal"", ""speed_limit"": 60, ""reason"": ""normal""}"
2026-01-20 15:15:23,control_received,"{""action"": ""normal"", ""speed_limit"": 60, ""reason"": ""normal""}"
2026-01-20 15:15:28,normal,"{""action"": ""normal"", ""speed_limit"": 60, ""reason"": ""normal""}"
2026-01-20 15:15:28,control_received,"{""action"": ""normal"", ""speed_limit"": 60, ""reason"": ""normal""}"
2026-01-20 15:15:33,normal,"{""action"": ""normal"", ""speed_limit"": 60, ""reason"": ""normal""}"
2026-01-20 15:15:33,control_received,"{""action"": ""normal"", ""speed_limit"": 60, ""reason"": ""normal""}"
2026-01-20 15:15:33,control_received,"{""action"": ""normal"", ""speed_limit"": 60, ""reason"": ""normal""}"
2026-01-20 15:15:38,normal,"{""action"": ""normal"", ""speed_limit"": 60, ""reason"": ""normal""}"
2026-01-20 15:15:38,control_received,"{""action"": ""normal"", ""speed_limit"": 60, ""reason"": ""normal""}"
2026-01-20 15:15:38,control_received,"{""action"": ""normal"", ""speed_limit"": 60, ""reason"": ""normal""}"
2026-01-20 15:15:43,priority_mode,"{""action"": ""priority_mode"", ""signal"": ""green"", ""speed_limit"": 30, ""reason"": ""emergency""}"
2026-01-20 15:15:43,control_received,"{""action"": ""priority_mode"", ""signal"": ""green"", ""speed_limit"": 30, ""reason"": ""emergency""}"
2026-01-20 15:15:43,control_received,"{""action"": ""priority_mode"", ""signal"": ""green"", ""speed_limit"": 30, ""reason"": ""emergency""}"
2026-01-20 15:15:48,priority_mode,"{""action"": ""priority_mode"", ""signal"": ""green"", ""speed_limit"": 30, ""reason"": ""emergency""}"
2026-01-20 15:15:48,control_received,"{""action"": ""priority_mode"", ""signal"": ""green"", ""speed_limit"": 30, ""reason"": ""emergency""}"
2026-01-20 15:15:48,control_received,"{""action"": ""priority_mode"", ""signal"": ""green"", ""speed_limit"": 30, ""reason"": ""emergency""}"
2026-01-20 15:15:53,priority_mode,"{""action"": ""priority_mode"", ""signal"": ""green"", ""speed_limit"": 30, ""reason"": ""emergency""}"
2026-01-20 15:15:53,control_received,"{""action"": ""priority_mode"", ""signal"": ""green"", ""speed_limit"": 30, ""reason"": ""emergency""}"
2026-01-20 15:15:58,normal,"{""action"": ""normal"", ""speed_limit"": 60, ""reason"": ""normal""}"
2026-01-20 15:15:58,control_received,"{""action"": ""normal"", ""speed_limit"": 60, ""reason"": ""normal""}"
2026-01-20 15:15:58,control_received,"{""action"": ""normal"", ""speed_limit"": 60, ""reason"": ""normal""}"
2026-01-20 15:16:03,normal,"{""action"": ""normal"", ""speed_limit"": 60, ""reason"": ""normal""}"
2026-01-20 15:16:03,control_received,"{""action"": ""normal"", ""speed_limit"": 60, ""reason"": ""normal""}"
2026-01-20 15:16:03,control_received,"{""action"": ""normal"", ""speed_limit"": 60, ""reason"": ""normal""}"
2026-01-20 15:16:08,priority_mode,"{""action"": ""priority_mode"", ""signal"": ""green"", ""speed_limit"": 30, ""reason"": ""emergency""}"
2026-01-20 15:16:08,control_received,"{""action"": ""priority_mode"", ""signal"": ""green"", ""speed_limit"": 30, ""reason"": ""emergency""}"
2026-01-20 15:16:08,control_received,"{""action"": ""priority_mode"", ""signal"": ""green"", ""speed_limit"": 30, ""reason"": ""emergency""}"
2026-01-20 15:16:13,normal,"{""action"": ""normal"", ""speed_limit"": 60, ""reason"": ""normal""}"
2026-01-20 15:16:13,control_received,"{""action"": ""normal"", ""speed_limit"": 60, ""reason"": ""normal""}"
2026-01-20 15:16:13,control_received,"{""action"": ""normal"", ""speed_limit"": 60, ""reason"": ""normal""}"
2026-01-20 15:16:18,normal,"{""action"": ""normal"", ""speed_limit"": 60, ""reason"": ""normal""}"
2026-01-20 15:16:18,control_received,"{""action"": ""normal"", ""speed_limit"": 60, ""reason"": ""normal""}"
2026-01-20 15:16:18,control_received,"{""action"": ""normal"", ""speed_limit"": 60, ""reason"": ""normal""}"
2026-01-20 15:16:23,priority_mode,"{""action"": ""priority_mode"", ""signal"": ""green"", ""speed_limit"": 30, ""reason"": ""emergency""}"
2026-01-20 15:16:23,control_received,"{""action"": ""priority_mode"", ""signal"": ""green"", ""speed_limit"": 30, ""reason"": ""emergency""}"
2026-01-20 15:16:23,control_received,"{""action"": ""priority_mode"", ""signal"": ""green"", ""speed_limit"": 30, ""reason"": ""emergency""}"
2026-01-20 15:16:28,normal,"{""action"": ""normal"", ""speed_limit"": 60, ""reason"": ""normal""}"
2026-01-20 15:16:28,control_received,"{""action"": ""normal"", ""speed_limit"": 60, ""reason"": ""normal""}"
2026-01-20 15:16:28,control_received,"{""action"": ""normal"", ""speed_limit"": 60, ""reason"": ""normal""}"
2026-01-20 15:16:33,normal,"{""action"": ""normal"", ""speed_limit"": 60, ""reason"": ""normal""}"
2026-01-20 15:16:33,control_received,"{""action"": ""normal"", ""speed_limit"": 60, ""reason"": ""normal""}"
2026-01-20 15:16:33,control_received,"{""action"": ""normal"", ""speed_limit"": 60, ""reason"": ""normal""}"
2026-01-20 15:16:38,normal,"{""action"": ""normal"", ""speed_limit"": 60, ""reason"": ""normal""}"
2026-01-20 15:16:38,control_received,"{""action"": ""normal"", ""speed_limit"": 60, ""reason"": ""normal""}"
2026-01-20 15:16:43,priority_mode,"{""action"": ""priority_mode"", ""signal"": ""green"", ""speed_limit"": 30, ""reason"": ""emergency""}"
2026-01-20 15:16:43,control_received,"{""action"": ""priority_mode"", ""signal"": ""green"", ""speed_limit"": 30, ""reason"": ""emergency""}"
2026-01-20 15:16:43,control_received,"{""action"": ""priority_mode"", ""signal"": ""green"", ""speed_limit"": 30, ""reason"": ""emergency""}"
2026-01-20 15:16:48,normal,"{""action"": ""normal"", ""speed_limit"": 60, ""reason"": ""normal""}"
2026-01-20 15:16:48,control_received,"{""action"": ""normal"", ""speed_limit"": 60, ""reason"": ""normal""}"
2026-01-20 15:16:53,reduce_speed,"{""action"": ""reduce_speed"", ""speed_limit"": 50, ""reason"": ""moderate_congestion""}"
2026-01-20 15:16:53,control_received,"{""action"": ""reduce_speed"", ""speed_limit"": 50, ""reason"": ""moderate_congestion""}"
2026-01-20 15:16:58,normal,"{""action"": ""normal"", ""speed_limit"": 60, ""reason"": ""normal""}"
2026-01-20 15:16:58,control_received,"{""action"": ""normal"", ""speed_limit"": 60, ""reason"": ""normal""}"
2026-01-20 15:17:03,priority_mode,"{""action"": ""priority_mode"", ""signal"": ""green"", ""speed_limit"": 30, ""reason"": ""emergency""}"
2026-01-20 15:17:03,control_received,"{""action"": ""priority_mode"", ""signal"": ""green"", ""speed_limit"": 30, ""reason"": ""emergency""}"
2026-01-20 15:17:03,control_received,"{""action"": ""priority_mode"", ""signal"": ""green"", ""speed_limit"": 30, ""reason"": ""emergency""}"
2026-01-20 15:17:08,normal,"{""action"": ""normal"", ""speed_limit"": 60, ""reason"": ""normal""}"
2026-01-20 15:17:08,control_received,"{""action"": ""normal"", ""speed_limit"": 60, ""reason"": ""normal""}"
2026-01-20 15:17:08,control_received,"{""action"": ""normal"", ""speed_limit"": 60, ""reason"": ""normal""}"
2026-01-20 15:17:13,priority_mode,"{""action"": ""priority_mode"", ""signal"": ""green"", ""speed_limit"": 30, ""reason"": ""emergency""}"
2026-01-20 15:17:13,control_received,"{""action"": ""priority_mode"", ""signal"": ""green"", ""speed_limit"": 30, ""reason"": ""emergency""}"
2026-01-20 15:17:13,control_received,"{""action"": ""priority_mode"", ""signal"": ""green"", ""speed_limit"": 30, ""reason"": ""emergency""}"
2026-01-20 15:17:18,priority_mode,"{""action"": ""priority_mode"", ""signal"": ""green"", ""speed_limit"": 30, ""reason"": ""emergency""}"
2026-01-20 15:17:18,control_received,"{""action"": ""priority_mode"", ""signal"": ""green"", ""speed_limit"": 30, ""reason"": ""emergency""}"
2026-01-20 15:17:18,control_received,"{""action"": ""priority_mode"", ""signal"": ""green"", ""speed_limit"": 30, ""reason"": ""emergency""}"
2026-01-20 15:17:23,normal,"{""action"": ""normal"", ""speed_limit"": 60, ""reason"": ""normal""}"
2026-01-20 15:17:23,control_received,"{""action"": ""normal"", ""speed_limit"": 60, ""reason"": ""normal""}"
2026-01-20 15:17:23,control_received,"{""action"": ""normal"", ""speed_limit"": 60, ""reason"": ""normal""}"
2026-01-20 15:17:28,normal,"{""action"": ""normal"", ""speed_limit"": 60, ""reason"": ""normal""}"
2026-01-20 15:17:28,control_received,"{""action"": ""normal"", ""speed_limit"": 60, ""reason"": ""normal""}"
2026-01-20 15:17:28,control_received,"{""action"": ""normal"", ""speed_limit"": 60, ""reason"": ""normal""}"
2026-01-20 15:17:33,normal,"{""action"": ""normal"", ""speed_limit"": 60, ""reason"": ""normal""}"
2026-01-20 15:17:33,control_received,"{""action"": ""normal"", ""speed_limit"": 60, ""reason"": ""normal""}"
2026-01-20 15:17:38,priority_mode,"{""action"": ""priority_mode"", ""signal"": ""green"", ""speed_limit"": 30, ""reason"": ""emergency""}"
2026-01-20 15:17:38,control_received,"{""action"": ""priority_mode"", ""signal"": ""green"", ""speed_limit"": 30, ""reason"": ""emergency""}"
2026-01-20 15:17:38,control_received,"{""action"": ""priority_mode"", ""signal"": ""green"", ""speed_limit"": 30, ""reason"": ""emergency""}"
2026-01-20 15:17:43,reduce_speed,"{""action"": ""reduce_speed"", ""speed_limit"": 50, ""reason"": ""moderate_congestion""}"
2026-01-20 15:17:43,control_received,"{""action"": ""reduce_speed"", ""speed_limit"": 50, ""reason"": ""moderate_congestion""}"
2026-01-20 15:17:43,control_received,"{""action"": ""reduce_speed"", ""speed_limit"": 50, ""reason"": ""moderate_congestion""}"
2026-01-20 15:17:48,normal,"{""action"": ""normal"", ""speed_limit"": 60, ""reason"": ""normal""}"
2026-01-20 15:17:48,control_received,"{""action"": ""normal"", ""speed_limit"": 60, ""reason"": ""normal""}"
2026-01-20 15:17:48,control_received,"{""action"": ""normal"", ""speed_limit"": 60, ""reason"": ""normal""}"
2026-01-20 15:17:53,normal,"{""action"": ""normal"", ""speed_limit"": 60, ""reason"": ""normal""}"
2026-01-20 15:17:53,control_received,"{""action"": ""normal"", ""speed_limit"": 60, ""reason"": ""normal""}"
2026-01-20 15:17:53,control_received,"{""action"": ""normal"", ""speed_limit"": 60, ""reason"": ""normal""}"
2026-01-20 15:17:58,priority_mode,"{""action"": ""priority_mode"", ""signal"": ""green"", ""speed_limit"": 30, ""reason"": ""emergency""}"
2026-01-20 15:17:58,control_received,"{""action"": ""priority_mode"", ""signal"": ""green"", ""speed_limit"": 30, ""reason"": ""emergency""}"
2026-01-20 15:18:03,reduce_speed,"{""action"": ""reduce_speed"", ""speed_limit"": 50, ""reason"": ""moderate_congestion""}"
2026-01-20 15:18:03,control_received,"{""action"": ""reduce_speed"", ""speed_limit"": 50, ""reason"": ""moderate_congestion""}"
2026-01-20 15:18:08,normal,"{""action"": ""normal"", ""speed_limit"": 60, ""reason"": ""normal""}"
2026-01-20 15:18:08,control_received,"{""action"": ""normal"", ""speed_limit"": 60, ""reason"": ""normal""}"
2026-01-20 15:18:13,priority_mode,"{""action"": ""priority_mode"", ""signal"": ""green"", ""speed_limit"": 30, ""reason"": ""emergency""}"
2026-01-20 15:18:13,control_received,"{""action"": ""priority_mode"", ""signal"": ""green"", ""speed_limit"": 30, ""reason"": ""emergency""}"
2026-01-20 15:18:18,normal,"{""action"": ""normal"", ""speed_limit"": 60, ""reason"": ""normal""}"
2026-01-20 15:18:18,control_received,"{""action"": ""normal"", ""speed_limit"": 60, ""reason"": ""normal""}"
2026-01-20 15:18:18,control_received,"{""action"": ""normal"", ""speed_limit"": 60, ""reason"": ""normal""}"
2026-01-20 15:18:23,normal,"{""action"": ""normal"", ""speed_limit"": 60, ""reason"": ""normal""}"
2026-01-20 15:18:23,control_received,"{""action"": ""normal"", ""speed_limit"": 60, ""reason"": ""normal""}"
2026-01-20 15:18:23,control_received,"{""action"": ""normal"", ""speed_limit"": 60, ""reason"": ""normal""}"
2026-01-20 15:18:28,normal,"{""action"": ""normal"", ""speed_limit"": 60, ""reason"": ""normal""}"
2026-01-20 15:18:28,control_received,"{""action"": ""normal"", ""speed_limit"": 60, ""reason"": ""normal""}"
2026-01-20 15:18:28,control_received,"{""action"": ""normal"", ""speed_limit"": 60, ""reason"": ""normal""}"
2026-01-20 15:18:33,normal,"{""action"": ""normal"", ""speed_limit"": 60, ""reason"": ""normal""}"
2026-01-20 15:18:33,control_received,"{""action"": ""normal"", ""speed_limit"": 60, ""reason"": ""normal""}"
2026-01-20 15:18:38,normal,"{""action"": ""normal"", ""speed_limit"": 60, ""reason"": ""normal""}"
2026-01-20 15:18:38,control_received,"{""action"": ""normal"", ""speed_limit"": 60, ""reason"": ""normal""}"
2026-01-20 15:18:43,normal,"{""action"": ""normal"", ""speed_limit"": 60, ""reason"": ""normal""}"
2026-01-20 15:18:43,control_received,"{""action"": ""normal"", ""speed_limit"": 60, ""reason"": ""normal""}"
2026-01-20 15:18:48,normal,"{""action"": ""normal"", ""speed_limit"": 60, ""reason"": ""normal""}"
2026-01-20 15:18:48,control_received,"{""action"": ""normal"", ""speed_limit"": 60, ""reason"": ""normal""}"
2026-01-20 15:18:48,control_received,"{""action"": ""normal"", ""speed_limit"": 60, ""reason"": ""normal""}"
2026-01-20 15:18:53,priority_mode,"{""action"": ""priority_mode"", ""signal"": ""green"", ""speed_limit"": 30, ""reason"": ""emergency""}"
2026-01-20 15:18:53,control_received,"{""action"": ""priority_mode"", ""signal"": ""green"", ""speed_limit"": 30, ""reason"": ""emergency""}"
2026-01-20 15:18:58,priority_mode,"{""action"": ""priority_mode"", ""signal"": ""green"", ""speed_limit"": 30, ""reason"": ""emergency""}"
2026-01-20 15:18:58,control_received,"{""action"": ""priority_mode"", ""signal"": ""green"", ""speed_limit"": 30, ""reason"": ""emergency""}"
2026-01-20 15:18:58,control_received,"{""action"": ""priority_mode"", ""signal"": ""green"", ""speed_limit"": 30, ""reason"": ""emergency""}"
2026-01-20 15:19:03,normal,"{""action"": ""normal"", ""speed_limit"": 60, ""reason"": ""normal""}"
2026-01-20 15:19:03,control_received,"{""action"": ""normal"", ""speed_limit"": 60, ""reason"": ""normal""}"
2026-01-20 15:19:03,control_received,"{""action"": ""normal"", ""speed_limit"": 60, ""reason"": ""normal""}"
2026-01-20 15:19:08,priority_mode,"{""action"": ""priority_mode"", ""signal"": ""green"", ""speed_limit"": 30, ""reason"": ""emergency""}"
2026-01-20 15:19:08,control_received,"{""action"": ""priority_mode"", ""signal"": ""green"", ""speed_limit"": 30, ""reason"": ""emergency""}"
2026-01-20 15:19:08,control_received,"{""action"": ""priority_mode"", ""signal"": ""green"", ""speed_limit"": 30, ""reason"": ""emergency""}"
2026-01-20 15:19:13,priority_mode,"{""action"": ""priority_mode"", ""signal"": ""green"", ""speed_limit"": 30, ""reason"": ""emergency""}"
2026-01-20 15:19:13,control_received,"{""action"": ""priority_mode"", ""signal"": ""green"", ""speed_limit"": 30, ""reason"": ""emergency""}"
2026-01-20 15:19:13,control_received,"{""action"": ""priority_mode"", ""signal"": ""green"", ""speed_limit"": 30, ""reason"": ""emergency""}"
2026-01-20 15:19:18,priority_mode,"{""action"": ""priority_mode"", ""signal"": ""green"", ""speed_limit"": 30, ""reason"": ""emergency""}"
2026-01-20 15:19:18,control_received,"{""action"": ""priority_mode"", ""signal"": ""green"", ""speed_limit"": 30, ""reason"": ""emergency""}"
2026-01-20 15:19:23,priority_mode,"{""action"": ""priority_mode"", ""signal"": ""green"", ""speed_limit"": 30, ""reason"": ""emergency""}"
2026-01-20 15:19:23,control_received,"{""action"": ""priority_mode"", ""signal"": ""green"", ""speed_limit"": 30, ""reason"": ""emergency""}"
2026-01-20 15:19:23,control_received,"{""action"": ""priority_mode"", ""signal"": ""green"", ""speed_limit"": 30, ""reason"": ""emergency""}"
2026-01-20 15:19:28,normal,"{""action"": ""normal"", ""speed_limit"": 60, ""reason"": ""normal""}"
2026-01-20 15:19:28,control_received,"{""action"": ""normal"", ""speed_limit"": 60, ""reason"": ""normal""}"
2026-01-20 15:19:28,control_received,"{""action"": ""normal"", ""speed_limit"": 60, ""reason"": ""normal""}"
2026-01-20 15:19:33,reduce_speed,"{""action"": ""reduce_speed"", ""speed_limit"": 50, ""reason"": ""moderate_congestion""}"
2026-01-20 15:19:33,control_received,"{""action"": ""reduce_speed"", ""speed_limit"": 50, ""reason"": ""moderate_congestion""}"
2026-01-20 15:19:33,control_received,"{""action"": ""reduce_speed"", ""speed_limit"": 50, ""reason"": ""moderate_congestion""}"
2026-01-20 15:19:38,priority_mode,"{""action"": ""priority_mode"", ""signal"": ""green"", ""speed_limit"": 30, ""reason"": ""emergency""}"
2026-01-20 15:19:38,control_received,"{""action"": ""priority_mode"", ""signal"": ""green"", ""speed_limit"": 30, ""reason"": ""emergency""}"
2026-01-20 15:19:38,control_received,"{""action"": ""priority_mode"", ""signal"": ""green"", ""speed_limit"": 30, ""reason"": ""emergency""}"
2026-01-20 15:19:43,reduce_speed,"{""action"": ""reduce_speed"", ""speed_limit"": 50, ""reason"": ""moderate_congestion""}"
2026-01-20 15:19:43,control_received,"{""action"": ""reduce_speed"", ""speed_limit"": 50, ""reason"": ""moderate_congestion""}"
2026-01-20 15:19:48,priority_mode,"{""action"": ""priority_mode"", ""signal"": ""green"", ""speed_limit"": 30, ""reason"": ""emergency""}"
2026-01-20 15:19:48,control_received,"{""action"": ""priority_mode"", ""signal"": ""green"", ""speed_limit"": 30, ""reason"": ""emergency""}"
2026-01-20 15:19:48,control_received,"{""action"": ""priority_mode"", ""signal"": ""green"", ""speed_limit"": 30, ""reason"": ""emergency""}"
2026-01-20 15:19:53,normal,"{""action"": ""normal"", ""speed_limit"": 60, ""reason"": ""normal""}"
2026-01-20 15:19:53,control_received,"{""action"": ""normal"", ""speed_limit"": 60, ""reason"": ""normal""}"
2026-01-20 15:19:58,priority_mode,"{""action"": ""priority_mode"", ""signal"": ""green"", ""speed_limit"": 30, ""reason"": ""emergency""}"
2026-01-20 15:19:58,control_received,"{""action"": ""priority_mode"", ""signal"": ""green"", ""speed_limit"": 30, ""reason"": ""emergency""}"
2026-01-20 15:19:58,control_received,"{""action"": ""priority_mode"", ""signal"": ""green"", ""speed_limit"": 30, ""reason"": ""emergency""}"
2026-01-20 15:20:03,normal,"{""action"": ""normal"", ""speed_limit"": 60, ""reason"": ""normal""}"
2026-01-20 15:20:03,control_received,"{""action"": ""normal"", ""speed_limit"": 60, ""reason"": ""normal""}"
2026-01-20 15:20:08,normal,"{""action"": ""normal"", ""speed_limit"": 60, ""reason"": ""normal""}"
2026-01-20 15:20:08,control_received,"{""action"": ""normal"", ""speed_limit"": 60, ""reason"": ""normal""}"
2026-01-20 15:20:08,control_received,"{""action"": ""normal"", ""speed_limit"": 60, ""reason"": ""normal""}"
2026-01-20 15:20:13,priority_mode,"{""action"": ""priority_mode"", ""signal"": ""green"", ""speed_limit"": 30, ""reason"": ""emergency""}"
2026-01-20 15:20:13,control_received,"{""action"": ""priority_mode"", ""signal"": ""green"", ""speed_limit"": 30, ""reason"": ""emergency""}"
2026-01-20 15:20:13,control_received,"{""action"": ""priority_mode"", ""signal"": ""green"", ""speed_limit"": 30, ""reason"": ""emergency""}"
2026-01-20 15:20:18,normal,"{""action"": ""normal"", ""speed_limit"": 60, ""reason"": ""normal""}"
2026-01-20 15:20:18,control_received,"{""action"": ""normal"", ""speed_limit"": 60, ""reason"": ""normal""}"
2026-01-20 15:20:23,normal,"{""action"": ""normal"", ""speed_limit"": 60, ""reason"": ""normal""}"
2026-01-20 15:20:23,control_received,"{""action"": ""normal"", ""speed_limit"": 60, ""reason"": ""normal""}"
2026-01-20 15:20:23,control_received,"{""action"": ""normal"", ""speed_limit"": 60, ""reason"": ""normal""}"
2026-01-20 15:20:28,normal,"{""action"": ""normal"", ""speed_limit"": 60, ""reason"": ""normal""}"
2026-01-20 15:20:28,control_received,"{""action"": ""normal"", ""speed_limit"": 60, ""reason"": ""normal""}"
2026-01-20 15:20:28,control_received,"{""action"": ""normal"", ""speed_limit"": 60, ""reason"": ""normal""}"
2026-01-20 15:20:33,priority_mode,"{""action"": ""priority_mode"", ""signal"": ""green"", ""speed_limit"": 30, ""reason"": ""emergency""}"
2026-01-20 15:20:33,control_received,"{""action"": ""priority_mode"", ""signal"": ""green"", ""speed_limit"": 30, ""reason"": ""emergency""}"
2026-01-20 15:20:33,control_received,"{""action"": ""priority_mode"", ""signal"": ""green"", ""speed_limit"": 30, ""reason"": ""emergency""}"
2026-01-20 15:20:38,normal,"{""action"": ""normal"", ""speed_limit"": 60, ""reason"": ""normal""}"
2026-01-20 15:20:38,control_received,"{""action"": ""normal"", ""speed_limit"": 60, ""reason"": ""normal""}"
2026-01-20 15:20:38,control_received,"{""action"": ""normal"", ""speed_limit"": 60, ""reason"": ""normal""}"
2026-01-20 15:20:43,normal,"{""action"": ""normal"", ""speed_limit"": 60, ""reason"": ""normal""}"
2026-01-20 15:20:43,control_received,"{""action"": ""normal"", ""speed_limit"": 60, ""reason"": ""normal""}"
2026-01-20 15:20:43,control_received,"{""action"": ""normal"", ""speed_limit"": 60, ""reason"": ""normal""}"
2026-01-20 15:20:48,priority_mode,"{""action"": ""priority_mode"", ""signal"": ""green"", ""speed_limit"": 30, ""reason"": ""emergency""}"
2026-01-20 15:20:48,control_received,"{""action"": ""priority_mode"", ""signal"": ""green"", ""speed_limit"": 30, ""reason"": ""emergency""}"
2026-01-20 15:20:48,control_received,"{""action"": ""priority_mode"", ""signal"": ""green"", ""speed_limit"": 30, ""reason"": ""emergency""}"
2026-01-20 15:20:53,priority_mode,"{""action"": ""priority_mode"", ""signal"": ""green"", ""speed_limit"": 30, ""reason"": ""emergency""}"
2026-01-20 15:20:53,control_received,"{""action"": ""priority_mode"", ""signal"": ""green"", ""speed_limit"": 30, ""reason"": ""emergency""}"
2026-01-20 15:20:53,control_received,"{""action"": ""priority_mode"", ""signal"": ""green"", ""speed_limit"": 30, ""reason"": ""emergency""}"
2026-01-20 15:20:58,normal,"{""action"": ""normal"", ""speed_limit"": 60, ""reason"": ""normal""}"
2026-01-20 15:20:58,control_received,"{""action"": ""normal"", ""speed_limit"": 60, ""reason"": ""normal""}"
2026-01-20 15:21:03,priority_mode,"{""action"": ""priority_mode"", ""signal"": ""green"", ""speed_limit"": 30, ""reason"": ""emergency""}"
2026-01-20 15:21:03,control_received,"{""action"": ""priority_mode"", ""signal"": ""green"", ""speed_limit"": 30, ""reason"": ""emergency""}"
2026-01-20 15:21:08,priority_mode,"{""action"": ""priority_mode"", ""signal"": ""green"", ""speed_limit"": 30, ""reason"": ""emergency""}"
2026-01-20 15:21:08,control_received,"{""action"": ""priority_mode"", ""signal"": ""green"", ""speed_limit"": 30, ""reason"": ""emergency""}"
2026-01-20 15:21:13,reduce_speed,"{""action"": ""reduce_speed"", ""speed_limit"": 50, ""reason"": ""moderate_congestion""}"
2026-01-20 15:21:13,control_received,"{""action"": ""reduce_speed"", ""speed_limit"": 50, ""reason"": ""moderate_congestion""}"
2026-01-20 15:21:13,control_received,"{""action"": ""reduce_speed"", ""speed_limit"": 50, ""reason"": ""moderate_congestion""}"
2026-01-20 15:21:18,priority_mode,"{""action"": ""priority_mode"", ""signal"": ""green"", ""speed_limit"": 30, ""reason"": ""emergency""}"
2026-01-20 15:21:18,control_received,"{""action"": ""priority_mode"", ""signal"": ""green"", ""speed_limit"": 30, ""reason"": ""emergency""}"
2026-01-20 15:21:18,control_received,"{""action"": ""priority_mode"", ""signal"": ""green"", ""speed_limit"": 30, ""reason"": ""emergency""}"
2026-01-20 15:21:23,normal,"{""action"": ""normal"", ""speed_limit"": 60, ""reason"": ""normal""}"
2026-01-20 15:21:23,control_received,"{""action"": ""normal"", ""speed_limit"": 60, ""reason"": ""normal""}"
2026-01-20 15:21:28,normal,"{""action"": ""normal"", ""speed_limit"": 60, ""reason"": ""normal""}"
2026-01-20 15:21:28,control_received,"{""action"": ""normal"", ""speed_limit"": 60, ""reason"": ""normal""}"
2026-01-20 15:21:28,control_received,"{""action"": ""normal"", ""speed_limit"": 60, ""reason"": ""normal""}"
2026-01-20 15:21:33,reduce_speed,"{""action"": ""reduce_speed"", ""speed_limit"": 50, ""reason"": ""moderate_congestion""}"
2026-01-20 15:21:33,control_received,"{""action"": ""reduce_speed"", ""speed_limit"": 50, ""reason"": ""moderate_congestion""}"
2026-01-20 15:21:38,normal,"{""action"": ""normal"", ""speed_limit"": 60, ""reason"": ""normal""}"
2026-01-20 15:21:38,control_received,"{""action"": ""normal"", ""speed_limit"": 60, ""reason"": ""normal""}"
2026-01-20 15:21:43,priority_mode,"{""action"": ""priority_mode"", ""signal"": ""green"", ""speed_limit"": 30, ""reason"": ""emergency""}"
2026-01-20 15:21:43,control_received,"{""action"": ""priority_mode"", ""signal"": ""green"", ""speed_limit"": 30, ""reason"": ""emergency""}"
2026-01-20 15:21:43,control_received,"{""action"": ""priority_mode"", ""signal"": ""green"", ""speed_limit"": 30, ""reason"": ""emergency""}"
2026-01-20 15:21:48,priority_mode,"{""action"": ""priority_mode"", ""signal"": ""green"", ""speed_limit"": 30, ""reason"": ""emergency""}"
2026-01-20 15:21:48,control_received,"{""action"": ""priority_mode"", ""signal"": ""green"", ""speed_limit"": 30, ""reason"": ""emergency""}"
2026-01-20 15:21:48,control_received,"{""action"": ""priority_mode"", ""signal"": ""green"", ""speed_limit"": 30, ""reason"": ""emergency""}"
2026-01-20 15:21:53,normal,"{""action"": ""normal"", ""speed_limit"": 60, ""reason"": ""normal""}"
2026-01-20 15:21:53,control_received,"{""action"": ""normal"", ""speed_limit"": 60, ""reason"": ""normal""}"
2026-01-20 15:21:53,control_received,"{""action"": ""normal"", ""speed_limit"": 60, ""reason"": ""normal""}"
2026-01-20 15:21:58,normal,"{""action"": ""normal"", ""speed_limit"": 60, ""reason"": ""normal""}"
2026-01-20 15:21:58,control_received,"{""action"": ""normal"", ""speed_limit"": 60, ""reason"": ""normal""}"
2026-01-20 15:21:58,control_received,"{""action"": ""normal"", ""speed_limit"": 60, ""reason"": ""normal""}"
2026-01-20 15:22:03,priority_mode,"{""action"": ""priority_mode"", ""signal"": ""green"", ""speed_limit"": 30, ""reason"": ""emergency""}"
2026-01-20 15:22:03,control_received,"{""action"": ""priority_mode"", ""signal"": ""green"", ""speed_limit"": 30, ""reason"": ""emergency""}"
2026-01-20 15:22:03,control_received,"{""action"": ""priority_mode"", ""signal"": ""green"", ""speed_limit"": 30, ""reason"": ""emergency""}"
2026-01-20 15:22:08,normal,"{""action"": ""normal"", ""speed_limit"": 60, ""reason"": ""normal""}"
2026-01-20 15:22:08,control_received,"{""action"": ""normal"", ""speed_limit"": 60, ""reason"": ""normal""}"
2026-01-20 15:22:13,normal,"{""action"": ""normal"", ""speed_limit"": 60, ""reason"": ""normal""}"
2026-01-20 15:22:13,control_received,"{""action"": ""normal"", ""speed_limit"": 60, ""reason"": ""normal""}"
2026-01-20 15:22:13,control_received,"{""action"": ""normal"", ""speed_limit"": 60, ""reason"": ""normal""}"
2026-01-20 15:22:18,priority_mode,"{""action"": ""priority_mode"", ""signal"": ""green"", ""speed_limit"": 30, ""reason"": ""emergency""}"
2026-01-20 15:22:18,control_received,"{""action"": ""priority_mode"", ""signal"": ""green"", ""speed_limit"": 30, ""reason"": ""emergency""}"
2026-01-20 15:22:18,control_received,"{""action"": ""priority_mode"", ""signal"": ""green"", ""speed_limit"": 30, ""reason"": ""emergency""}"
2026-01-20 15:22:23,normal,"{""action"": ""normal"", ""speed_limit"": 60, ""reason"": ""normal""}"
2026-01-20 15:22:23,control_received,"{""action"": ""normal"", ""speed_limit"": 60, ""reason"": ""normal""}"
2026-01-20 15:22:28,normal,"{""action"": ""normal"", ""speed_limit"": 60, ""reason"": ""normal""}"
2026-01-20 15:22:28,control_received,"{""action"": ""normal"", ""speed_limit"": 60, ""reason"": ""normal""}"
2026-01-20 15:22:28,control_received,"{""action"": ""normal"", ""speed_limit"": 60, ""reason"": ""normal""}"
2026-01-20 15:22:33,priority_mode,"{""action"": ""priority_mode"", ""signal"": ""green"", ""speed_limit"": 30, ""reason"": ""emergency""}"
2026-01-20 15:22:33,control_received,"{""action"": ""priority_mode"", ""signal"": ""green"", ""speed_limit"": 30, ""reason"": ""emergency""}"
2026-01-20 15:22:33,control_received,"{""action"": ""priority_mode"", ""signal"": ""green"", ""speed_limit"": 30, ""reason"": ""emergency""}"
2026-01-20 15:22:38,priority_mode,"{""action"": ""priority_mode"", ""signal"": ""green"", ""speed_limit"": 30, ""reason"": ""emergency""}"
2026-01-20 15:22:38,control_received,"{""action"": ""priority_mode"", ""signal"": ""green"", ""speed_limit"": 30, ""reason"": ""emergency""}"
2026-01-20 15:22:43,normal,"{""action"": ""normal"", ""speed_limit"": 60, ""reason"": ""normal""}"
2026-01-20 15:22:43,control_received,"{""action"": ""normal"", ""speed_limit"": 60, ""reason"": ""normal""}"
2026-01-20 15:22:43,control_received,"{""action"": ""normal"", ""speed_limit"": 60, ""reason"": ""normal""}"
2026-01-20 15:22:48,normal,"{""action"": ""normal"", ""speed_limit"": 60, ""reason"": ""normal""}"
2026-01-20 15:22:48,control_received,"{""action"": ""normal"", ""speed_limit"": 60, ""reason"": ""normal""}"
2026-01-20 15:22:48,control_received,"{""action"": ""normal"", ""speed_limit"": 60, ""reason"": ""normal""}"
2026-01-20 15:22:53,normal,"{""action"": ""normal"", ""speed_limit"": 60, ""reason"": ""normal""}"
2026-01-20 15:22:53,control_received,"{""action"": ""normal"", ""speed_limit"": 60, ""reason"": ""normal""}"
2026-01-20 15:22:53,control_received,"{""action"": ""normal"", ""speed_limit"": 60, ""reason"": ""normal""}"
2026-01-20 15:22:58,priority_mode,"{""action"": ""priority_mode"", ""signal"": ""green"", ""speed_limit"": 30, ""reason"": ""emergency""}"
2026-01-20 15:22:58,control_received,"{""action"": ""priority_mode"", ""signal"": ""green"", ""speed_limit"": 30, ""reason"": ""emergency""}"
2026-01-20 15:22:58,control_received,"{""action"": ""priority_mode"", ""signal"": ""green"", ""speed_limit"": 30, ""reason"": ""emergency""}"
2026-01-20 15:23:03,normal,"{""action"": ""normal"", ""speed_limit"": 60, ""reason"": ""normal""}"
2026-01-20 15:23:03,control_received,"{""action"": ""normal"", ""speed_limit"": 60, ""reason"": ""normal""}"
2026-01-20 15:23:03,control_received,"{""action"": ""normal"", ""speed_limit"": 60, ""reason"": ""normal""}"
2026-01-20 15:23:08,priority_mode,"{""action"": ""priority_mode"", ""signal"": ""green"", ""speed_limit"": 30, ""reason"": ""emergency""}"
2026-01-20 15:23:08,control_received,"{""action"": ""priority_mode"", ""signal"": ""green"", ""speed_limit"": 30, ""reason"": ""emergency""}"
2026-01-20 15:23:13,normal,"{""action"": ""normal"", ""speed_limit"": 60, ""reason"": ""normal""}"
2026-01-20 15:23:13,control_received,"{""action"": ""normal"", ""speed_limit"": 60, ""reason"": ""normal""}"
2026-01-20 15:23:13,control_received,"{""action"": ""normal"", ""speed_limit"": 60, ""reason"": ""normal""}"
2026-01-20 15:23:18,normal,"{""action"": ""normal"", ""speed_limit"": 60, ""reason"": ""normal""}"
2026-01-20 15:23:18,control_received,"{""action"": ""normal"", ""speed_limit"": 60, ""reason"": ""normal""}"
2026-01-20 15:23:23,normal,"{""action"": ""normal"", ""speed_limit"": 60, ""reason"": ""normal""}"
2026-01-20 15:23:23,control_received,"{""action"": ""normal"", ""speed_limit"": 60, ""reason"": ""normal""}"
2026-01-20 15:23:23,control_received,"{""action"": ""normal"", ""speed_limit"": 60, ""reason"": ""normal""}"
2026-01-20 15:23:28,normal,"{""action"": ""normal"", ""speed_limit"": 60, ""reason"": ""normal""}"
2026-01-20 15:23:28,control_received,"{""action"": ""normal"", ""speed_limit"": 60, ""reason"": ""normal""}"
2026-01-20 15:23:28,control_received,"{""action"": ""normal"", ""speed_limit"": 60, ""reason"": ""normal""}"
2026-01-20 15:23:33,normal,"{""action"": ""normal"", ""speed_limit"": 60, ""reason"": ""normal""}"
2026-01-20 15:23:33,control_received,"{""action"": ""normal"", ""speed_limit"": 60, ""reason"": ""normal""}"
2026-01-20 15:23:33,control_received,"{""action"": ""normal"", ""speed_limit"": 60, ""reason"": ""normal""}"
2026-01-20 15:23:38,priority_mode,"{""action"": ""priority_mode"", ""signal"": ""green"", ""speed_limit"": 30, ""reason"": ""emergency""}"
2026-01-20 15:23:38,control_received,"{""action"": ""priority_mode"", ""signal"": ""green"", ""speed_limit"": 30, ""reason"": ""emergency""}"
2026-01-20 15:23:38,control_received,"{""action"": ""priority_mode"", ""signal"": ""green"", ""speed_limit"": 30, ""reason"": ""emergency""}"
2026-01-20 15:23:43,normal,"{""action"": ""normal"", ""speed_limit"": 60, ""reason"": ""normal""}"
2026-01-20 15:23:43,control_received,"{""action"": ""normal"", ""speed_limit"": 60, ""reason"": ""normal""}"
2026-01-20 15:23:43,control_received,"{""action"": ""normal"", ""speed_limit"": 60, ""reason"": ""normal""}"
2026-01-20 15:23:48,normal,"{""action"": ""normal"", ""speed_limit"": 60, ""reason"": ""normal""}"
2026-01-20 15:23:48,control_received,"{""action"": ""normal"", ""speed_limit"": 60, ""reason"": ""normal""}"
2026-01-20 15:23:48,control_received,"{""action"": ""normal"", ""speed_limit"": 60, ""reason"": ""normal""}"
2026-01-20 15:23:53,priority_mode,"{""action"": ""priority_mode"", ""signal"": ""green"", ""speed_limit"": 30, ""reason"": ""emergency""}"
2026-01-20 15:23:53,control_received,"{""action"": ""priority_mode"", ""signal"": ""green"", ""speed_limit"": 30, ""reason"": ""emergency""}"
2026-01-20 15:23:58,normal,"{""action"": ""normal"", ""speed_limit"": 60, ""reason"": ""normal""}"
2026-01-20 15:23:58,control_received,"{""action"": ""normal"", ""speed_limit"": 60, ""reason"": ""normal""}"
2026-01-20 15:23:58,control_received,"{""action"": ""normal"", ""speed_limit"": 60, ""reason"": ""normal""}"
2026-01-20 15:24:03,reduce_speed,"{""action"": ""reduce_speed"", ""speed_limit"": 50, ""reason"": ""moderate_congestion""}"
2026-01-20 15:24:03,control_received,"{""action"": ""reduce_speed"", ""speed_limit"": 50, ""reason"": ""moderate_congestion""}"
2026-01-20 15:24:03,control_received,"{""action"": ""reduce_speed"", ""speed_limit"": 50, ""reason"": ""moderate_congestion""}"
2026-01-20 15:24:08,normal,"{""action"": ""normal"", ""speed_limit"": 60, ""reason"": ""normal""}"
2026-01-20 15:24:08,control_received,"{""action"": ""normal"", ""speed_limit"": 60, ""reason"": ""normal""}"
2026-01-20 15:24:08,control_received,"{""action"": ""normal"", ""speed_limit"": 60, ""reason"": ""normal""}"
2026-01-20 15:24:13,priority_mode,"{""action"": ""priority_mode"", ""signal"": ""green"", ""speed_limit"": 30, ""reason"": ""emergency""}"
2026-01-20 15:24:13,control_received,"{""action"": ""priority_mode"", ""signal"": ""green"", ""speed_limit"": 30, ""reason"": ""emergency""}"
2026-01-20 15:24:13,control_received,"{""action"": ""priority_mode"", ""signal"": ""green"", ""speed_limit"": 30, ""reason"": ""emergency""}"
2026-01-20 15:24:18,priority_mode,"{""action"": ""priority_mode"", ""signal"": ""green"", ""speed_limit"": 30, ""reason"": ""emergency""}"
2026-01-20 15:24:18,control_received,"{""action"": ""priority_mode"", ""signal"": ""green"", ""speed_limit"": 30, ""reason"": ""emergency""}"
2026-01-20 15:24:23,normal,"{""action"": ""normal"", ""speed_limit"": 60, ""reason"": ""normal""}"
2026-01-20 15:24:23,control_received,"{""action"": ""normal"", ""speed_limit"": 60, ""reason"": ""normal""}"
2026-01-20 15:24:28,normal,"{""action"": ""normal"", ""speed_limit"": 60, ""reason"": ""normal""}"
2026-01-20 15:24:28,control_received,"{""action"": ""normal"", ""speed_limit"": 60, ""reason"": ""normal""}"
2026-01-20 15:24:28,control_received,"{""action"": ""normal"", ""speed_limit"": 60, ""reason"": ""normal""}"
2026-01-20 15:24:33,reduce_speed,"{""action"": ""reduce_speed"", ""speed_limit"": 50, ""reason"": ""moderate_congestion""}"
2026-01-20 15:24:33,control_received,"{""action"": ""reduce_speed"", ""speed_limit"": 50, ""reason"": ""moderate_congestion""}"
2026-01-20 15:24:33,control_received,"{""action"": ""reduce_speed"", ""speed_limit"": 50, ""reason"": ""moderate_congestion""}"
2026-01-20 15:24:38,normal,"{""action"": ""normal"", ""speed_limit"": 60, ""reason"": ""normal""}"
2026-01-20 15:24:38,control_received,"{""action"": ""normal"", ""speed_limit"": 60, ""reason"": ""normal""}"
2026-01-20 15:24:38,control_received,"{""action"": ""normal"", ""speed_limit"": 60, ""reason"": ""normal""}"
2026-01-20 15:24:43,normal,"{""action"": ""normal"", ""speed_limit"": 60, ""reason"": ""normal""}"
2026-01-20 15:24:43,control_received,"{""action"": ""normal"", ""speed_limit"": 60, ""reason"": ""normal""}"
2026-01-20 15:24:43,control_received,"{""action"": ""normal"", ""speed_limit"": 60, ""reason"": ""normal""}"
2026-01-20 15:24:48,normal,"{""action"": ""normal"", ""speed_limit"": 60, ""reason"": ""normal""}"
2026-01-20 15:24:48,control_received,"{""action"": ""normal"", ""speed_limit"": 60, ""reason"": ""normal""}"
2026-01-20 15:24:53,priority_mode,"{""action"": ""priority_mode"", ""signal"": ""green"", ""speed_limit"": 30, ""reason"": ""emergency""}"
2026-01-20 15:24:53,control_received,"{""action"": ""priority_mode"", ""signal"": ""green"", ""speed_limit"": 30, ""reason"": ""emergency""}"
2026-01-20 15:24:53,control_received,"{""action"": ""priority_mode"", ""signal"": ""green"", ""speed_limit"": 30, ""reason"": ""emergency""}"
2026-01-20 15:24:58,reduce_speed,"{""action"": ""reduce_speed"", ""speed_limit"": 50, ""reason"": ""moderate_congestion""}"
2026-01-20 15:24:58,control_received,"{""action"": ""reduce_speed"", ""speed_limit"": 50, ""reason"": ""moderate_congestion""}"
2026-01-20 15:24:58,control_received,"{""action"": ""reduce_speed"", ""speed_limit"": 50, ""reason"": ""moderate_congestion""}"
2026-01-20 15:25:03,normal,"{""action"": ""normal"", ""speed_limit"": 60, ""reason"": ""normal""}"
2026-01-20 15:25:03,control_received,"{""action"": ""normal"", ""speed_limit"": 60, ""reason"": ""normal""}"
2026-01-20 15:25:03,control_received,"{""action"": ""normal"", ""speed_limit"": 60, ""reason"": ""normal""}"
2026-01-20 15:25:08,normal,"{""action"": ""normal"", ""speed_limit"": 60, ""reason"": ""normal""}"
2026-01-20 15:25:08,control_received,"{""action"": ""normal"", ""speed_limit"": 60, ""reason"": ""normal""}"
2026-01-20 15:25:08,control_received,"{""action"": ""normal"", ""speed_limit"": 60, ""reason"": ""normal""}"
2026-01-20 15:25:13,normal,"{""action"": ""normal"", ""speed_limit"": 60, ""reason"": ""normal""}"
2026-01-20 15:25:13,control_received,"{""action"": ""normal"", ""speed_limit"": 60, ""reason"": ""normal""}"
2026-01-20 15:25:13,control_received,"{""action"": ""normal"", ""speed_limit"": 60, ""reason"": ""normal""}"
2026-01-20 15:25:18,priority_mode,"{""action"": ""priority_mode"", ""signal"": ""green"", ""speed_limit"": 30, ""reason"": ""emergency""}"
2026-01-20 15:25:18,control_received,"{""action"": ""priority_mode"", ""signal"": ""green"", ""speed_limit"": 30, ""reason"": ""emergency""}"
2026-01-20 15:25:18,control_received,"{""action"": ""priority_mode"", ""signal"": ""green"", ""speed_limit"": 30, ""reason"": ""emergency""}"
2026-01-20 15:25:23,priority_mode,"{""action"": ""priority_mode"", ""signal"": ""green"", ""speed_limit"": 30, ""reason"": ""emergency""}"
2026-01-20 15:25:23,control_received,"{""action"": ""priority_mode"", ""signal"": ""green"", ""speed_limit"": 30, ""reason"": ""emergency""}"
2026-01-20 15:25:23,control_received,"{""action"": ""priority_mode"", ""signal"": ""green"", ""speed_limit"": 30, ""reason"": ""emergency""}"
2026-01-20 15:25:28,normal,"{""action"": ""normal"", ""speed_limit"": 60, ""reason"": ""normal""}"
2026-01-20 15:25:28,control_received,"{""action"": ""normal"", ""speed_limit"": 60, ""reason"": ""normal""}"
2026-01-20 15:25:28,control_received,"{""action"": ""normal"", ""speed_limit"": 60, ""reason"": ""normal""}"
2026-01-20 15:25:33,normal,"{""action"": ""normal"", ""speed_limit"": 60, ""reason"": ""normal""}"
2026-01-20 15:25:33,control_received,"{""action"": ""normal"", ""speed_limit"": 60, ""reason"": ""normal""}"
2026-01-20 15:25:33,control_received,"{""action"": ""normal"", ""speed_limit"": 60, ""reason"": ""normal""}"
2026-01-20 15:25:38,priority_mode,"{""action"": ""priority_mode"", ""signal"": ""green"", ""speed_limit"": 30, ""reason"": ""emergency""}"
2026-01-20 15:25:38,control_received,"{""action"": ""priority_mode"", ""signal"": ""green"", ""speed_limit"": 30, ""reason"": ""emergency""}"
2026-01-20 15:25:43,normal,"{""action"": ""normal"", ""speed_limit"": 60, ""reason"": ""normal""}"
2026-01-20 15:25:43,control_received,"{""action"": ""normal"", ""speed_limit"": 60, ""reason"": ""normal""}"
2026-01-20 15:25:43,control_received,"{""action"": ""normal"", ""speed_limit"": 60, ""reason"": ""normal""}"
2026-01-20 15:25:48,priority_mode,"{""action"": ""priority_mode"", ""signal"": ""green"", ""speed_limit"": 30, ""reason"": ""emergency""}"
2026-01-20 15:25:48,control_received,"{""action"": ""priority_mode"", ""signal"": ""green"", ""speed_limit"": 30, ""reason"": ""emergency""}"
2026-01-20 15:25:48,control_received,"{""action"": ""priority_mode"", ""signal"": ""green"", ""speed_limit"": 30, ""reason"": ""emergency""}"
2026-01-20 15:25:53,normal,"{""action"": ""normal"", ""speed_limit"": 60, ""reason"": ""normal""}"
2026-01-20 15:25:53,control_received,"{""action"": ""normal"", ""speed_limit"": 60, ""reason"": ""normal""}"
2026-01-20 15:25:58,priority_mode,"{""action"": ""priority_mode"", ""signal"": ""green"", ""speed_limit"": 30, ""reason"": ""emergency""}"
2026-01-20 15:25:58,control_received,"{""action"": ""priority_mode"", ""signal"": ""green"", ""speed_limit"": 30, ""reason"": ""emergency""}"
2026-01-20 15:25:58,control_received,"{""action"": ""priority_mode"", ""signal"": ""green"", ""speed_limit"": 30, ""reason"": ""emergency""}"
2026-01-20 15:26:03,normal,"{""action"": ""normal"", ""speed_limit"": 60, ""reason"": ""normal""}"
2026-01-20 15:26:03,control_received,"{""action"": ""normal"", ""speed_limit"": 60, ""reason"": ""normal""}"
2026-01-20 15:26:03,control_received,"{""action"": ""normal"", ""speed_limit"": 60, ""reason"": ""normal""}"
2026-01-20 15:26:08,priority_mode,"{""action"": ""priority_mode"", ""signal"": ""green"", ""speed_limit"": 30, ""reason"": ""emergency""}"
2026-01-20 15:26:08,control_received,"{""action"": ""priority_mode"", ""signal"": ""green"", ""speed_limit"": 30, ""reason"": ""emergency""}"
2026-01-20 15:26:13,normal,"{""action"": ""normal"", ""speed_limit"": 60, ""reason"": ""normal""}"
2026-01-20 15:26:13,control_received,"{""action"": ""normal"", ""speed_limit"": 60, ""reason"": ""normal""}"
2026-01-20 15:26:18,priority_mode,"{""action"": ""priority_mode"", ""signal"": ""green"", ""speed_limit"": 30, ""reason"": ""emergency""}"
2026-01-20 15:26:18,control_received,"{""action"": ""priority_mode"", ""signal"": ""green"", ""speed_limit"": 30, ""reason"": ""emergency""}"
2026-01-20 15:26:18,control_received,"{""action"": ""priority_mode"", ""signal"": ""green"", ""speed_limit"": 30, ""reason"": ""emergency""}"
2026-01-20 15:26:23,priority_mode,"{""action"": ""priority_mode"", ""signal"": ""green"", ""speed_limit"": 30, ""reason"": ""emergency""}"
2026-01-20 15:26:23,control_received,"{""action"": ""priority_mode"", ""signal"": ""green"", ""speed_limit"": 30, ""reason"": ""emergency""}"
2026-01-20 15:26:23,control_received,"{""action"": ""priority_mode"", ""signal"": ""green"", ""speed_limit"": 30, ""reason"": ""emergency""}"
2026-01-20 15:26:28,priority_mode,"{""action"": ""priority_mode"", ""signal"": ""green"", ""speed_limit"": 30, ""reason"": ""emergency""}"
2026-01-20 15:26:28,control_received,"{""action"": ""priority_mode"", ""signal"": ""green"", ""speed_limit"": 30, ""reason"": ""emergency""}"
2026-01-20 15:26:28,control_received,"{""action"": ""priority_mode"", ""signal"": ""green"", ""speed_limit"": 30, ""reason"": ""emergency""}"
2026-01-20 15:26:33,normal,"{""action"": ""normal"", ""speed_limit"": 60, ""reason"": ""normal""}"
2026-01-20 15:26:33,control_received,"{""action"": ""normal"", ""speed_limit"": 60, ""reason"": ""normal""}"
2026-01-20 15:26:38,reduce_speed,"{""action"": ""reduce_speed"", ""speed_limit"": 50, ""reason"": ""moderate_congestion""}"
2026-01-20 15:26:38,control_received,"{""action"": ""reduce_speed"", ""speed_limit"": 50, ""reason"": ""moderate_congestion""}"
2026-01-20 15:26:43,normal,"{""action"": ""normal"", ""speed_limit"": 60, ""reason"": ""normal""}"
2026-01-20 15:26:43,control_received,"{""action"": ""normal"", ""speed_limit"": 60, ""reason"": ""normal""}"
2026-01-20 15:26:43,control_received,"{""action"": ""normal"", ""speed_limit"": 60, ""reason"": ""normal""}"
2026-01-20 15:26:48,normal,"{""action"": ""normal"", ""speed_limit"": 60, ""reason"": ""normal""}"
2026-01-20 15:26:48,control_received,"{""action"": ""normal"", ""speed_limit"": 60, ""reason"": ""normal""}"
2026-01-20 15:26:48,control_received,"{""action"": ""normal"", ""speed_limit"": 60, ""reason"": ""normal""}"
2026-01-20 15:26:53,priority_mode,"{""action"": ""priority_mode"", ""signal"": ""green"", ""speed_limit"": 30, ""reason"": ""emergency""}"
2026-01-20 15:26:53,control_received,"{""action"": ""priority_mode"", ""signal"": ""green"", ""speed_limit"": 30, ""reason"": ""emergency""}"
2026-01-20 15:26:58,priority_mode,"{""action"": ""priority_mode"", ""signal"": ""green"", ""speed_limit"": 30, ""reason"": ""emergency""}"
2026-01-20 15:26:58,control_received,"{""action"": ""priority_mode"", ""signal"": ""green"", ""speed_limit"": 30, ""reason"": ""emergency""}"
2026-01-20 15:26:58,control_received,"{""action"": ""priority_mode"", ""signal"": ""green"", ""speed_limit"": 30, ""reason"": ""emergency""}"
2026-01-20 15:27:03,normal,"{""action"": ""normal"", ""speed_limit"": 60, ""reason"": ""normal""}"
2026-01-20 15:27:03,control_received,"{""action"": ""normal"", ""speed_limit"": 60, ""reason"": ""normal""}"
2026-01-20 15:27:03,control_received,"{""action"": ""normal"", ""speed_limit"": 60, ""reason"": ""normal""}"
2026-01-20 15:27:08,priority_mode,"{""action"": ""priority_mode"", ""signal"": ""green"", ""speed_limit"": 30, ""reason"": ""emergency""}"
2026-01-20 15:27:08,control_received,"{""action"": ""priority_mode"", ""signal"": ""green"", ""speed_limit"": 30, ""reason"": ""emergency""}"
2026-01-20 15:27:08,control_received,"{""action"": ""priority_mode"", ""signal"": ""green"", ""speed_limit"": 30, ""reason"": ""emergency""}"
2026-01-20 15:27:13,normal,"{""action"": ""normal"", ""speed_limit"": 60, ""reason"": ""normal""}"
2026-01-20 15:27:13,control_received,"{""action"": ""normal"", ""speed_limit"": 60, ""reason"": ""normal""}"
2026-01-20 15:27:13,control_received,"{""action"": ""normal"", ""speed_limit"": 60, ""reason"": ""normal""}"
2026-01-20 15:27:18,priority_mode,"{""action"": ""priority_mode"", ""signal"": ""green"", ""speed_limit"": 30, ""reason"": ""emergency""}"
2026-01-20 15:27:18,control_received,"{""action"": ""priority_mode"", ""signal"": ""green"", ""speed_limit"": 30, ""reason"": ""emergency""}"
2026-01-20 15:27:18,control_received,"{""action"": ""priority_mode"", ""signal"": ""green"", ""speed_limit"": 30, ""reason"": ""emergency""}"
2026-01-20 15:27:23,reduce_speed,"{""action"": ""reduce_speed"", ""speed_limit"": 50, ""reason"": ""moderate_congestion""}"
2026-01-20 15:27:23,control_received,"{""action"": ""reduce_speed"", ""speed_limit"": 50, ""reason"": ""moderate_congestion""}"
2026-01-20 15:27:23,control_received,"{""action"": ""reduce_speed"", ""speed_limit"": 50, ""reason"": ""moderate_congestion""}"
2026-01-20 15:27:28,priority_mode,"{""action"": ""priority_mode"", ""signal"": ""green"", ""speed_limit"": 30, ""reason"": ""emergency""}"
2026-01-20 15:27:28,control_received,"{""action"": ""priority_mode"", ""signal"": ""green"", ""speed_limit"": 30, ""reason"": ""emergency""}"
2026-01-20 15:27:33,reduce_speed,"{""action"": ""reduce_speed"", ""speed_limit"": 50, ""reason"": ""moderate_congestion""}"
2026-01-20 15:27:33,control_received,"{""action"": ""reduce_speed"", ""speed_limit"": 50, ""reason"": ""moderate_congestion""}"
2026-01-20 15:27:33,control_received,"{""action"": ""reduce_speed"", ""speed_limit"": 50, ""reason"": ""moderate_congestion""}"
2026-01-20 15:27:38,reduce_speed,"{""action"": ""reduce_speed"", ""speed_limit"": 50, ""reason"": ""moderate_congestion""}"
2026-01-20 15:27:38,control_received,"{""action"": ""reduce_speed"", ""speed_limit"": 50, ""reason"": ""moderate_congestion""}"
2026-01-20 15:27:43,normal,"{""action"": ""normal"", ""speed_limit"": 60, ""reason"": ""normal""}"
2026-01-20 15:27:43,control_received,"{""action"": ""normal"", ""speed_limit"": 60, ""reason"": ""normal""}"
2026-01-20 15:27:43,control_received,"{""action"": ""normal"", ""speed_limit"": 60, ""reason"": ""normal""}"
2026-01-20 15:27:48,normal,"{""action"": ""normal"", ""speed_limit"": 60, ""reason"": ""normal""}"
2026-01-20 15:27:48,control_received,"{""action"": ""normal"", ""speed_limit"": 60, ""reason"": ""normal""}"
2026-01-20 15:27:48,control_received,"{""action"": ""normal"", ""speed_limit"": 60, ""reason"": ""normal""}"
2026-01-20 15:27:53,normal,"{""action"": ""normal"", ""speed_limit"": 60, ""reason"": ""normal""}"
2026-01-20 15:27:53,control_received,"{""action"": ""normal"", ""speed_limit"": 60, ""reason"": ""normal""}"
2026-01-20 15:27:53,control_received,"{""action"": ""normal"", ""speed_limit"": 60, ""reason"": ""normal""}"
2026-01-20 15:27:58,priority_mode,"{""action"": ""priority_mode"", ""signal"": ""green"", ""speed_limit"": 30, ""reason"": ""emergency""}"
2026-01-20 15:27:58,control_received,"{""action"": ""priority_mode"", ""signal"": ""green"", ""speed_limit"": 30, ""reason"": ""emergency""}"
2026-01-20 15:28:03,normal,"{""action"": ""normal"", ""speed_limit"": 60, ""reason"": ""normal""}"
2026-01-20 15:28:03,control_received,"{""action"": ""normal"", ""speed_limit"": 60, ""reason"": ""normal""}"
2026-01-20 15:28:03,control_received,"{""action"": ""normal"", ""speed_limit"": 60, ""reason"": ""normal""}"
2026-01-20 15:28:08,priority_mode,"{""action"": ""priority_mode"", ""signal"": ""green"", ""speed_limit"": 30, ""reason"": ""emergency""}"
2026-01-20 15:28:08,control_received,"{""action"": ""priority_mode"", ""signal"": ""green"", ""speed_limit"": 30, ""reason"": ""emergency""}"
2026-01-20 15:28:13,normal,"{""action"": ""normal"", ""speed_limit"": 60, ""reason"": ""normal""}"
2026-01-20 15:28:13,control_received,"{""action"": ""normal"", ""speed_limit"": 60, ""reason"": ""normal""}"
2026-01-20 15:28:18,normal,"{""action"": ""normal"", ""speed_limit"": 60, ""reason"": ""normal""}"
2026-01-20 15:28:18,control_received,"{""action"": ""normal"", ""speed_limit"": 60, ""reason"": ""normal""}"
2026-01-20 15:28:23,normal,"{""action"": ""normal"", ""speed_limit"": 60, ""reason"": ""normal""}"
2026-01-20 15:28:23,control_received,"{""action"": ""normal"", ""speed_limit"": 60, ""reason"": ""normal""}"
2026-01-20 15:28:28,priority_mode,"{""action"": ""priority_mode"", ""signal"": ""green"", ""speed_limit"": 30, ""reason"": ""emergency""}"
2026-01-20 15:28:28,control_received,"{""action"": ""priority_mode"", ""signal"": ""green"", ""speed_limit"": 30, ""reason"": ""emergency""}"
2026-01-20 15:28:33,normal,"{""action"": ""normal"", ""speed_limit"": 60, ""reason"": ""normal""}"
2026-01-20 15:28:33,control_received,"{""action"": ""normal"", ""speed_limit"": 60, ""reason"": ""normal""}"
2026-01-20 15:28:33,control_received,"{""action"": ""normal"", ""speed_limit"": 60, ""reason"": ""normal""}"
2026-01-20 15:28:38,normal,"{""action"": ""normal"", ""speed_limit"": 60, ""reason"": ""normal""}"
2026-01-20 15:28:38,control_received,"{""action"": ""normal"", ""speed_limit"": 60, ""reason"": ""normal""}"
2026-01-20 15:28:38,control_received,"{""action"": ""normal"", ""speed_limit"": 60, ""reason"": ""normal""}"
2026-01-20 15:28:43,normal,"{""action"": ""normal"", ""speed_limit"": 60, ""reason"": ""normal""}"
2026-01-20 15:28:43,control_received,"{""action"": ""normal"", ""speed_limit"": 60, ""reason"": ""normal""}"
2026-01-20 15:28:48,normal,"{""action"": ""normal"", ""speed_limit"": 60, ""reason"": ""normal""}"
2026-01-20 15:28:48,control_received,"{""action"": ""normal"", ""speed_limit"": 60, ""reason"": ""normal""}"
2026-01-20 15:28:48,control_received,"{""action"": ""normal"", ""speed_limit"": 60, ""reason"": ""normal""}"
2026-01-20 15:28:53,normal,"{""action"": ""normal"", ""speed_limit"": 60, ""reason"": ""normal""}"
2026-01-20 15:28:53,control_received,"{""action"": ""normal"", ""speed_limit"": 60, ""reason"": ""normal""}"
2026-01-20 15:28:53,control_received,"{""action"": ""normal"", ""speed_limit"": 60, ""reason"": ""normal""}"
2026-01-20 15:28:58,priority_mode,"{""action"": ""priority_mode"", ""signal"": ""green"", ""speed_limit"": 30, ""reason"": ""emergency""}"
2026-01-20 15:28:58,control_received,"{""action"": ""priority_mode"", ""signal"": ""green"", ""speed_limit"": 30, ""reason"": ""emergency""}"
2026-01-20 15:28:58,control_received,"{""action"": ""priority_mode"", ""signal"": ""green"", ""speed_limit"": 30, ""reason"": ""emergency""}"
2026-01-20 15:29:03,normal,"{""action"": ""normal"", ""speed_limit"": 60, ""reason"": ""normal""}"
2026-01-20 15:29:03,control_received,"{""action"": ""normal"", ""speed_limit"": 60, ""reason"": ""normal""}"
2026-01-20 15:29:03,control_received,"{""action"": ""normal"", ""speed_limit"": 60, ""reason"": ""normal""}"
2026-01-20 15:29:08,priority_mode,"{""action"": ""priority_mode"", ""signal"": ""green"", ""speed_limit"": 30, ""reason"": ""emergency""}"
2026-01-20 15:29:08,control_received,"{""action"": ""priority_mode"", ""signal"": ""green"", ""speed_limit"": 30, ""reason"": ""emergency""}"
2026-01-20 15:29:08,control_received,"{""action"": ""priority_mode"", ""signal"": ""green"", ""speed_limit"": 30, ""reason"": ""emergency""}"
2026-01-20 15:29:13,normal,"{""action"": ""normal"", ""speed_limit"": 60, ""reason"": ""normal""}"
2026-01-20 15:29:13,control_received,"{""action"": ""normal"", ""speed_limit"": 60, ""reason"": ""normal""}"
2026-01-20 15:29:13,control_received,"{""action"": ""normal"", ""speed_limit"": 60, ""reason"": ""normal""}"
2026-01-20 15:29:18,normal,"{""action"": ""normal"", ""speed_limit"": 60, ""reason"": ""normal""}"
2026-01-20 15:29:18,control_received,"{""action"": ""normal"", ""speed_limit"": 60, ""reason"": ""normal""}"
2026-01-20 15:29:23,normal,"{""action"": ""normal"", ""speed_limit"": 60, ""reason"": ""normal""}"
2026-01-20 15:29:23,control_received,"{""action"": ""normal"", ""speed_limit"": 60, ""reason"": ""normal""}"
2026-01-20 15:29:28,priority_mode,"{""action"": ""priority_mode"", ""signal"": ""green"", ""speed_limit"": 30, ""reason"": ""emergency""}"
2026-01-20 15:29:28,control_received,"{""action"": ""priority_mode"", ""signal"": ""green"", ""speed_limit"": 30, ""reason"": ""emergency""}"
2026-01-20 15:29:28,control_received,"{""action"": ""priority_mode"", ""signal"": ""green"", ""speed_limit"": 30, ""reason"": ""emergency""}"
2026-01-20 15:29:33,normal,"{""action"": ""normal"", ""speed_limit"": 60, ""reason"": ""normal""}"
2026-01-20 15:29:33,control_received,"{""action"": ""normal"", ""speed_limit"": 60, ""reason"": ""normal""}"
2026-01-20 15:29:38,priority_mode,"{""action"": ""priority_mode"", ""signal"": ""green"", ""speed_limit"": 30, ""reason"": ""emergency""}"
2026-01-20 15:29:38,control_received,"{""action"": ""priority_mode"", ""signal"": ""green"", ""speed_limit"": 30, ""reason"": ""emergency""}"
2026-01-20 15:29:38,control_received,"{""action"": ""priority_mode"", ""signal"": ""green"", ""speed_limit"": 30, ""reason"": ""emergency""}"
2026-01-20 15:29:43,priority_mode,"{""action"": ""priority_mode"", ""signal"": ""green"", ""speed_limit"": 30, ""reason"": ""emergency""}"
2026-01-20 15:29:43,control_received,"{""action"": ""priority_mode"", ""signal"": ""green"", ""speed_limit"": 30, ""reason"": ""emergency""}"
2026-01-20 15:29:43,control_received,"{""action"": ""priority_mode"", ""signal"": ""green"", ""speed_limit"": 30, ""reason"": ""emergency""}"
2026-01-20 15:29:48,normal,"{""action"": ""normal"", ""speed_limit"": 60, ""reason"": ""normal""}"
2026-01-20 15:29:48,control_received,"{""action"": ""normal"", ""speed_limit"": 60, ""reason"": ""normal""}"
2026-01-20 15:29:48,control_received,"{""action"": ""normal"", ""speed_limit"": 60, ""reason"": ""normal""}"
2026-01-20 15:29:53,normal,"{""action"": ""normal"", ""speed_limit"": 60, ""reason"": ""normal""}"
2026-01-20 15:29:53,control_received,"{""action"": ""normal"", ""speed_limit"": 60, ""reason"": ""normal""}"
2026-01-20 15:29:53,control_received,"{""action"": ""normal"", ""speed_limit"": 60, ""reason"": ""normal""}"
2026-01-20 15:29:58,priority_mode,"{""action"": ""priority_mode"", ""signal"": ""green"", ""speed_limit"": 30, ""reason"": ""emergency""}"
2026-01-20 15:29:58,control_received,"{""action"": ""priority_mode"", ""signal"": ""green"", ""speed_limit"": 30, ""reason"": ""emergency""}"
2026-01-20 15:29:58,control_received,"{""action"": ""priority_mode"", ""signal"": ""green"", ""speed_limit"": 30, ""reason"": ""emergency""}"
2026-01-20 15:30:03,normal,"{""action"": ""normal"", ""speed_limit"": 60, ""reason"": ""normal""}"
2026-01-20 15:30:03,control_received,"{""action"": ""normal"", ""speed_limit"": 60, ""reason"": ""normal""}"
2026-01-20 15:30:08,priority_mode,"{""action"": ""priority_mode"", ""signal"": ""green"", ""speed_limit"": 30, ""reason"": ""emergency""}"
2026-01-20 15:30:08,control_received,"{""action"": ""priority_mode"", ""signal"": ""green"", ""speed_limit"": 30, ""reason"": ""emergency""}"
2026-01-20 15:30:08,control_received,"{""action"": ""priority_mode"", ""signal"": ""green"", ""speed_limit"": 30, ""reason"": ""emergency""}"
2026-01-20 15:30:13,normal,"{""action"": ""normal"", ""speed_limit"": 60, ""reason"": ""normal""}"
2026-01-20 15:30:13,control_received,"{""action"": ""normal"", ""speed_limit"": 60, ""reason"": ""normal""}"
2026-01-20 15:30:13,control_received,"{""action"": ""normal"", ""speed_limit"": 60, ""reason"": ""normal""}"
2026-01-20 15:30:18,priority_mode,"{""action"": ""priority_mode"", ""signal"": ""green"", ""speed_limit"": 30, ""reason"": ""emergency""}"
2026-01-20 15:30:18,control_received,"{""action"": ""priority_mode"", ""signal"": ""green"", ""speed_limit"": 30, ""reason"": ""emergency""}"
2026-01-20 15:30:23,normal,"{""action"": ""normal"", ""speed_limit"": 60, ""reason"": ""normal""}"
2026-01-20 15:30:23,control_received,"{""action"": ""normal"", ""speed_limit"": 60, ""reason"": ""normal""}"
2026-01-20 15:30:23,control_received,"{""action"": ""normal"", ""speed_limit"": 60, ""reason"": ""normal""}"
2026-01-20 15:30:28,normal,"{""action"": ""normal"", ""speed_limit"": 60, ""reason"": ""normal""}"
2026-01-20 15:30:28,control_received,"{""action"": ""normal"", ""speed_limit"": 60, ""reason"": ""normal""}"
2026-01-20 15:30:28,control_received,"{""action"": ""normal"", ""speed_limit"": 60, ""reason"": ""normal""}"
2026-01-20 15:30:33,priority_mode,"{""action"": ""priority_mode"", ""signal"": ""green"", ""speed_limit"": 30, ""reason"": ""emergency""}"
2026-01-20 15:30:33,control_received,"{""action"": ""priority_mode"", ""signal"": ""green"", ""speed_limit"": 30, ""reason"": ""emergency""}"
2026-01-20 15:30:33,control_received,"{""action"": ""priority_mode"", ""signal"": ""green"", ""speed_limit"": 30, ""reason"": ""emergency""}"
2026-01-20 15:30:38,normal,"{""action"": ""normal"", ""speed_limit"": 60, ""reason"": ""normal""}"
2026-01-20 15:30:38,control_received,"{""action"": ""normal"", ""speed_limit"": 60, ""reason"": ""normal""}"
2026-01-20 15:30:38,control_received,"{""action"": ""normal"", ""speed_limit"": 60, ""reason"": ""normal""}"
2026-01-20 15:30:43,normal,"{""action"": ""normal"", ""speed_limit"": 60, ""reason"": ""normal""}"
2026-01-20 15:30:43,control_received,"{""action"": ""normal"", ""speed_limit"": 60, ""reason"": ""normal""}"
2026-01-20 15:30:43,control_received,"{""action"": ""normal"", ""speed_limit"": 60, ""reason"": ""normal""}"
2026-01-20 15:30:48,normal,"{""action"": ""normal"", ""speed_limit"": 60, ""reason"": ""normal""}"
2026-01-20 15:30:48,control_received,"{""action"": ""normal"", ""speed_limit"": 60, ""reason"": ""normal""}"
2026-01-20 15:30:48,control_received,"{""action"": ""normal"", ""speed_limit"": 60, ""reason"": ""normal""}"
2026-01-20 15:30:53,normal,"{""action"": ""normal"", ""speed_limit"": 60, ""reason"": ""normal""}"
2026-01-20 15:30:53,control_received,"{""action"": ""normal"", ""speed_limit"": 60, ""reason"": ""normal""}"
2026-01-20 15:30:53,control_received,"{""action"": ""normal"", ""speed_limit"": 60, ""reason"": ""normal""}"
2026-01-20 15:30:58,priority_mode,"{""action"": ""priority_mode"", ""signal"": ""green"", ""speed_limit"": 30, ""reason"": ""emergency""}"
2026-01-20 15:30:58,control_received,"{""action"": ""priority_mode"", ""signal"": ""green"", ""speed_limit"": 30, ""reason"": ""emergency""}"
2026-01-20 15:30:58,control_received,"{""action"": ""priority_mode"", ""signal"": ""green"", ""speed_limit"": 30, ""reason"": ""emergency""}"
2026-01-20 15:31:03,normal,"{""action"": ""normal"", ""speed_limit"": 60, ""reason"": ""normal""}"
2026-01-20 15:31:03,control_received,"{""action"": ""normal"", ""speed_limit"": 60, ""reason"": ""normal""}"
2026-01-20 15:31:03,control_received,"{""action"": ""normal"", ""speed_limit"": 60, ""reason"": ""normal""}"
2026-01-20 15:31:08,priority_mode,"{""action"": ""priority_mode"", ""signal"": ""green"", ""speed_limit"": 30, ""reason"": ""emergency""}"
2026-01-20 15:31:08,control_received,"{""action"": ""priority_mode"", ""signal"": ""green"", ""speed_limit"": 30, ""reason"": ""emergency""}"
2026-01-20 15:31:08,control_received,"{""action"": ""priority_mode"", ""signal"": ""green"", ""speed_limit"": 30, ""reason"": ""emergency""}"
2026-01-20 15:31:13,normal,"{""action"": ""normal"", ""speed_limit"": 60, ""reason"": ""normal""}"
2026-01-20 15:31:13,control_received,"{""action"": ""normal"", ""speed_limit"": 60, ""reason"": ""normal""}"
2026-01-20 15:31:18,normal,"{""action"": ""normal"", ""speed_limit"": 60, ""reason"": ""normal""}"
2026-01-20 15:31:18,control_received,"{""action"": ""normal"", ""speed_limit"": 60, ""reason"": ""normal""}"
2026-01-20 15:31:18,control_received,"{""action"": ""normal"", ""speed_limit"": 60, ""reason"": ""normal""}"
2026-01-20 15:31:23,priority_mode,"{""action"": ""priority_mode"", ""signal"": ""green"", ""speed_limit"": 30, ""reason"": ""emergency""}"
2026-01-20 15:31:23,control_received,"{""action"": ""priority_mode"", ""signal"": ""green"", ""speed_limit"": 30, ""reason"": ""emergency""}"
2026-01-20 15:31:23,control_received,"{""action"": ""priority_mode"", ""signal"": ""green"", ""speed_limit"": 30, ""reason"": ""emergency""}"
2026-01-20 15:31:28,priority_mode,"{""action"": ""priority_mode"", ""signal"": ""green"", ""speed_limit"": 30, ""reason"": ""emergency""}"
2026-01-20 15:31:28,control_received,"{""action"": ""priority_mode"", ""signal"": ""green"", ""speed_limit"": 30, ""reason"": ""emergency""}"
2026-01-20 15:31:28,control_received,"{""action"": ""priority_mode"", ""signal"": ""green"", ""speed_limit"": 30, ""reason"": ""emergency""}"
2026-01-20 15:31:33,priority_mode,"{""action"": ""priority_mode"", ""signal"": ""green"", ""speed_limit"": 30, ""reason"": ""emergency""}"
2026-01-20 15:31:33,control_received,"{""action"": ""priority_mode"", ""signal"": ""green"", ""speed_limit"": 30, ""reason"": ""emergency""}"
2026-01-20 15:31:38,reduce_speed,"{""action"": ""reduce_speed"", ""speed_limit"": 50, ""reason"": ""moderate_congestion""}"
2026-01-20 15:31:38,control_received,"{""action"": ""reduce_speed"", ""speed_limit"": 50, ""reason"": ""moderate_congestion""}"
2026-01-20 15:31:38,control_received,"{""action"": ""reduce_speed"", ""speed_limit"": 50, ""reason"": ""moderate_congestion""}"
2026-01-20 15:31:43,priority_mode,"{""action"": ""priority_mode"", ""signal"": ""green"", ""speed_limit"": 30, ""reason"": ""emergency""}"
2026-01-20 15:31:43,control_received,"{""action"": ""priority_mode"", ""signal"": ""green"", ""speed_limit"": 30, ""reason"": ""emergency""}"
2026-01-20 15:31:48,reduce_speed,"{""action"": ""reduce_speed"", ""speed_limit"": 50, ""reason"": ""moderate_congestion""}"
2026-01-20 15:31:48,control_received,"{""action"": ""reduce_speed"", ""speed_limit"": 50, ""reason"": ""moderate_congestion""}"
2026-01-20 15:31:48,control_received,"{""action"": ""reduce_speed"", ""speed_limit"": 50, ""reason"": ""moderate_congestion""}"
2026-01-20 15:31:53,normal,"{""action"": ""normal"", ""speed_limit"": 60, ""reason"": ""normal""}"
2026-01-20 15:31:53,control_received,"{""action"": ""normal"", ""speed_limit"": 60, ""reason"": ""normal""}"
2026-01-20 15:31:58,priority_mode,"{""action"": ""priority_mode"", ""signal"": ""green"", ""speed_limit"": 30, ""reason"": ""emergency""}"
2026-01-20 15:31:58,control_received,"{""action"": ""priority_mode"", ""signal"": ""green"", ""speed_limit"": 30, ""reason"": ""emergency""}"
2026-01-20 15:32:03,reduce_speed,"{""action"": ""reduce_speed"", ""speed_limit"": 50, ""reason"": ""moderate_congestion""}"
2026-01-20 15:32:03,control_received,"{""action"": ""reduce_speed"", ""speed_limit"": 50, ""reason"": ""moderate_congestion""}"
2026-01-20 15:32:03,control_received,"{""action"": ""reduce_speed"", ""speed_limit"": 50, ""reason"": ""moderate_congestion""}"
2026-01-20 15:32:08,priority_mode,"{""action"": ""priority_mode"", ""signal"": ""green"", ""speed_limit"": 30, ""reason"": ""emergency""}"
2026-01-20 15:32:08,control_received,"{""action"": ""priority_mode"", ""signal"": ""green"", ""speed_limit"": 30, ""reason"": ""emergency""}"
2026-01-20 15:32:08,control_received,"{""action"": ""priority_mode"", ""signal"": ""green"", ""speed_limit"": 30, ""reason"": ""emergency""}"
2026-01-20 15:32:13,priority_mode,"{""action"": ""priority_mode"", ""signal"": ""green"", ""speed_limit"": 30, ""reason"": ""emergency""}"
2026-01-20 15:32:13,control_received,"{""action"": ""priority_mode"", ""signal"": ""green"", ""speed_limit"": 30, ""reason"": ""emergency""}"
2026-01-20 15:32:13,control_received,"{""action"": ""priority_mode"", ""signal"": ""green"", ""speed_limit"": 30, ""reason"": ""emergency""}"
2026-01-20 15:32:18,normal,"{""action"": ""normal"", ""speed_limit"": 60, ""reason"": ""normal""}"
2026-01-20 15:32:18,control_received,"{""action"": ""normal"", ""speed_limit"": 60, ""reason"": ""normal""}"
2026-01-20 15:32:23,priority_mode,"{""action"": ""priority_mode"", ""signal"": ""green"", ""speed_limit"": 30, ""reason"": ""emergency""}"
2026-01-20 15:32:23,control_received,"{""action"": ""priority_mode"", ""signal"": ""green"", ""speed_limit"": 30, ""reason"": ""emergency""}"
2026-01-20 15:32:23,control_received,"{""action"": ""priority_mode"", ""signal"": ""green"", ""speed_limit"": 30, ""reason"": ""emergency""}"
2026-01-20 15:32:28,normal,"{""action"": ""normal"", ""speed_limit"": 60, ""reason"": ""normal""}"
2026-01-20 15:32:28,control_received,"{""action"": ""normal"", ""speed_limit"": 60, ""reason"": ""normal""}"
2026-01-20 15:32:28,control_received,"{""action"": ""normal"", ""speed_limit"": 60, ""reason"": ""normal""}"
2026-01-20 15:32:33,reduce_speed,"{""action"": ""reduce_speed"", ""speed_limit"": 50, ""reason"": ""moderate_congestion""}"
2026-01-20 15:32:33,control_received,"{""action"": ""reduce_speed"", ""speed_limit"": 50, ""reason"": ""moderate_congestion""}"
2026-01-20 15:32:38,normal,"{""action"": ""normal"", ""speed_limit"": 60, ""reason"": ""normal""}"
2026-01-20 15:32:38,control_received,"{""action"": ""normal"", ""speed_limit"": 60, ""reason"": ""normal""}"
2026-01-20 15:32:38,control_received,"{""action"": ""normal"", ""speed_limit"": 60, ""reason"": ""normal""}"
2026-01-20 15:32:43,priority_mode,"{""action"": ""priority_mode"", ""signal"": ""green"", ""speed_limit"": 30, ""reason"": ""emergency""}"
2026-01-20 15:32:43,control_received,"{""action"": ""priority_mode"", ""signal"": ""green"", ""speed_limit"": 30, ""reason"": ""emergency""}"
2026-01-20 15:32:43,control_received,"{""action"": ""priority_mode"", ""signal"": ""green"", ""speed_limit"": 30, ""reason"": ""emergency""}"
2026-01-20 15:32:48,priority_mode,"{""action"": ""priority_mode"", ""signal"": ""green"", ""speed_limit"": 30, ""reason"": ""emergency""}"
2026-01-20 15:32:48,control_received,"{""action"": ""priority_mode"", ""signal"": ""green"", ""speed_limit"": 30, ""reason"": ""emergency""}"
2026-01-20 15:32:48,control_received,"{""action"": ""priority_mode"", ""signal"": ""green"", ""speed_limit"": 30, ""reason"": ""emergency""}"
2026-01-20 15:32:53,priority_mode,"{""action"": ""priority_mode"", ""signal"": ""green"", ""speed_limit"": 30, ""reason"": ""emergency""}"
2026-01-20 15:32:53,control_received,"{""action"": ""priority_mode"", ""signal"": ""green"", ""speed_limit"": 30, ""reason"": ""emergency""}"
2026-01-20 15:32:53,control_received,"{""action"": ""priority_mode"", ""signal"": ""green"", ""speed_limit"": 30, ""reason"": ""emergency""}"
2026-01-20 15:32:58,normal,"{""action"": ""normal"", ""speed_limit"": 60, ""reason"": ""normal""}"
2026-01-20 15:32:58,control_received,"{""action"": ""normal"", ""speed_limit"": 60, ""reason"": ""normal""}"
2026-01-20 15:33:03,normal,"{""action"": ""normal"", ""speed_limit"": 60, ""reason"": ""normal""}"
2026-01-20 15:33:03,control_received,"{""action"": ""normal"", ""speed_limit"": 60, ""reason"": ""normal""}"
2026-01-20 15:33:03,control_received,"{""action"": ""normal"", ""speed_limit"": 60, ""reason"": ""normal""}"
2026-01-20 15:33:08,priority_mode,"{""action"": ""priority_mode"", ""signal"": ""green"", ""speed_limit"": 30, ""reason"": ""emergency""}"
2026-01-20 15:33:08,control_received,"{""action"": ""priority_mode"", ""signal"": ""green"", ""speed_limit"": 30, ""reason"": ""emergency""}"
2026-01-20 15:33:08,control_received,"{""action"": ""priority_mode"", ""signal"": ""green"", ""speed_limit"": 30, ""reason"": ""emergency""}"
2026-01-20 15:33:13,priority_mode,"{""action"": ""priority_mode"", ""signal"": ""green"", ""speed_limit"": 30, ""reason"": ""emergency""}"
2026-01-20 15:33:13,control_received,"{""action"": ""priority_mode"", ""signal"": ""green"", ""speed_limit"": 30, ""reason"": ""emergency""}"
2026-01-20 15:33:18,reduce_speed,"{""action"": ""reduce_speed"", ""speed_limit"": 50, ""reason"": ""moderate_congestion""}"
2026-01-20 15:33:18,control_received,"{""action"": ""reduce_speed"", ""speed_limit"": 50, ""reason"": ""moderate_congestion""}"
2026-01-20 15:33:18,control_received,"{""action"": ""reduce_speed"", ""speed_limit"": 50, ""reason"": ""moderate_congestion""}"
2026-01-20 15:33:23,priority_mode,"{""action"": ""priority_mode"", ""signal"": ""green"", ""speed_limit"": 30, ""reason"": ""emergency""}"
2026-01-20 15:33:23,control_received,"{""action"": ""priority_mode"", ""signal"": ""green"", ""speed_limit"": 30, ""reason"": ""emergency""}"
2026-01-20 15:33:23,control_received,"{""action"": ""priority_mode"", ""signal"": ""green"", ""speed_limit"": 30, ""reason"": ""emergency""}"
2026-01-20 15:33:28,normal,"{""action"": ""normal"", ""speed_limit"": 60, ""reason"": ""normal""}"
2026-01-20 15:33:28,control_received,"{""action"": ""normal"", ""speed_limit"": 60, ""reason"": ""normal""}"
2026-01-20 15:33:28,control_received,"{""action"": ""normal"", ""speed_limit"": 60, ""reason"": ""normal""}"
2026-01-20 15:33:33,normal,"{""action"": ""normal"", ""speed_limit"": 60, ""reason"": ""normal""}"
2026-01-20 15:33:33,control_received,"{""action"": ""normal"", ""speed_limit"": 60, ""reason"": ""normal""}"
2026-01-20 15:33:38,normal,"{""action"": ""normal"", ""speed_limit"": 60, ""reason"": ""normal""}"
2026-01-20 15:33:38,control_received,"{""action"": ""normal"", ""speed_limit"": 60, ""reason"": ""normal""}"
2026-01-20 15:33:38,control_received,"{""action"": ""normal"", ""speed_limit"": 60, ""reason"": ""normal""}"
2026-01-20 15:33:43,priority_mode,"{""action"": ""priority_mode"", ""signal"": ""green"", ""speed_limit"": 30, ""reason"": ""emergency""}"
2026-01-20 15:33:43,control_received,"{""action"": ""priority_mode"", ""signal"": ""green"", ""speed_limit"": 30, ""reason"": ""emergency""}"
2026-01-20 15:33:48,priority_mode,"{""action"": ""priority_mode"", ""signal"": ""green"", ""speed_limit"": 30, ""reason"": ""emergency""}"
2026-01-20 15:33:48,control_received,"{""action"": ""priority_mode"", ""signal"": ""green"", ""speed_limit"": 30, ""reason"": ""emergency""}"
2026-01-20 15:33:48,control_received,"{""action"": ""priority_mode"", ""signal"": ""green"", ""speed_limit"": 30, ""reason"": ""emergency""}"
2026-01-20 15:33:53,normal,"{""action"": ""normal"", ""speed_limit"": 60, ""reason"": ""normal""}"
2026-01-20 15:33:53,control_received,"{""action"": ""normal"", ""speed_limit"": 60, ""reason"": ""normal""}"
2026-01-20 15:33:58,reduce_speed,"{""action"": ""reduce_speed"", ""speed_limit"": 50, ""reason"": ""moderate_congestion""}"
2026-01-20 15:33:58,control_received,"{""action"": ""reduce_speed"", ""speed_limit"": 50, ""reason"": ""moderate_congestion""}"
2026-01-20 15:33:58,control_received,"{""action"": ""reduce_speed"", ""speed_limit"": 50, ""reason"": ""moderate_congestion""}"
2026-01-20 15:34:03,normal,"{""action"": ""normal"", ""speed_limit"": 60, ""reason"": ""normal""}"
2026-01-20 15:34:03,control_received,"{""action"": ""normal"", ""speed_limit"": 60, ""reason"": ""normal""}"
2026-01-20 15:34:03,control_received,"{""action"": ""normal"", ""speed_limit"": 60, ""reason"": ""normal""}"
2026-01-20 15:34:08,normal,"{""action"": ""normal"", ""speed_limit"": 60, ""reason"": ""normal""}"
2026-01-20 15:34:08,control_received,"{""action"": ""normal"", ""speed_limit"": 60, ""reason"": ""normal""}"
2026-01-20 15:34:08,control_received,"{""action"": ""normal"", ""speed_limit"": 60, ""reason"": ""normal""}"
2026-01-20 15:34:13,reduce_speed,"{""action"": ""reduce_speed"", ""speed_limit"": 50, ""reason"": ""moderate_congestion""}"
2026-01-20 15:34:13,control_received,"{""action"": ""reduce_speed"", ""speed_limit"": 50, ""reason"": ""moderate_congestion""}"
2026-01-20 15:34:13,control_received,"{""action"": ""reduce_speed"", ""speed_limit"": 50, ""reason"": ""moderate_congestion""}"
2026-01-20 15:34:18,normal,"{""action"": ""normal"", ""speed_limit"": 60, ""reason"": ""normal""}"
2026-01-20 15:34:18,control_received,"{""action"": ""normal"", ""speed_limit"": 60, ""reason"": ""normal""}"
2026-01-20 15:34:18,control_received,"{""action"": ""normal"", ""speed_limit"": 60, ""reason"": ""normal""}"
2026-01-20 15:34:23,normal,"{""action"": ""normal"", ""speed_limit"": 60, ""reason"": ""normal""}"
2026-01-20 15:34:23,control_received,"{""action"": ""normal"", ""speed_limit"": 60, ""reason"": ""normal""}"
2026-01-20 15:34:28,priority_mode,"{""action"": ""priority_mode"", ""signal"": ""green"", ""speed_limit"": 30, ""reason"": ""emergency""}"
2026-01-20 15:34:28,control_received,"{""action"": ""priority_mode"", ""signal"": ""green"", ""speed_limit"": 30, ""reason"": ""emergency""}"
2026-01-20 15:34:33,priority_mode,"{""action"": ""priority_mode"", ""signal"": ""green"", ""speed_limit"": 30, ""reason"": ""emergency""}"
2026-01-20 15:34:33,control_received,"{""action"": ""priority_mode"", ""signal"": ""green"", ""speed_limit"": 30, ""reason"": ""emergency""}"
2026-01-20 15:34:33,control_received,"{""action"": ""priority_mode"", ""signal"": ""green"", ""speed_limit"": 30, ""reason"": ""emergency""}"
2026-01-20 15:34:38,normal,"{""action"": ""normal"", ""speed_limit"": 60, ""reason"": ""normal""}"
2026-01-20 15:34:38,control_received,"{""action"": ""normal"", ""speed_limit"": 60, ""reason"": ""normal""}"
2026-01-20 15:34:43,priority_mode,"{""action"": ""priority_mode"", ""signal"": ""green"", ""speed_limit"": 30, ""reason"": ""emergency""}"
2026-01-20 15:34:43,control_received,"{""action"": ""priority_mode"", ""signal"": ""green"", ""speed_limit"": 30, ""reason"": ""emergency""}"
2026-01-20 15:34:43,control_received,"{""action"": ""priority_mode"", ""signal"": ""green"", ""speed_limit"": 30, ""reason"": ""emergency""}"
2026-01-20 15:34:48,normal,"{""action"": ""normal"", ""speed_limit"": 60, ""reason"": ""normal""}"
2026-01-20 15:34:48,control_received,"{""action"": ""normal"", ""speed_limit"": 60, ""reason"": ""normal""}"
2026-01-20 15:34:53,normal,"{""action"": ""normal"", ""speed_limit"": 60, ""reason"": ""normal""}"
2026-01-20 15:34:53,control_received,"{""action"": ""normal"", ""speed_limit"": 60, ""reason"": ""normal""}"
2026-01-20 15:34:53,control_received,"{""action"": ""normal"", ""speed_limit"": 60, ""reason"": ""normal""}"
2026-01-20 15:34:58,normal,"{""action"": ""normal"", ""speed_limit"": 60, ""reason"": ""normal""}"
2026-01-20 15:34:58,control_received,"{""action"": ""normal"", ""speed_limit"": 60, ""reason"": ""normal""}"
2026-01-20 15:35:03,normal,"{""action"": ""normal"", ""speed_limit"": 60, ""reason"": ""normal""}"
2026-01-20 15:35:03,control_received,"{""action"": ""normal"", ""speed_limit"": 60, ""reason"": ""normal""}"
2026-01-20 15:35:03,control_received,"{""action"": ""normal"", ""speed_limit"": 60, ""reason"": ""normal""}"
2026-01-20 15:35:08,normal,"{""action"": ""normal"", ""speed_limit"": 60, ""reason"": ""normal""}"
2026-01-20 15:35:08,control_received,"{""action"": ""normal"", ""speed_limit"": 60, ""reason"": ""normal""}"
2026-01-20 15:35:08,control_received,"{""action"": ""normal"", ""speed_limit"": 60, ""reason"": ""normal""}"
2026-01-20 15:35:13,priority_mode,"{""action"": ""priority_mode"", ""signal"": ""green"", ""speed_limit"": 30, ""reason"": ""emergency""}"
2026-01-20 15:35:13,control_received,"{""action"": ""priority_mode"", ""signal"": ""green"", ""speed_limit"": 30, ""reason"": ""emergency""}"
2026-01-20 15:35:13,control_received,"{""action"": ""priority_mode"", ""signal"": ""green"", ""speed_limit"": 30, ""reason"": ""emergency""}"
2026-01-20 15:35:18,normal,"{""action"": ""normal"", ""speed_limit"": 60, ""reason"": ""normal""}"
2026-01-20 15:35:18,control_received,"{""action"": ""normal"", ""speed_limit"": 60, ""reason"": ""normal""}"
2026-01-20 15:35:18,control_received,"{""action"": ""normal"", ""speed_limit"": 60, ""reason"": ""normal""}"
2026-01-20 15:35:23,priority_mode,"{""action"": ""priority_mode"", ""signal"": ""green"", ""speed_limit"": 30, ""reason"": ""emergency""}"
2026-01-20 15:35:23,control_received,"{""action"": ""priority_mode"", ""signal"": ""green"", ""speed_limit"": 30, ""reason"": ""emergency""}"
2026-01-20 15:35:23,control_received,"{""action"": ""priority_mode"", ""signal"": ""green"", ""speed_limit"": 30, ""reason"": ""emergency""}"
2026-01-20 15:35:28,normal,"{""action"": ""normal"", ""speed_limit"": 60, ""reason"": ""normal""}"
2026-01-20 15:35:28,control_received,"{""action"": ""normal"", ""speed_limit"": 60, ""reason"": ""normal""}"
2026-01-20 15:35:33,priority_mode,"{""action"": ""priority_mode"", ""signal"": ""green"", ""speed_limit"": 30, ""reason"": ""emergency""}"
2026-01-20 15:35:33,control_received,"{""action"": ""priority_mode"", ""signal"": ""green"", ""speed_limit"": 30, ""reason"": ""emergency""}"
2026-01-20 15:35:38,priority_mode,"{""action"": ""priority_mode"", ""signal"": ""green"", ""speed_limit"": 30, ""reason"": ""emergency""}"
2026-01-20 15:35:38,control_received,"{""action"": ""priority_mode"", ""signal"": ""green"", ""speed_limit"": 30, ""reason"": ""emergency""}"
2026-01-20 15:35:38,control_received,"{""action"": ""priority_mode"", ""signal"": ""green"", ""speed_limit"": 30, ""reason"": ""emergency""}"
2026-01-20 15:35:43,reduce_speed,"{""action"": ""reduce_speed"", ""speed_limit"": 50, ""reason"": ""moderate_congestion""}"
2026-01-20 15:35:43,control_received,"{""action"": ""reduce_speed"", ""speed_limit"": 50, ""reason"": ""moderate_congestion""}"
2026-01-20 15:35:43,control_received,"{""action"": ""reduce_speed"", ""speed_limit"": 50, ""reason"": ""moderate_congestion""}"
2026-01-20 15:35:48,normal,"{""action"": ""normal"", ""speed_limit"": 60, ""reason"": ""normal""}"
2026-01-20 15:35:48,control_received,"{""action"": ""normal"", ""speed_limit"": 60, ""reason"": ""normal""}"
2026-01-20 15:35:53,reduce_speed,"{""action"": ""reduce_speed"", ""speed_limit"": 50, ""reason"": ""moderate_congestion""}"
2026-01-20 15:35:53,control_received,"{""action"": ""reduce_speed"", ""speed_limit"": 50, ""reason"": ""moderate_congestion""}"
2026-01-20 15:35:53,control_received,"{""action"": ""reduce_speed"", ""speed_limit"": 50, ""reason"": ""moderate_congestion""}"
2026-01-20 15:35:58,normal,"{""action"": ""normal"", ""speed_limit"": 60, ""reason"": ""normal""}"
2026-01-20 15:35:58,control_received,"{""action"": ""normal"", ""speed_limit"": 60, ""reason"": ""normal""}"
2026-01-20 15:35:58,control_received,"{""action"": ""normal"", ""speed_limit"": 60, ""reason"": ""normal""}"
2026-01-20 15:36:03,normal,"{""action"": ""normal"", ""speed_limit"": 60, ""reason"": ""normal""}"
2026-01-20 15:36:03,control_received,"{""action"": ""normal"", ""speed_limit"": 60, ""reason"": ""normal""}"
2026-01-20 15:36:03,control_received,"{""action"": ""normal"", ""speed_limit"": 60, ""reason"": ""normal""}"
2026-01-20 15:36:08,normal,"{""action"": ""normal"", ""speed_limit"": 60, ""reason"": ""normal""}"
2026-01-20 15:36:08,control_received,"{""action"": ""normal"", ""speed_limit"": 60, ""reason"": ""normal""}"
2026-01-20 15:36:08,control_received,"{""action"": ""normal"", ""speed_limit"": 60, ""reason"": ""normal""}"
2026-01-20 15:36:13,priority_mode,"{""action"": ""priority_mode"", ""signal"": ""green"", ""speed_limit"": 30, ""reason"": ""emergency""}"
2026-01-20 15:36:13,control_received,"{""action"": ""priority_mode"", ""signal"": ""green"", ""speed_limit"": 30, ""reason"": ""emergency""}"
2026-01-20 15:36:18,normal,"{""action"": ""normal"", ""speed_limit"": 60, ""reason"": ""normal""}"
2026-01-20 15:36:18,control_received,"{""action"": ""normal"", ""speed_limit"": 60, ""reason"": ""normal""}"
2026-01-20 15:36:23,normal,"{""action"": ""normal"", ""speed_limit"": 60, ""reason"": ""normal""}"
2026-01-20 15:36:23,control_received,"{""action"": ""normal"", ""speed_limit"": 60, ""reason"": ""normal""}"
2026-01-20 15:36:23,control_received,"{""action"": ""normal"", ""speed_limit"": 60, ""reason"": ""normal""}"
2026-01-20 15:36:28,priority_mode,"{""action"": ""priority_mode"", ""signal"": ""green"", ""speed_limit"": 30, ""reason"": ""emergency""}"
2026-01-20 15:36:28,control_received,"{""action"": ""priority_mode"", ""signal"": ""green"", ""speed_limit"": 30, ""reason"": ""emergency""}"
2026-01-20 15:36:28,control_received,"{""action"": ""priority_mode"", ""signal"": ""green"", ""speed_limit"": 30, ""reason"": ""emergency""}"
2026-01-20 15:36:33,priority_mode,"{""action"": ""priority_mode"", ""signal"": ""green"", ""speed_limit"": 30, ""reason"": ""emergency""}"
2026-01-20 15:36:33,control_received,"{""action"": ""priority_mode"", ""signal"": ""green"", ""speed_limit"": 30, ""reason"": ""emergency""}"
2026-01-20 15:36:33,control_received,"{""action"": ""priority_mode"", ""signal"": ""green"", ""speed_limit"": 30, ""reason"": ""emergency""}"
2026-01-20 15:36:38,normal,"{""action"": ""normal"", ""speed_limit"": 60, ""reason"": ""normal""}"
2026-01-20 15:36:38,control_received,"{""action"": ""normal"", ""speed_limit"": 60, ""reason"": ""normal""}"
2026-01-20 15:36:38,control_received,"{""action"": ""normal"", ""speed_limit"": 60, ""reason"": ""normal""}"
2026-01-20 15:36:43,priority_mode,"{""action"": ""priority_mode"", ""signal"": ""green"", ""speed_limit"": 30, ""reason"": ""emergency""}"
2026-01-20 15:36:43,control_received,"{""action"": ""priority_mode"", ""signal"": ""green"", ""speed_limit"": 30, ""reason"": ""emergency""}"
2026-01-20 15:36:48,priority_mode,"{""action"": ""priority_mode"", ""signal"": ""green"", ""speed_limit"": 30, ""reason"": ""emergency""}"
2026-01-20 15:36:48,control_received,"{""action"": ""priority_mode"", ""signal"": ""green"", ""speed_limit"": 30, ""reason"": ""emergency""}"
2026-01-20 15:36:48,control_received,"{""action"": ""priority_mode"", ""signal"": ""green"", ""speed_limit"": 30, ""reason"": ""emergency""}"
2026-01-20 15:36:53,normal,"{""action"": ""normal"", ""speed_limit"": 60, ""reason"": ""normal""}"
2026-01-20 15:36:53,control_received,"{""action"": ""normal"", ""speed_limit"": 60, ""reason"": ""normal""}"
2026-01-20 15:36:53,control_received,"{""action"": ""normal"", ""speed_limit"": 60, ""reason"": ""normal""}"
2026-01-20 15:36:58,priority_mode,"{""action"": ""priority_mode"", ""signal"": ""green"", ""speed_limit"": 30, ""reason"": ""emergency""}"
2026-01-20 15:36:58,control_received,"{""action"": ""priority_mode"", ""signal"": ""green"", ""speed_limit"": 30, ""reason"": ""emergency""}"
2026-01-20 15:37:03,priority_mode,"{""action"": ""priority_mode"", ""signal"": ""green"", ""speed_limit"": 30, ""reason"": ""emergency""}"
2026-01-20 15:37:03,control_received,"{""action"": ""priority_mode"", ""signal"": ""green"", ""speed_limit"": 30, ""reason"": ""emergency""}"
2026-01-20 15:37:08,normal,"{""action"": ""normal"", ""speed_limit"": 60, ""reason"": ""normal""}"
2026-01-20 15:37:08,control_received,"{""action"": ""normal"", ""speed_limit"": 60, ""reason"": ""normal""}"
2026-01-20 15:37:08,control_received,"{""action"": ""normal"", ""speed_limit"": 60, ""reason"": ""normal""}"
2026-01-20 15:37:13,normal,"{""action"": ""normal"", ""speed_limit"": 60, ""reason"": ""normal""}"
2026-01-20 15:37:13,control_received,"{""action"": ""normal"", ""speed_limit"": 60, ""reason"": ""normal""}"
2026-01-20 15:37:18,priority_mode,"{""action"": ""priority_mode"", ""signal"": ""green"", ""speed_limit"": 30, ""reason"": ""emergency""}"
2026-01-20 15:37:18,control_received,"{""action"": ""priority_mode"", ""signal"": ""green"", ""speed_limit"": 30, ""reason"": ""emergency""}"
2026-01-20 15:37:18,control_received,"{""action"": ""priority_mode"", ""signal"": ""green"", ""speed_limit"": 30, ""reason"": ""emergency""}"
2026-01-20 15:37:23,normal,"{""action"": ""normal"", ""speed_limit"": 60, ""reason"": ""normal""}"
2026-01-20 15:37:23,control_received,"{""action"": ""normal"", ""speed_limit"": 60, ""reason"": ""normal""}"
2026-01-20 15:37:23,control_received,"{""action"": ""normal"", ""speed_limit"": 60, ""reason"": ""normal""}"
2026-01-20 15:37:28,priority_mode,"{""action"": ""priority_mode"", ""signal"": ""green"", ""speed_limit"": 30, ""reason"": ""emergency""}"
2026-01-20 15:37:28,control_received,"{""action"": ""priority_mode"", ""signal"": ""green"", ""speed_limit"": 30, ""reason"": ""emergency""}"
2026-01-20 15:37:28,control_received,"{""action"": ""priority_mode"", ""signal"": ""green"", ""speed_limit"": 30, ""reason"": ""emergency""}"
2026-01-20 15:37:33,priority_mode,"{""action"": ""priority_mode"", ""signal"": ""green"", ""speed_limit"": 30, ""reason"": ""emergency""}"
2026-01-20 15:37:33,control_received,"{""action"": ""priority_mode"", ""signal"": ""green"", ""speed_limit"": 30, ""reason"": ""emergency""}"
2026-01-20 15:37:33,control_received,"{""action"": ""priority_mode"", ""signal"": ""green"", ""speed_limit"": 30, ""reason"": ""emergency""}"
2026-01-20 15:37:38,normal,"{""action"": ""normal"", ""speed_limit"": 60, ""reason"": ""normal""}"
2026-01-20 15:37:38,control_received,"{""action"": ""normal"", ""speed_limit"": 60, ""reason"": ""normal""}"
2026-01-20 15:37:38,control_received,"{""action"": ""normal"", ""speed_limit"": 60, ""reason"": ""normal""}"
2026-01-20 15:37:43,normal,"{""action"": ""normal"", ""speed_limit"": 60, ""reason"": ""normal""}"
2026-01-20 15:37:43,control_received,"{""action"": ""normal"", ""speed_limit"": 60, ""reason"": ""normal""}"
2026-01-20 15:37:48,normal,"{""action"": ""normal"", ""speed_limit"": 60, ""reason"": ""normal""}"
2026-01-20 15:37:48,control_received,"{""action"": ""normal"", ""speed_limit"": 60, ""reason"": ""normal""}"
2026-01-20 15:37:53,normal,"{""action"": ""normal"", ""speed_limit"": 60, ""reason"": ""normal""}"
2026-01-20 15:37:53,control_received,"{""action"": ""normal"", ""speed_limit"": 60, ""reason"": ""normal""}"
2026-01-20 15:37:53,control_received,"{""action"": ""normal"", ""speed_limit"": 60, ""reason"": ""normal""}"
2026-01-20 15:37:58,normal,"{""action"": ""normal"", ""speed_limit"": 60, ""reason"": ""normal""}"
2026-01-20 15:37:58,control_received,"{""action"": ""normal"", ""speed_limit"": 60, ""reason"": ""normal""}"
2026-01-20 15:37:58,control_received,"{""action"": ""normal"", ""speed_limit"": 60, ""reason"": ""normal""}"
2026-01-20 15:38:03,normal,"{""action"": ""normal"", ""speed_limit"": 60, ""reason"": ""normal""}"
2026-01-20 15:38:03,control_received,"{""action"": ""normal"", ""speed_limit"": 60, ""reason"": ""normal""}"
2026-01-20 15:38:08,reduce_speed,"{""action"": ""reduce_speed"", ""speed_limit"": 50, ""reason"": ""moderate_congestion""}"
2026-01-20 15:38:08,control_received,"{""action"": ""reduce_speed"", ""speed_limit"": 50, ""reason"": ""moderate_congestion""}"
2026-01-20 15:38:13,normal,"{""action"": ""normal"", ""speed_limit"": 60, ""reason"": ""normal""}"
2026-01-20 15:38:13,control_received,"{""action"": ""normal"", ""speed_limit"": 60, ""reason"": ""normal""}"
2026-01-20 15:38:18,reduce_speed,"{""action"": ""reduce_speed"", ""speed_limit"": 50, ""reason"": ""moderate_congestion""}"
2026-01-20 15:38:18,control_received,"{""action"": ""reduce_speed"", ""speed_limit"": 50, ""reason"": ""moderate_congestion""}"
2026-01-20 15:38:18,control_received,"{""action"": ""reduce_speed"", ""speed_limit"": 50, ""reason"": ""moderate_congestion""}"
2026-01-20 15:38:23,normal,"{""action"": ""normal"", ""speed_limit"": 60, ""reason"": ""normal""}"
2026-01-20 15:38:23,control_received,"{""action"": ""normal"", ""speed_limit"": 60, ""reason"": ""normal""}"
2026-01-20 15:38:23,control_received,"{""action"": ""normal"", ""speed_limit"": 60, ""reason"": ""normal""}"
2026-01-20 15:38:28,normal,"{""action"": ""normal"", ""speed_limit"": 60, ""reason"": ""normal""}"
2026-01-20 15:38:28,control_received,"{""action"": ""normal"", ""speed_limit"": 60, ""reason"": ""normal""}"
2026-01-20 15:38:33,normal,"{""action"": ""normal"", ""speed_limit"": 60, ""reason"": ""normal""}"
2026-01-20 15:38:33,control_received,"{""action"": ""normal"", ""speed_limit"": 60, ""reason"": ""normal""}"
2026-01-20 15:38:33,control_received,"{""action"": ""normal"", ""speed_limit"": 60, ""reason"": ""normal""}"
2026-01-20 15:38:38,normal,"{""action"": ""normal"", ""speed_limit"": 60, ""reason"": ""normal""}"
2026-01-20 15:38:38,control_received,"{""action"": ""normal"", ""speed_limit"": 60, ""reason"": ""normal""}"
2026-01-20 15:38:38,control_received,"{""action"": ""normal"", ""speed_limit"": 60, ""reason"": ""normal""}"
2026-01-20 15:38:43,normal,"{""action"": ""normal"", ""speed_limit"": 60, ""reason"": ""normal""}"
2026-01-20 15:38:43,control_received,"{""action"": ""normal"", ""speed_limit"": 60, ""reason"": ""normal""}"
2026-01-20 15:38:43,control_received,"{""action"": ""normal"", ""speed_limit"": 60, ""reason"": ""normal""}"
2026-01-20 15:38:48,normal,"{""action"": ""normal"", ""speed_limit"": 60, ""reason"": ""normal""}"
2026-01-20 15:38:48,control_received,"{""action"": ""normal"", ""speed_limit"": 60, ""reason"": ""normal""}"
2026-01-20 15:38:53,priority_mode,"{""action"": ""priority_mode"", ""signal"": ""green"", ""speed_limit"": 30, ""reason"": ""emergency""}"
2026-01-20 15:38:53,control_received,"{""action"": ""priority_mode"", ""signal"": ""green"", ""speed_limit"": 30, ""reason"": ""emergency""}"
2026-01-20 15:38:53,control_received,"{""action"": ""priority_mode"", ""signal"": ""green"", ""speed_limit"": 30, ""reason"": ""emergency""}"
2026-01-20 15:38:58,normal,"{""action"": ""normal"", ""speed_limit"": 60, ""reason"": ""normal""}"
2026-01-20 15:38:58,control_received,"{""action"": ""normal"", ""speed_limit"": 60, ""reason"": ""normal""}"
2026-01-20 15:38:58,control_received,"{""action"": ""normal"", ""speed_limit"": 60, ""reason"": ""normal""}"
2026-01-20 15:39:03,normal,"{""action"": ""normal"", ""speed_limit"": 60, ""reason"": ""normal""}"
2026-01-20 15:39:03,control_received,"{""action"": ""normal"", ""speed_limit"": 60, ""reason"": ""normal""}"
2026-01-20 15:39:08,priority_mode,"{""action"": ""priority_mode"", ""signal"": ""green"", ""speed_limit"": 30, ""reason"": ""emergency""}"
2026-01-20 15:39:08,control_received,"{""action"": ""priority_mode"", ""signal"": ""green"", ""speed_limit"": 30, ""reason"": ""emergency""}"
2026-01-20 15:39:08,control_received,"{""action"": ""priority_mode"", ""signal"": ""green"", ""speed_limit"": 30, ""reason"": ""emergency""}"
2026-01-20 15:39:13,normal,"{""action"": ""normal"", ""speed_limit"": 60, ""reason"": ""normal""}"
2026-01-20 15:39:13,control_received,"{""action"": ""normal"", ""speed_limit"": 60, ""reason"": ""normal""}"
2026-01-20 15:39:13,control_received,"{""action"": ""normal"", ""speed_limit"": 60, ""reason"": ""normal""}"
2026-01-20 15:39:18,priority_mode,"{""action"": ""priority_mode"", ""signal"": ""green"", ""speed_limit"": 30, ""reason"": ""emergency""}"
2026-01-20 15:39:18,control_received,"{""action"": ""priority_mode"", ""signal"": ""green"", ""speed_limit"": 30, ""reason"": ""emergency""}"
2026-01-20 15:39:18,control_received,"{""action"": ""priority_mode"", ""signal"": ""green"", ""speed_limit"": 30, ""reason"": ""emergency""}"
2026-01-20 15:39:23,normal,"{""action"": ""normal"", ""speed_limit"": 60, ""reason"": ""normal""}"
2026-01-20 15:39:23,control_received,"{""action"": ""normal"", ""speed_limit"": 60, ""reason"": ""normal""}"
2026-01-20 15:39:23,control_received,"{""action"": ""normal"", ""speed_limit"": 60, ""reason"": ""normal""}"
2026-01-20 15:39:28,normal,"{""action"": ""normal"", ""speed_limit"": 60, ""reason"": ""normal""}"
2026-01-20 15:39:28,control_received,"{""action"": ""normal"", ""speed_limit"": 60, ""reason"": ""normal""}"
2026-01-20 15:39:33,priority_mode,"{""action"": ""priority_mode"", ""signal"": ""green"", ""speed_limit"": 30, ""reason"": ""emergency""}"
2026-01-20 15:39:33,control_received,"{""action"": ""priority_mode"", ""signal"": ""green"", ""speed_limit"": 30, ""reason"": ""emergency""}"
2026-01-20 15:39:38,priority_mode,"{""action"": ""priority_mode"", ""signal"": ""green"", ""speed_limit"": 30, ""reason"": ""emergency""}"
2026-01-20 15:39:38,control_received,"{""action"": ""priority_mode"", ""signal"": ""green"", ""speed_limit"": 30, ""reason"": ""emergency""}"
2026-01-20 15:39:43,normal,"{""action"": ""normal"", ""speed_limit"": 60, ""reason"": ""normal""}"
2026-01-20 15:39:43,control_received,"{""action"": ""normal"", ""speed_limit"": 60, ""reason"": ""normal""}"
2026-01-20 15:39:48,normal,"{""action"": ""normal"", ""speed_limit"": 60, ""reason"": ""normal""}"
2026-01-20 15:39:48,control_received,"{""action"": ""normal"", ""speed_limit"": 60, ""reason"": ""normal""}"
2026-01-20 15:39:48,control_received,"{""action"": ""normal"", ""speed_limit"": 60, ""reason"": ""normal""}"
2026-01-20 15:39:53,priority_mode,"{""action"": ""priority_mode"", ""signal"": ""green"", ""speed_limit"": 30, ""reason"": ""emergency""}"
2026-01-20 15:39:53,control_received,"{""action"": ""priority_mode"", ""signal"": ""green"", ""speed_limit"": 30, ""reason"": ""emergency""}"
2026-01-20 15:39:53,control_received,"{""action"": ""priority_mode"", ""signal"": ""green"", ""speed_limit"": 30, ""reason"": ""emergency""}"
2026-01-20 15:39:58,priority_mode,"{""action"": ""priority_mode"", ""signal"": ""green"", ""speed_limit"": 30, ""reason"": ""emergency""}"
2026-01-20 15:39:58,control_received,"{""action"": ""priority_mode"", ""signal"": ""green"", ""speed_limit"": 30, ""reason"": ""emergency""}"
2026-01-20 15:39:58,control_received,"{""action"": ""priority_mode"", ""signal"": ""green"", ""speed_limit"": 30, ""reason"": ""emergency""}"
2026-01-20 15:40:03,normal,"{""action"": ""normal"", ""speed_limit"": 60, ""reason"": ""normal""}"
2026-01-20 15:40:03,control_received,"{""action"": ""normal"", ""speed_limit"": 60, ""reason"": ""normal""}"
2026-01-20 15:40:08,normal,"{""action"": ""normal"", ""speed_limit"": 60, ""reason"": ""normal""}"
2026-01-20 15:40:08,control_received,"{""action"": ""normal"", ""speed_limit"": 60, ""reason"": ""normal""}"
2026-01-20 15:40:08,control_received,"{""action"": ""normal"", ""speed_limit"": 60, ""reason"": ""normal""}"
2026-01-20 15:40:13,priority_mode,"{""action"": ""priority_mode"", ""signal"": ""green"", ""speed_limit"": 30, ""reason"": ""emergency""}"
2026-01-20 15:40:13,control_received,"{""action"": ""priority_mode"", ""signal"": ""green"", ""speed_limit"": 30, ""reason"": ""emergency""}"
2026-01-20 15:40:13,control_received,"{""action"": ""priority_mode"", ""signal"": ""green"", ""speed_limit"": 30, ""reason"": ""emergency""}"
2026-01-20 15:40:18,priority_mode,"{""action"": ""priority_mode"", ""signal"": ""green"", ""speed_limit"": 30, ""reason"": ""emergency""}"
2026-01-20 15:40:18,control_received,"{""action"": ""priority_mode"", ""signal"": ""green"", ""speed_limit"": 30, ""reason"": ""emergency""}"
2026-01-20 15:40:23,normal,"{""action"": ""normal"", ""speed_limit"": 60, ""reason"": ""normal""}"
2026-01-20 15:40:23,control_received,"{""action"": ""normal"", ""speed_limit"": 60, ""reason"": ""normal""}"
2026-01-20 15:40:28,reduce_speed,"{""action"": ""reduce_speed"", ""speed_limit"": 50, ""reason"": ""moderate_congestion""}"
2026-01-20 15:40:28,control_received,"{""action"": ""reduce_speed"", ""speed_limit"": 50, ""reason"": ""moderate_congestion""}"
2026-01-20 15:40:28,control_received,"{""action"": ""reduce_speed"", ""speed_limit"": 50, ""reason"": ""moderate_congestion""}"
2026-01-20 15:40:33,normal,"{""action"": ""normal"", ""speed_limit"": 60, ""reason"": ""normal""}"
2026-01-20 15:40:33,control_received,"{""action"": ""normal"", ""speed_limit"": 60, ""reason"": ""normal""}"
2026-01-20 15:40:33,control_received,"{""action"": ""normal"", ""speed_limit"": 60, ""reason"": ""normal""}"
2026-01-20 15:40:38,priority_mode,"{""action"": ""priority_mode"", ""signal"": ""green"", ""speed_limit"": 30, ""reason"": ""emergency""}"
2026-01-20 15:40:38,control_received,"{""action"": ""priority_mode"", ""signal"": ""green"", ""speed_limit"": 30, ""reason"": ""emergency""}"
2026-01-20 15:40:38,control_received,"{""action"": ""priority_mode"", ""signal"": ""green"", ""speed_limit"": 30, ""reason"": ""emergency""}"
2026-01-20 15:40:43,priority_mode,"{""action"": ""priority_mode"", ""signal"": ""green"", ""speed_limit"": 30, ""reason"": ""emergency""}"
2026-01-20 15:40:43,control_received,"{""action"": ""priority_mode"", ""signal"": ""green"", ""speed_limit"": 30, ""reason"": ""emergency""}"
2026-01-20 15:40:43,control_received,"{""action"": ""priority_mode"", ""signal"": ""green"", ""speed_limit"": 30, ""reason"": ""emergency""}"
2026-01-20 15:40:48,reduce_speed,"{""action"": ""reduce_speed"", ""speed_limit"": 50, ""reason"": ""moderate_congestion""}"
2026-01-20 15:40:48,control_received,"{""action"": ""reduce_speed"", ""speed_limit"": 50, ""reason"": ""moderate_congestion""}"
2026-01-20 15:40:53,reduce_speed,"{""action"": ""reduce_speed"", ""speed_limit"": 50, ""reason"": ""moderate_congestion""}"
2026-01-20 15:40:53,control_received,"{""action"": ""reduce_speed"", ""speed_limit"": 50, ""reason"": ""moderate_congestion""}"
2026-01-20 15:40:53,control_received,"{""action"": ""reduce_speed"", ""speed_limit"": 50, ""reason"": ""moderate_congestion""}"
2026-01-20 15:40:58,normal,"{""action"": ""normal"", ""speed_limit"": 60, ""reason"": ""normal""}"
2026-01-20 15:40:58,control_received,"{""action"": ""normal"", ""speed_limit"": 60, ""reason"": ""normal""}"
2026-01-20 15:40:58,control_received,"{""action"": ""normal"", ""speed_limit"": 60, ""reason"": ""normal""}"
2026-01-20 15:41:03,normal,"{""action"": ""normal"", ""speed_limit"": 60, ""reason"": ""normal""}"
2026-01-20 15:41:03,control_received,"{""action"": ""normal"", ""speed_limit"": 60, ""reason"": ""normal""}"
2026-01-20 15:41:08,normal,"{""action"": ""normal"", ""speed_limit"": 60, ""reason"": ""normal""}"
2026-01-20 15:41:08,control_received,"{""action"": ""normal"", ""speed_limit"": 60, ""reason"": ""normal""}"
2026-01-20 15:41:08,control_received,"{""action"": ""normal"", ""speed_limit"": 60, ""reason"": ""normal""}"
2026-01-20 15:41:13,normal,"{""action"": ""normal"", ""speed_limit"": 60, ""reason"": ""normal""}"
2026-01-20 15:41:13,control_received,"{""action"": ""normal"", ""speed_limit"": 60, ""reason"": ""normal""}"
2026-01-20 15:41:13,control_received,"{""action"": ""normal"", ""speed_limit"": 60, ""reason"": ""normal""}"
2026-01-20 15:41:18,priority_mode,"{""action"": ""priority_mode"", ""signal"": ""green"", ""speed_limit"": 30, ""reason"": ""emergency""}"
2026-01-20 15:41:18,control_received,"{""action"": ""priority_mode"", ""signal"": ""green"", ""speed_limit"": 30, ""reason"": ""emergency""}"
2026-01-20 15:41:18,control_received,"{""action"": ""priority_mode"", ""signal"": ""green"", ""speed_limit"": 30, ""reason"": ""emergency""}"
2026-01-20 15:41:23,normal,"{""action"": ""normal"", ""speed_limit"": 60, ""reason"": ""normal""}"
2026-01-20 15:41:23,control_received,"{""action"": ""normal"", ""speed_limit"": 60, ""reason"": ""normal""}"
2026-01-20 15:41:28,normal,"{""action"": ""normal"", ""speed_limit"": 60, ""reason"": ""normal""}"
2026-01-20 15:41:28,control_received,"{""action"": ""normal"", ""speed_limit"": 60, ""reason"": ""normal""}"
2026-01-20 15:41:33,priority_mode,"{""action"": ""priority_mode"", ""signal"": ""green"", ""speed_limit"": 30, ""reason"": ""emergency""}"
2026-01-20 15:41:33,control_received,"{""action"": ""priority_mode"", ""signal"": ""green"", ""speed_limit"": 30, ""reason"": ""emergency""}"
2026-01-20 15:41:33,control_received,"{""action"": ""priority_mode"", ""signal"": ""green"", ""speed_limit"": 30, ""reason"": ""emergency""}"
2026-01-20 15:41:38,normal,"{""action"": ""normal"", ""speed_limit"": 60, ""reason"": ""normal""}"
2026-01-20 15:41:38,control_received,"{""action"": ""normal"", ""speed_limit"": 60, ""reason"": ""normal""}"
2026-01-20 15:41:38,control_received,"{""action"": ""normal"", ""speed_limit"": 60, ""reason"": ""normal""}"
2026-01-20 15:41:43,reduce_speed,"{""action"": ""reduce_speed"", ""speed_limit"": 50, ""reason"": ""moderate_congestion""}"
2026-01-20 15:41:43,control_received,"{""action"": ""reduce_speed"", ""speed_limit"": 50, ""reason"": ""moderate_congestion""}"
2026-01-20 15:41:43,control_received,"{""action"": ""reduce_speed"", ""speed_limit"": 50, ""reason"": ""moderate_congestion""}"
2026-01-20 15:41:48,priority_mode,"{""action"": ""priority_mode"", ""signal"": ""green"", ""speed_limit"": 30, ""reason"": ""emergency""}"
2026-01-20 15:41:48,control_received,"{""action"": ""priority_mode"", ""signal"": ""green"", ""speed_limit"": 30, ""reason"": ""emergency""}"
2026-01-20 15:41:48,control_received,"{""action"": ""priority_mode"", ""signal"": ""green"", ""speed_limit"": 30, ""reason"": ""emergency""}"
2026-01-20 15:41:53,normal,"{""action"": ""normal"", ""speed_limit"": 60, ""reason"": ""normal""}"
2026-01-20 15:41:53,control_received,"{""action"": ""normal"", ""speed_limit"": 60, ""reason"": ""normal""}"
2026-01-20 15:41:58,normal,"{""action"": ""normal"", ""speed_limit"": 60, ""reason"": ""normal""}"
2026-01-20 15:41:58,control_received,"{""action"": ""normal"", ""speed_limit"": 60, ""reason"": ""normal""}"
2026-01-20 15:42:03,normal,"{""action"": ""normal"", ""speed_limit"": 60, ""reason"": ""normal""}"
2026-01-20 15:42:03,control_received,"{""action"": ""normal"", ""speed_limit"": 60, ""reason"": ""normal""}"
2026-01-20 15:42:03,control_received,"{""action"": ""normal"", ""speed_limit"": 60, ""reason"": ""normal""}"
2026-01-20 15:42:08,reduce_speed,"{""action"": ""reduce_speed"", ""speed_limit"": 50, ""reason"": ""moderate_congestion""}"
2026-01-20 15:42:08,control_received,"{""action"": ""reduce_speed"", ""speed_limit"": 50, ""reason"": ""moderate_congestion""}"
2026-01-20 15:42:13,reduce_speed,"{""action"": ""reduce_speed"", ""speed_limit"": 50, ""reason"": ""moderate_congestion""}"
2026-01-20 15:42:13,control_received,"{""action"": ""reduce_speed"", ""speed_limit"": 50, ""reason"": ""moderate_congestion""}"
2026-01-20 15:42:13,control_received,"{""action"": ""reduce_speed"", ""speed_limit"": 50, ""reason"": ""moderate_congestion""}"
2026-01-20 15:42:18,normal,"{""action"": ""normal"", ""speed_limit"": 60, ""reason"": ""normal""}"
2026-01-20 15:42:18,control_received,"{""action"": ""normal"", ""speed_limit"": 60, ""reason"": ""normal""}"
2026-01-20 15:42:18,control_received,"{""action"": ""normal"", ""speed_limit"": 60, ""reason"": ""normal""}"
2026-01-20 15:42:23,normal,"{""action"": ""normal"", ""speed_limit"": 60, ""reason"": ""normal""}"
2026-01-20 15:42:23,control_received,"{""action"": ""normal"", ""speed_limit"": 60, ""reason"": ""normal""}"
2026-01-20 15:42:23,control_received,"{""action"": ""normal"", ""speed_limit"": 60, ""reason"": ""normal""}"
2026-01-20 15:42:28,normal,"{""action"": ""normal"", ""speed_limit"": 60, ""reason"": ""normal""}"
2026-01-20 15:42:28,control_received,"{""action"": ""normal"", ""speed_limit"": 60, ""reason"": ""normal""}"
2026-01-20 15:42:28,control_received,"{""action"": ""normal"", ""speed_limit"": 60, ""reason"": ""normal""}"
2026-01-20 15:42:33,normal,"{""action"": ""normal"", ""speed_limit"": 60, ""reason"": ""normal""}"
2026-01-20 15:42:33,control_received,"{""action"": ""normal"", ""speed_limit"": 60, ""reason"": ""normal""}"
2026-01-20 15:42:33,control_received,"{""action"": ""normal"", ""speed_limit"": 60, ""reason"": ""normal""}"
2026-01-20 15:42:38,priority_mode,"{""action"": ""priority_mode"", ""signal"": ""green"", ""speed_limit"": 30, ""reason"": ""emergency""}"
2026-01-20 15:42:38,control_received,"{""action"": ""priority_mode"", ""signal"": ""green"", ""speed_limit"": 30, ""reason"": ""emergency""}"
2026-01-20 15:42:38,control_received,"{""action"": ""priority_mode"", ""signal"": ""green"", ""speed_limit"": 30, ""reason"": ""emergency""}"
2026-01-20 15:42:43,priority_mode,"{""action"": ""priority_mode"", ""signal"": ""green"", ""speed_limit"": 30, ""reason"": ""emergency""}"
2026-01-20 15:42:43,control_received,"{""action"": ""priority_mode"", ""signal"": ""green"", ""speed_limit"": 30, ""reason"": ""emergency""}"
2026-01-20 15:42:43,control_received,"{""action"": ""priority_mode"", ""signal"": ""green"", ""speed_limit"": 30, ""reason"": ""emergency""}"
2026-01-20 15:42:48,normal,"{""action"": ""normal"", ""speed_limit"": 60, ""reason"": ""normal""}"
2026-01-20 15:42:48,control_received,"{""action"": ""normal"", ""speed_limit"": 60, ""reason"": ""normal""}"
2026-01-20 15:42:48,control_received,"{""action"": ""normal"", ""speed_limit"": 60, ""reason"": ""normal""}"
2026-01-20 15:42:53,normal,"{""action"": ""normal"", ""speed_limit"": 60, ""reason"": ""normal""}"
2026-01-20 15:42:53,control_received,"{""action"": ""normal"", ""speed_limit"": 60, ""reason"": ""normal""}"
2026-01-20 15:42:58,normal,"{""action"": ""normal"", ""speed_limit"": 60, ""reason"": ""normal""}"
2026-01-20 15:42:58,control_received,"{""action"": ""normal"", ""speed_limit"": 60, ""reason"": ""normal""}"
2026-01-20 15:42:58,control_received,"{""action"": ""normal"", ""speed_limit"": 60, ""reason"": ""normal""}"
2026-01-20 15:43:03,normal,"{""action"": ""normal"", ""speed_limit"": 60, ""reason"": ""normal""}"
2026-01-20 15:43:03,control_received,"{""action"": ""normal"", ""speed_limit"": 60, ""reason"": ""normal""}"
2026-01-20 15:43:03,control_received,"{""action"": ""normal"", ""speed_limit"": 60, ""reason"": ""normal""}"
2026-01-20 15:43:08,priority_mode,"{""action"": ""priority_mode"", ""signal"": ""green"", ""speed_limit"": 30, ""reason"": ""emergency""}"
2026-01-20 15:43:08,control_received,"{""action"": ""priority_mode"", ""signal"": ""green"", ""speed_limit"": 30, ""reason"": ""emergency""}"
2026-01-20 15:43:08,control_received,"{""action"": ""priority_mode"", ""signal"": ""green"", ""speed_limit"": 30, ""reason"": ""emergency""}"
2026-01-20 15:43:13,priority_mode,"{""action"": ""priority_mode"", ""signal"": ""green"", ""speed_limit"": 30, ""reason"": ""emergency""}"
2026-01-20 15:43:13,control_received,"{""action"": ""priority_mode"", ""signal"": ""green"", ""speed_limit"": 30, ""reason"": ""emergency""}"
2026-01-20 15:43:13,control_received,"{""action"": ""priority_mode"", ""signal"": ""green"", ""speed_limit"": 30, ""reason"": ""emergency""}"
2026-01-20 15:43:18,normal,"{""action"": ""normal"", ""speed_limit"": 60, ""reason"": ""normal""}"
2026-01-20 15:43:18,control_received,"{""action"": ""normal"", ""speed_limit"": 60, ""reason"": ""normal""}"
2026-01-20 15:43:18,control_received,"{""action"": ""normal"", ""speed_limit"": 60, ""reason"": ""normal""}"
2026-01-20 15:43:23,normal,"{""action"": ""normal"", ""speed_limit"": 60, ""reason"": ""normal""}"
2026-01-20 15:43:23,control_received,"{""action"": ""normal"", ""speed_limit"": 60, ""reason"": ""normal""}"
2026-01-20 15:43:23,control_received,"{""action"": ""normal"", ""speed_limit"": 60, ""reason"": ""normal""}"
2026-01-20 15:43:28,priority_mode,"{""action"": ""priority_mode"", ""signal"": ""green"", ""speed_limit"": 30, ""reason"": ""emergency""}"
2026-01-20 15:43:28,control_received,"{""action"": ""priority_mode"", ""signal"": ""green"", ""speed_limit"": 30, ""reason"": ""emergency""}"
2026-01-20 15:43:33,normal,"{""action"": ""normal"", ""speed_limit"": 60, ""reason"": ""normal""}"
2026-01-20 15:43:33,control_received,"{""action"": ""normal"", ""speed_limit"": 60, ""reason"": ""normal""}"
2026-01-20 15:43:33,control_received,"{""action"": ""normal"", ""speed_limit"": 60, ""reason"": ""normal""}"
2026-01-20 15:43:38,normal,"{""action"": ""normal"", ""speed_limit"": 60, ""reason"": ""normal""}"
2026-01-20 15:43:38,control_received,"{""action"": ""normal"", ""speed_limit"": 60, ""reason"": ""normal""}"
2026-01-20 15:43:38,control_received,"{""action"": ""normal"", ""speed_limit"": 60, ""reason"": ""normal""}"
2026-01-20 15:43:43,normal,"{""action"": ""normal"", ""speed_limit"": 60, ""reason"": ""normal""}"
2026-01-20 15:43:43,control_received,"{""action"": ""normal"", ""speed_limit"": 60, ""reason"": ""normal""}"
2026-01-20 15:43:43,control_received,"{""action"": ""normal"", ""speed_limit"": 60, ""reason"": ""normal""}"
2026-01-20 15:43:48,normal,"{""action"": ""normal"", ""speed_limit"": 60, ""reason"": ""normal""}"
2026-01-20 15:43:48,control_received,"{""action"": ""normal"", ""speed_limit"": 60, ""reason"": ""normal""}"
2026-01-20 15:43:48,control_received,"{""action"": ""normal"", ""speed_limit"": 60, ""reason"": ""normal""}"
2026-01-20 15:43:53,normal,"{""action"": ""normal"", ""speed_limit"": 60, ""reason"": ""normal""}"
2026-01-20 15:43:53,control_received,"{""action"": ""normal"", ""speed_limit"": 60, ""reason"": ""normal""}"
2026-01-20 15:43:53,control_received,"{""action"": ""normal"", ""speed_limit"": 60, ""reason"": ""normal""}"
2026-01-20 15:43:58,normal,"{""action"": ""normal"", ""speed_limit"": 60, ""reason"": ""normal""}"
2026-01-20 15:43:58,control_received,"{""action"": ""normal"", ""speed_limit"": 60, ""reason"": ""normal""}"
2026-01-20 15:43:58,control_received,"{""action"": ""normal"", ""speed_limit"": 60, ""reason"": ""normal""}"
2026-01-20 15:44:03,priority_mode,"{""action"": ""priority_mode"", ""signal"": ""green"", ""speed_limit"": 30, ""reason"": ""emergency""}"
2026-01-20 15:44:03,control_received,"{""action"": ""priority_mode"", ""signal"": ""green"", ""speed_limit"": 30, ""reason"": ""emergency""}"
2026-01-20 15:44:08,normal,"{""action"": ""normal"", ""speed_limit"": 60, ""reason"": ""normal""}"
2026-01-20 15:44:08,control_received,"{""action"": ""normal"", ""speed_limit"": 60, ""reason"": ""normal""}"
2026-01-20 15:44:13,normal,"{""action"": ""normal"", ""speed_limit"": 60, ""reason"": ""normal""}"
2026-01-20 15:44:13,control_received,"{""action"": ""normal"", ""speed_limit"": 60, ""reason"": ""normal""}"
2026-01-20 15:44:13,control_received,"{""action"": ""normal"", ""speed_limit"": 60, ""reason"": ""normal""}"
2026-01-20 15:44:18,normal,"{""action"": ""normal"", ""speed_limit"": 60, ""reason"": ""normal""}"
2026-01-20 15:44:18,control_received,"{""action"": ""normal"", ""speed_limit"": 60, ""reason"": ""normal""}"
2026-01-20 15:44:18,control_received,"{""action"": ""normal"", ""speed_limit"": 60, ""reason"": ""normal""}"
2026-01-20 15:44:23,normal,"{""action"": ""normal"", ""speed_limit"": 60, ""reason"": ""normal""}"
2026-01-20 15:44:23,control_received,"{""action"": ""normal"", ""speed_limit"": 60, ""reason"": ""normal""}"
2026-01-20 15:44:23,control_received,"{""action"": ""normal"", ""speed_limit"": 60, ""reason"": ""normal""}"
2026-01-20 15:44:28,priority_mode,"{""action"": ""priority_mode"", ""signal"": ""green"", ""speed_limit"": 30, ""reason"": ""emergency""}"
2026-01-20 15:44:28,control_received,"{""action"": ""priority_mode"", ""signal"": ""green"", ""speed_limit"": 30, ""reason"": ""emergency""}"
2026-01-20 15:44:33,normal,"{""action"": ""normal"", ""speed_limit"": 60, ""reason"": ""normal""}"
2026-01-20 15:44:33,control_received,"{""action"": ""normal"", ""speed_limit"": 60, ""reason"": ""normal""}"
2026-01-20 15:44:38,reduce_speed,"{""action"": ""reduce_speed"", ""speed_limit"": 50, ""reason"": ""moderate_congestion""}"
2026-01-20 15:44:38,control_received,"{""action"": ""reduce_speed"", ""speed_limit"": 50, ""reason"": ""moderate_congestion""}"
2026-01-20 15:44:38,control_received,"{""action"": ""reduce_speed"", ""speed_limit"": 50, ""reason"": ""moderate_congestion""}"
2026-01-20 15:44:43,priority_mode,"{""action"": ""priority_mode"", ""signal"": ""green"", ""speed_limit"": 30, ""reason"": ""emergency""}"
2026-01-20 15:44:43,control_received,"{""action"": ""priority_mode"", ""signal"": ""green"", ""speed_limit"": 30, ""reason"": ""emergency""}"
2026-01-20 15:44:43,control_received,"{""action"": ""priority_mode"", ""signal"": ""green"", ""speed_limit"": 30, ""reason"": ""emergency""}"
2026-01-20 15:44:48,normal,"{""action"": ""normal"", ""speed_limit"": 60, ""reason"": ""normal""}"
2026-01-20 15:44:48,control_received,"{""action"": ""normal"", ""speed_limit"": 60, ""reason"": ""normal""}"
2026-01-20 15:44:48,control_received,"{""action"": ""normal"", ""speed_limit"": 60, ""reason"": ""normal""}"
2026-01-20 15:44:53,priority_mode,"{""action"": ""priority_mode"", ""signal"": ""green"", ""speed_limit"": 30, ""reason"": ""emergency""}"
2026-01-20 15:44:53,control_received,"{""action"": ""priority_mode"", ""signal"": ""green"", ""speed_limit"": 30, ""reason"": ""emergency""}"
2026-01-20 15:44:53,control_received,"{""action"": ""priority_mode"", ""signal"": ""green"", ""speed_limit"": 30, ""reason"": ""emergency""}"
2026-01-20 15:44:58,normal,"{""action"": ""normal"", ""speed_limit"": 60, ""reason"": ""normal""}"
2026-01-20 15:44:58,control_received,"{""action"": ""normal"", ""speed_limit"": 60, ""reason"": ""normal""}"
2026-01-20 15:44:58,control_received,"{""action"": ""normal"", ""speed_limit"": 60, ""reason"": ""normal""}"
2026-01-20 15:45:03,normal,"{""action"": ""normal"", ""speed_limit"": 60, ""reason"": ""normal""}"
2026-01-20 15:45:03,control_received,"{""action"": ""normal"", ""speed_limit"": 60, ""reason"": ""normal""}"
2026-01-20 15:45:03,control_received,"{""action"": ""normal"", ""speed_limit"": 60, ""reason"": ""normal""}"
2026-01-20 15:45:08,normal,"{""action"": ""normal"", ""speed_limit"": 60, ""reason"": ""normal""}"
2026-01-20 15:45:08,control_received,"{""action"": ""normal"", ""speed_limit"": 60, ""reason"": ""normal""}"
2026-01-20 15:45:13,normal,"{""action"": ""normal"", ""speed_limit"": 60, ""reason"": ""normal""}"
2026-01-20 15:45:13,control_received,"{""action"": ""normal"", ""speed_limit"": 60, ""reason"": ""normal""}"
2026-01-20 15:45:13,control_received,"{""action"": ""normal"", ""speed_limit"": 60, ""reason"": ""normal""}"
2026-01-20 15:45:18,normal,"{""action"": ""normal"", ""speed_limit"": 60, ""reason"": ""normal""}"
2026-01-20 15:45:18,control_received,"{""action"": ""normal"", ""speed_limit"": 60, ""reason"": ""normal""}"
2026-01-20 15:45:23,normal,"{""action"": ""normal"", ""speed_limit"": 60, ""reason"": ""normal""}"
2026-01-20 15:45:23,control_received,"{""action"": ""normal"", ""speed_limit"": 60, ""reason"": ""normal""}"
2026-01-20 15:45:28,priority_mode,"{""action"": ""priority_mode"", ""signal"": ""green"", ""speed_limit"": 30, ""reason"": ""emergency""}"
2026-01-20 15:45:28,control_received,"{""action"": ""priority_mode"", ""signal"": ""green"", ""speed_limit"": 30, ""reason"": ""emergency""}"
2026-01-20 15:45:28,control_received,"{""action"": ""priority_mode"", ""signal"": ""green"", ""speed_limit"": 30, ""reason"": ""emergency""}"
2026-01-20 15:45:33,normal,"{""action"": ""normal"", ""speed_limit"": 60, ""reason"": ""normal""}"
2026-01-20 15:45:33,control_received,"{""action"": ""normal"", ""speed_limit"": 60, ""reason"": ""normal""}"
2026-01-20 15:45:33,control_received,"{""action"": ""normal"", ""speed_limit"": 60, ""reason"": ""normal""}"
2026-01-20 15:45:38,priority_mode,"{""action"": ""priority_mode"", ""signal"": ""green"", ""speed_limit"": 30, ""reason"": ""emergency""}"
2026-01-20 15:45:38,control_received,"{""action"": ""priority_mode"", ""signal"": ""green"", ""speed_limit"": 30, ""reason"": ""emergency""}"
2026-01-20 15:45:38,control_received,"{""action"": ""priority_mode"", ""signal"": ""green"", ""speed_limit"": 30, ""reason"": ""emergency""}"
2026-01-20 15:45:43,normal,"{""action"": ""normal"", ""speed_limit"": 60, ""reason"": ""normal""}"
2026-01-20 15:45:43,control_received,"{""action"": ""normal"", ""speed_limit"": 60, ""reason"": ""normal""}"
2026-01-20 15:45:43,control_received,"{""action"": ""normal"", ""speed_limit"": 60, ""reason"": ""normal""}"
2026-01-20 15:45:48,normal,"{""action"": ""normal"", ""speed_limit"": 60, ""reason"": ""normal""}"
2026-01-20 15:45:48,control_received,"{""action"": ""normal"", ""speed_limit"": 60, ""reason"": ""normal""}"
2026-01-20 15:45:48,control_received,"{""action"": ""normal"", ""speed_limit"": 60, ""reason"": ""normal""}"
2026-01-20 15:45:53,priority_mode,"{""action"": ""priority_mode"", ""signal"": ""green"", ""speed_limit"": 30, ""reason"": ""emergency""}"
2026-01-20 15:45:53,control_received,"{""action"": ""priority_mode"", ""signal"": ""green"", ""speed_limit"": 30, ""reason"": ""emergency""}"
2026-01-20 15:45:53,control_received,"{""action"": ""priority_mode"", ""signal"": ""green"", ""speed_limit"": 30, ""reason"": ""emergency""}"
2026-01-20 15:45:58,reduce_speed,"{""action"": ""reduce_speed"", ""speed_limit"": 50, ""reason"": ""moderate_congestion""}"
2026-01-20 15:45:58,control_received,"{""action"": ""reduce_speed"", ""speed_limit"": 50, ""reason"": ""moderate_congestion""}"
2026-01-20 15:46:03,priority_mode,"{""action"": ""priority_mode"", ""signal"": ""green"", ""speed_limit"": 30, ""reason"": ""emergency""}"
2026-01-20 15:46:03,control_received,"{""action"": ""priority_mode"", ""signal"": ""green"", ""speed_limit"": 30, ""reason"": ""emergency""}"
2026-01-20 15:46:03,control_received,"{""action"": ""priority_mode"", ""signal"": ""green"", ""speed_limit"": 30, ""reason"": ""emergency""}"
2026-01-20 15:46:08,priority_mode,"{""action"": ""priority_mode"", ""signal"": ""green"", ""speed_limit"": 30, ""reason"": ""emergency""}"
2026-01-20 15:46:08,control_received,"{""action"": ""priority_mode"", ""signal"": ""green"", ""speed_limit"": 30, ""reason"": ""emergency""}"
2026-01-20 15:46:08,control_received,"{""action"": ""priority_mode"", ""signal"": ""green"", ""speed_limit"": 30, ""reason"": ""emergency""}"
2026-01-20 15:46:13,normal,"{""action"": ""normal"", ""speed_limit"": 60, ""reason"": ""normal""}"
2026-01-20 15:46:13,control_received,"{""action"": ""normal"", ""speed_limit"": 60, ""reason"": ""normal""}"
2026-01-20 15:46:13,control_received,"{""action"": ""normal"", ""speed_limit"": 60, ""reason"": ""normal""}"
2026-01-20 15:46:18,normal,"{""action"": ""normal"", ""speed_limit"": 60, ""reason"": ""normal""}"
2026-01-20 15:46:18,control_received,"{""action"": ""normal"", ""speed_limit"": 60, ""reason"": ""normal""}"
2026-01-20 15:46:18,control_received,"{""action"": ""normal"", ""speed_limit"": 60, ""reason"": ""normal""}"
2026-01-20 15:46:23,normal,"{""action"": ""normal"", ""speed_limit"": 60, ""reason"": ""normal""}"
2026-01-20 15:46:23,control_received,"{""action"": ""normal"", ""speed_limit"": 60, ""reason"": ""normal""}"
2026-01-20 15:46:23,control_received,"{""action"": ""normal"", ""speed_limit"": 60, ""reason"": ""normal""}"
2026-01-20 15:46:28,normal,"{""action"": ""normal"", ""speed_limit"": 60, ""reason"": ""normal""}"
2026-01-20 15:46:28,control_received,"{""action"": ""normal"", ""speed_limit"": 60, ""reason"": ""normal""}"
2026-01-20 15:46:28,control_received,"{""action"": ""normal"", ""speed_limit"": 60, ""reason"": ""normal""}"
2026-01-20 15:46:33,priority_mode,"{""action"": ""priority_mode"", ""signal"": ""green"", ""speed_limit"": 30, ""reason"": ""emergency""}"
2026-01-20 15:46:33,control_received,"{""action"": ""priority_mode"", ""signal"": ""green"", ""speed_limit"": 30, ""reason"": ""emergency""}"
2026-01-20 15:46:33,control_received,"{""action"": ""priority_mode"", ""signal"": ""green"", ""speed_limit"": 30, ""reason"": ""emergency""}"
2026-01-20 15:46:38,normal,"{""action"": ""normal"", ""speed_limit"": 60, ""reason"": ""normal""}"
2026-01-20 15:46:38,control_received,"{""action"": ""normal"", ""speed_limit"": 60, ""reason"": ""normal""}"
2026-01-20 15:46:38,control_received,"{""action"": ""normal"", ""speed_limit"": 60, ""reason"": ""normal""}"
2026-01-20 15:46:43,normal,"{""action"": ""normal"", ""speed_limit"": 60, ""reason"": ""normal""}"
2026-01-20 15:46:43,control_received,"{""action"": ""normal"", ""speed_limit"": 60, ""reason"": ""normal""}"
2026-01-20 15:46:48,priority_mode,"{""action"": ""priority_mode"", ""signal"": ""green"", ""speed_limit"": 30, ""reason"": ""emergency""}"
2026-01-20 15:46:48,control_received,"{""action"": ""priority_mode"", ""signal"": ""green"", ""speed_limit"": 30, ""reason"": ""emergency""}"
2026-01-20 15:46:53,priority_mode,"{""action"": ""priority_mode"", ""signal"": ""green"", ""speed_limit"": 30, ""reason"": ""emergency""}"
2026-01-20 15:46:53,control_received,"{""action"": ""priority_mode"", ""signal"": ""green"", ""speed_limit"": 30, ""reason"": ""emergency""}"
2026-01-20 15:46:58,normal,"{""action"": ""normal"", ""speed_limit"": 60, ""reason"": ""normal""}"
2026-01-20 15:46:58,control_received,"{""action"": ""normal"", ""speed_limit"": 60, ""reason"": ""normal""}"
2026-01-20 15:46:58,control_received,"{""action"": ""normal"", ""speed_limit"": 60, ""reason"": ""normal""}"
2026-01-20 15:47:03,priority_mode,"{""action"": ""priority_mode"", ""signal"": ""green"", ""speed_limit"": 30, ""reason"": ""emergency""}"
2026-01-20 15:47:03,control_received,"{""action"": ""priority_mode"", ""signal"": ""green"", ""speed_limit"": 30, ""reason"": ""emergency""}"
2026-01-20 15:47:08,normal,"{""action"": ""normal"", ""speed_limit"": 60, ""reason"": ""normal""}"
2026-01-20 15:47:08,control_received,"{""action"": ""normal"", ""speed_limit"": 60, ""reason"": ""normal""}"
2026-01-20 15:47:08,control_received,"{""action"": ""normal"", ""speed_limit"": 60, ""reason"": ""normal""}"
2026-01-20 15:47:13,priority_mode,"{""action"": ""priority_mode"", ""signal"": ""green"", ""speed_limit"": 30, ""reason"": ""emergency""}"
2026-01-20 15:47:13,control_received,"{""action"": ""priority_mode"", ""signal"": ""green"", ""speed_limit"": 30, ""reason"": ""emergency""}"
2026-01-20 15:47:18,normal,"{""action"": ""normal"", ""speed_limit"": 60, ""reason"": ""normal""}"
2026-01-20 15:47:18,control_received,"{""action"": ""normal"", ""speed_limit"": 60, ""reason"": ""normal""}"
2026-01-20 15:47:18,control_received,"{""action"": ""normal"", ""speed_limit"": 60, ""reason"": ""normal""}"
2026-01-20 15:47:23,priority_mode,"{""action"": ""priority_mode"", ""signal"": ""green"", ""speed_limit"": 30, ""reason"": ""emergency""}"
2026-01-20 15:47:23,control_received,"{""action"": ""priority_mode"", ""signal"": ""green"", ""speed_limit"": 30, ""reason"": ""emergency""}"
2026-01-20 15:47:23,control_received,"{""action"": ""priority_mode"", ""signal"": ""green"", ""speed_limit"": 30, ""reason"": ""emergency""}"
2026-01-20 15:47:28,priority_mode,"{""action"": ""priority_mode"", ""signal"": ""green"", ""speed_limit"": 30, ""reason"": ""emergency""}"
2026-01-20 15:47:28,control_received,"{""action"": ""priority_mode"", ""signal"": ""green"", ""speed_limit"": 30, ""reason"": ""emergency""}"
2026-01-20 15:47:28,control_received,"{""action"": ""priority_mode"", ""signal"": ""green"", ""speed_limit"": 30, ""reason"": ""emergency""}"
2026-01-20 15:47:33,priority_mode,"{""action"": ""priority_mode"", ""signal"": ""green"", ""speed_limit"": 30, ""reason"": ""emergency""}"
2026-01-20 15:47:33,control_received,"{""action"": ""priority_mode"", ""signal"": ""green"", ""speed_limit"": 30, ""reason"": ""emergency""}"
2026-01-20 15:47:33,control_received,"{""action"": ""priority_mode"", ""signal"": ""green"", ""speed_limit"": 30, ""reason"": ""emergency""}"
2026-01-20 15:47:38,reduce_speed,"{""action"": ""reduce_speed"", ""speed_limit"": 50, ""reason"": ""moderate_congestion""}"
2026-01-20 15:47:38,control_received,"{""action"": ""reduce_speed"", ""speed_limit"": 50, ""reason"": ""moderate_congestion""}"
2026-01-20 15:47:38,control_received,"{""action"": ""reduce_speed"", ""speed_limit"": 50, ""reason"": ""moderate_congestion""}"
2026-01-20 15:47:43,normal,"{""action"": ""normal"", ""speed_limit"": 60, ""reason"": ""normal""}"
2026-01-20 15:47:43,control_received,"{""action"": ""normal"", ""speed_limit"": 60, ""reason"": ""normal""}"
2026-01-20 15:47:48,priority_mode,"{""action"": ""priority_mode"", ""signal"": ""green"", ""speed_limit"": 30, ""reason"": ""emergency""}"
2026-01-20 15:47:48,control_received,"{""action"": ""priority_mode"", ""signal"": ""green"", ""speed_limit"": 30, ""reason"": ""emergency""}"
2026-01-20 15:47:48,control_received,"{""action"": ""priority_mode"", ""signal"": ""green"", ""speed_limit"": 30, ""reason"": ""emergency""}"
2026-01-20 15:47:53,priority_mode,"{""action"": ""priority_mode"", ""signal"": ""green"", ""speed_limit"": 30, ""reason"": ""emergency""}"
2026-01-20 15:47:53,control_received,"{""action"": ""priority_mode"", ""signal"": ""green"", ""speed_limit"": 30, ""reason"": ""emergency""}"
2026-01-20 15:47:53,control_received,"{""action"": ""priority_mode"", ""signal"": ""green"", ""speed_limit"": 30, ""reason"": ""emergency""}"
2026-01-20 15:47:58,reduce_speed,"{""action"": ""reduce_speed"", ""speed_limit"": 50, ""reason"": ""moderate_congestion""}"
2026-01-20 15:47:58,control_received,"{""action"": ""reduce_speed"", ""speed_limit"": 50, ""reason"": ""moderate_congestion""}"
2026-01-20 15:47:58,control_received,"{""action"": ""reduce_speed"", ""speed_limit"": 50, ""reason"": ""moderate_congestion""}"
2026-01-20 15:48:03,reduce_speed,"{""action"": ""reduce_speed"", ""speed_limit"": 50, ""reason"": ""moderate_congestion""}"
2026-01-20 15:48:03,control_received,"{""action"": ""reduce_speed"", ""speed_limit"": 50, ""reason"": ""moderate_congestion""}"
2026-01-20 15:48:03,control_received,"{""action"": ""reduce_speed"", ""speed_limit"": 50, ""reason"": ""moderate_congestion""}"
2026-01-20 15:48:08,priority_mode,"{""action"": ""priority_mode"", ""signal"": ""green"", ""speed_limit"": 30, ""reason"": ""emergency""}"
2026-01-20 15:48:08,control_received,"{""action"": ""priority_mode"", ""signal"": ""green"", ""speed_limit"": 30, ""reason"": ""emergency""}"
2026-01-20 15:48:13,priority_mode,"{""action"": ""priority_mode"", ""signal"": ""green"", ""speed_limit"": 30, ""reason"": ""emergency""}"
2026-01-20 15:48:13,control_received,"{""action"": ""priority_mode"", ""signal"": ""green"", ""speed_limit"": 30, ""reason"": ""emergency""}"
2026-01-20 15:48:18,reduce_speed,"{""action"": ""reduce_speed"", ""speed_limit"": 50, ""reason"": ""moderate_congestion""}"
2026-01-20 15:48:18,control_received,"{""action"": ""reduce_speed"", ""speed_limit"": 50, ""reason"": ""moderate_congestion""}"
2026-01-20 15:48:23,normal,"{""action"": ""normal"", ""speed_limit"": 60, ""reason"": ""normal""}"
2026-01-20 15:48:23,control_received,"{""action"": ""normal"", ""speed_limit"": 60, ""reason"": ""normal""}"
2026-01-20 15:48:28,normal,"{""action"": ""normal"", ""speed_limit"": 60, ""reason"": ""normal""}"
2026-01-20 15:48:28,control_received,"{""action"": ""normal"", ""speed_limit"": 60, ""reason"": ""normal""}"
2026-01-20 15:48:33,normal,"{""action"": ""normal"", ""speed_limit"": 60, ""reason"": ""normal""}"
2026-01-20 15:48:33,control_received,"{""action"": ""normal"", ""speed_limit"": 60, ""reason"": ""normal""}"
2026-01-20 15:48:33,control_received,"{""action"": ""normal"", ""speed_limit"": 60, ""reason"": ""normal""}"
2026-01-20 15:48:38,priority_mode,"{""action"": ""priority_mode"", ""signal"": ""green"", ""speed_limit"": 30, ""reason"": ""emergency""}"
2026-01-20 15:48:38,control_received,"{""action"": ""priority_mode"", ""signal"": ""green"", ""speed_limit"": 30, ""reason"": ""emergency""}"
2026-01-20 15:48:38,control_received,"{""action"": ""priority_mode"", ""signal"": ""green"", ""speed_limit"": 30, ""reason"": ""emergency""}"
2026-01-20 15:48:43,normal,"{""action"": ""normal"", ""speed_limit"": 60, ""reason"": ""normal""}"
2026-01-20 15:48:43,control_received,"{""action"": ""normal"", ""speed_limit"": 60, ""reason"": ""normal""}"
2026-01-20 15:48:43,control_received,"{""action"": ""normal"", ""speed_limit"": 60, ""reason"": ""normal""}"
2026-01-20 15:48:48,normal,"{""action"": ""normal"", ""speed_limit"": 60, ""reason"": ""normal""}"
2026-01-20 15:48:48,control_received,"{""action"": ""normal"", ""speed_limit"": 60, ""reason"": ""normal""}"
2026-01-20 15:48:48,control_received,"{""action"": ""normal"", ""speed_limit"": 60, ""reason"": ""normal""}"
2026-01-20 15:48:53,normal,"{""action"": ""normal"", ""speed_limit"": 60, ""reason"": ""normal""}"
2026-01-20 15:48:53,control_received,"{""action"": ""normal"", ""speed_limit"": 60, ""reason"": ""normal""}"
2026-01-20 15:48:53,control_received,"{""action"": ""normal"", ""speed_limit"": 60, ""reason"": ""normal""}"
2026-01-20 15:48:58,normal,"{""action"": ""normal"", ""speed_limit"": 60, ""reason"": ""normal""}"
2026-01-20 15:48:58,control_received,"{""action"": ""normal"", ""speed_limit"": 60, ""reason"": ""normal""}"
2026-01-20 15:48:58,control_received,"{""action"": ""normal"", ""speed_limit"": 60, ""reason"": ""normal""}"
2026-01-20 15:49:03,normal,"{""action"": ""normal"", ""speed_limit"": 60, ""reason"": ""normal""}"
2026-01-20 15:49:03,control_received,"{""action"": ""normal"", ""speed_limit"": 60, ""reason"": ""normal""}"
2026-01-20 15:49:03,control_received,"{""action"": ""normal"", ""speed_limit"": 60, ""reason"": ""normal""}"
2026-01-20 15:49:08,priority_mode,"{""action"": ""priority_mode"", ""signal"": ""green"", ""speed_limit"": 30, ""reason"": ""emergency""}"
2026-01-20 15:49:08,control_received,"{""action"": ""priority_mode"", ""signal"": ""green"", ""speed_limit"": 30, ""reason"": ""emergency""}"
2026-01-20 15:49:08,control_received,"{""action"": ""priority_mode"", ""signal"": ""green"", ""speed_limit"": 30, ""reason"": ""emergency""}"
2026-01-20 15:49:13,normal,"{""action"": ""normal"", ""speed_limit"": 60, ""reason"": ""normal""}"
2026-01-20 15:49:13,control_received,"{""action"": ""normal"", ""speed_limit"": 60, ""reason"": ""normal""}"
2026-01-20 15:49:13,control_received,"{""action"": ""normal"", ""speed_limit"": 60, ""reason"": ""normal""}"
2026-01-20 15:49:18,normal,"{""action"": ""normal"", ""speed_limit"": 60, ""reason"": ""normal""}"
2026-01-20 15:49:18,control_received,"{""action"": ""normal"", ""speed_limit"": 60, ""reason"": ""normal""}"
2026-01-20 15:49:23,normal,"{""action"": ""normal"", ""speed_limit"": 60, ""reason"": ""normal""}"
2026-01-20 15:49:23,control_received,"{""action"": ""normal"", ""speed_limit"": 60, ""reason"": ""normal""}"
2026-01-20 15:49:23,control_received,"{""action"": ""normal"", ""speed_limit"": 60, ""reason"": ""normal""}"
2026-01-20 15:49:28,priority_mode,"{""action"": ""priority_mode"", ""signal"": ""green"", ""speed_limit"": 30, ""reason"": ""emergency""}"
2026-01-20 15:49:28,control_received,"{""action"": ""priority_mode"", ""signal"": ""green"", ""speed_limit"": 30, ""reason"": ""emergency""}"
2026-01-20 15:49:33,normal,"{""action"": ""normal"", ""speed_limit"": 60, ""reason"": ""normal""}"
2026-01-20 15:49:33,control_received,"{""action"": ""normal"", ""speed_limit"": 60, ""reason"": ""normal""}"
2026-01-20 15:49:33,control_received,"{""action"": ""normal"", ""speed_limit"": 60, ""reason"": ""normal""}"
2026-01-20 15:49:38,normal,"{""action"": ""normal"", ""speed_limit"": 60, ""reason"": ""normal""}"
2026-01-20 15:49:38,control_received,"{""action"": ""normal"", ""speed_limit"": 60, ""reason"": ""normal""}"
2026-01-20 15:49:38,control_received,"{""action"": ""normal"", ""speed_limit"": 60, ""reason"": ""normal""}"
2026-01-20 15:49:43,priority_mode,"{""action"": ""priority_mode"", ""signal"": ""green"", ""speed_limit"": 30, ""reason"": ""emergency""}"
2026-01-20 15:49:43,control_received,"{""action"": ""priority_mode"", ""signal"": ""green"", ""speed_limit"": 30, ""reason"": ""emergency""}"
2026-01-20 15:49:48,priority_mode,"{""action"": ""priority_mode"", ""signal"": ""green"", ""speed_limit"": 30, ""reason"": ""emergency""}"
2026-01-20 15:49:48,control_received,"{""action"": ""priority_mode"", ""signal"": ""green"", ""speed_limit"": 30, ""reason"": ""emergency""}"
2026-01-20 15:49:48,control_received,"{""action"": ""priority_mode"", ""signal"": ""green"", ""speed_limit"": 30, ""reason"": ""emergency""}"
2026-01-20 15:49:53,priority_mode,"{""action"": ""priority_mode"", ""signal"": ""green"", ""speed_limit"": 30, ""reason"": ""emergency""}"
2026-01-20 15:49:53,control_received,"{""action"": ""priority_mode"", ""signal"": ""green"", ""speed_limit"": 30, ""reason"": ""emergency""}"
2026-01-20 15:49:53,control_received,"{""action"": ""priority_mode"", ""signal"": ""green"", ""speed_limit"": 30, ""reason"": ""emergency""}"
2026-01-20 15:49:58,priority_mode,"{""action"": ""priority_mode"", ""signal"": ""green"", ""speed_limit"": 30, ""reason"": ""emergency""}"
2026-01-20 15:49:58,control_received,"{""action"": ""priority_mode"", ""signal"": ""green"", ""speed_limit"": 30, ""reason"": ""emergency""}"
2026-01-20 15:49:58,control_received,"{""action"": ""priority_mode"", ""signal"": ""green"", ""speed_limit"": 30, ""reason"": ""emergency""}"
2026-01-20 15:50:03,normal,"{""action"": ""normal"", ""speed_limit"": 60, ""reason"": ""normal""}"
2026-01-20 15:50:03,control_received,"{""action"": ""normal"", ""speed_limit"": 60, ""reason"": ""normal""}"
2026-01-20 15:50:08,reduce_speed,"{""action"": ""reduce_speed"", ""speed_limit"": 50, ""reason"": ""moderate_congestion""}"
2026-01-20 15:50:08,control_received,"{""action"": ""reduce_speed"", ""speed_limit"": 50, ""reason"": ""moderate_congestion""}"
2026-01-20 15:50:08,control_received,"{""action"": ""reduce_speed"", ""speed_limit"": 50, ""reason"": ""moderate_congestion""}"
2026-01-20 15:50:13,normal,"{""action"": ""normal"", ""speed_limit"": 60, ""reason"": ""normal""}"
2026-01-20 15:50:13,control_received,"{""action"": ""normal"", ""speed_limit"": 60, ""reason"": ""normal""}"
2026-01-20 15:50:18,normal,"{""action"": ""normal"", ""speed_limit"": 60, ""reason"": ""normal""}"
2026-01-20 15:50:18,control_received,"{""action"": ""normal"", ""speed_limit"": 60, ""reason"": ""normal""}"
2026-01-20 15:50:23,priority_mode,"{""action"": ""priority_mode"", ""signal"": ""green"", ""speed_limit"": 30, ""reason"": ""emergency""}"
2026-01-20 15:50:23,control_received,"{""action"": ""priority_mode"", ""signal"": ""green"", ""speed_limit"": 30, ""reason"": ""emergency""}"
2026-01-20 15:50:23,control_received,"{""action"": ""priority_mode"", ""signal"": ""green"", ""speed_limit"": 30, ""reason"": ""emergency""}"
2026-01-20 15:50:28,normal,"{""action"": ""normal"", ""speed_limit"": 60, ""reason"": ""normal""}"
2026-01-20 15:50:28,control_received,"{""action"": ""normal"", ""speed_limit"": 60, ""reason"": ""normal""}"
2026-01-20 15:50:28,control_received,"{""action"": ""normal"", ""speed_limit"": 60, ""reason"": ""normal""}"
2026-01-20 15:50:33,normal,"{""action"": ""normal"", ""speed_limit"": 60, ""reason"": ""normal""}"
2026-01-20 15:50:33,control_received,"{""action"": ""normal"", ""speed_limit"": 60, ""reason"": ""normal""}"
2026-01-20 15:50:33,control_received,"{""action"": ""normal"", ""speed_limit"": 60, ""reason"": ""normal""}"
2026-01-20 15:50:38,normal,"{""action"": ""normal"", ""speed_limit"": 60, ""reason"": ""normal""}"
2026-01-20 15:50:38,control_received,"{""action"": ""normal"", ""speed_limit"": 60, ""reason"": ""normal""}"
2026-01-20 15:50:38,control_received,"{""action"": ""normal"", ""speed_limit"": 60, ""reason"": ""normal""}"
2026-01-20 15:50:43,normal,"{""action"": ""normal"", ""speed_limit"": 60, ""reason"": ""normal""}"
2026-01-20 15:50:43,control_received,"{""action"": ""normal"", ""speed_limit"": 60, ""reason"": ""normal""}"
2026-01-20 15:50:43,control_received,"{""action"": ""normal"", ""speed_limit"": 60, ""reason"": ""normal""}"
2026-01-20 15:50:48,priority_mode,"{""action"": ""priority_mode"", ""signal"": ""green"", ""speed_limit"": 30, ""reason"": ""emergency""}"
2026-01-20 15:50:48,control_received,"{""action"": ""priority_mode"", ""signal"": ""green"", ""speed_limit"": 30, ""reason"": ""emergency""}"
2026-01-20 15:50:53,priority_mode,"{""action"": ""priority_mode"", ""signal"": ""green"", ""speed_limit"": 30, ""reason"": ""emergency""}"
2026-01-20 15:50:53,control_received,"{""action"": ""priority_mode"", ""signal"": ""green"", ""speed_limit"": 30, ""reason"": ""emergency""}"
2026-01-20 15:50:53,control_received,"{""action"": ""priority_mode"", ""signal"": ""green"", ""speed_limit"": 30, ""reason"": ""emergency""}"
2026-01-20 15:50:58,normal,"{""action"": ""normal"", ""speed_limit"": 60, ""reason"": ""normal""}"
2026-01-20 15:50:58,control_received,"{""action"": ""normal"", ""speed_limit"": 60, ""reason"": ""normal""}"
2026-01-20 15:50:58,control_received,"{""action"": ""normal"", ""speed_limit"": 60, ""reason"": ""normal""}"
2026-01-20 15:51:03,priority_mode,"{""action"": ""priority_mode"", ""signal"": ""green"", ""speed_limit"": 30, ""reason"": ""emergency""}"
2026-01-20 15:51:03,control_received,"{""action"": ""priority_mode"", ""signal"": ""green"", ""speed_limit"": 30, ""reason"": ""emergency""}"
2026-01-20 15:51:08,priority_mode,"{""action"": ""priority_mode"", ""signal"": ""green"", ""speed_limit"": 30, ""reason"": ""emergency""}"
2026-01-20 15:51:08,control_received,"{""action"": ""priority_mode"", ""signal"": ""green"", ""speed_limit"": 30, ""reason"": ""emergency""}"
2026-01-20 15:51:13,normal,"{""action"": ""normal"", ""speed_limit"": 60, ""reason"": ""normal""}"
2026-01-20 15:51:13,control_received,"{""action"": ""normal"", ""speed_limit"": 60, ""reason"": ""normal""}"
2026-01-20 15:51:13,control_received,"{""action"": ""normal"", ""speed_limit"": 60, ""reason"": ""normal""}"
2026-01-20 15:51:18,normal,"{""action"": ""normal"", ""speed_limit"": 60, ""reason"": ""normal""}"
2026-01-20 15:51:18,control_received,"{""action"": ""normal"", ""speed_limit"": 60, ""reason"": ""normal""}"
2026-01-20 15:51:23,priority_mode,"{""action"": ""priority_mode"", ""signal"": ""green"", ""speed_limit"": 30, ""reason"": ""emergency""}"
2026-01-20 15:51:23,control_received,"{""action"": ""priority_mode"", ""signal"": ""green"", ""speed_limit"": 30, ""reason"": ""emergency""}"
2026-01-20 15:51:23,control_received,"{""action"": ""priority_mode"", ""signal"": ""green"", ""speed_limit"": 30, ""reason"": ""emergency""}"
2026-01-20 15:51:28,priority_mode,"{""action"": ""priority_mode"", ""signal"": ""green"", ""speed_limit"": 30, ""reason"": ""emergency""}"
2026-01-20 15:51:28,control_received,"{""action"": ""priority_mode"", ""signal"": ""green"", ""speed_limit"": 30, ""reason"": ""emergency""}"
2026-01-20 15:51:28,control_received,"{""action"": ""priority_mode"", ""signal"": ""green"", ""speed_limit"": 30, ""reason"": ""emergency""}"
2026-01-20 15:51:33,normal,"{""action"": ""normal"", ""speed_limit"": 60, ""reason"": ""normal""}"
2026-01-20 15:51:33,control_received,"{""action"": ""normal"", ""speed_limit"": 60, ""reason"": ""normal""}"
2026-01-20 15:51:38,normal,"{""action"": ""normal"", ""speed_limit"": 60, ""reason"": ""normal""}"
2026-01-20 15:51:38,control_received,"{""action"": ""normal"", ""speed_limit"": 60, ""reason"": ""normal""}"
2026-01-20 15:51:43,reduce_speed,"{""action"": ""reduce_speed"", ""speed_limit"": 50, ""reason"": ""moderate_congestion""}"
2026-01-20 15:51:43,control_received,"{""action"": ""reduce_speed"", ""speed_limit"": 50, ""reason"": ""moderate_congestion""}"
2026-01-20 15:51:43,control_received,"{""action"": ""reduce_speed"", ""speed_limit"": 50, ""reason"": ""moderate_congestion""}"
2026-01-20 15:51:48,normal,"{""action"": ""normal"", ""speed_limit"": 60, ""reason"": ""normal""}"
2026-01-20 15:51:48,control_received,"{""action"": ""normal"", ""speed_limit"": 60, ""reason"": ""normal""}"
2026-01-20 15:51:48,control_received,"{""action"": ""normal"", ""speed_limit"": 60, ""reason"": ""normal""}"
2026-01-20 15:51:53,normal,"{""action"": ""normal"", ""speed_limit"": 60, ""reason"": ""normal""}"
2026-01-20 15:51:53,control_received,"{""action"": ""normal"", ""speed_limit"": 60, ""reason"": ""normal""}"
2026-01-20 15:51:53,control_received,"{""action"": ""normal"", ""speed_limit"": 60, ""reason"": ""normal""}"
2026-01-20 15:51:58,priority_mode,"{""action"": ""priority_mode"", ""signal"": ""green"", ""speed_limit"": 30, ""reason"": ""emergency""}"
2026-01-20 15:51:58,control_received,"{""action"": ""priority_mode"", ""signal"": ""green"", ""speed_limit"": 30, ""reason"": ""emergency""}"
2026-01-20 15:51:58,control_received,"{""action"": ""priority_mode"", ""signal"": ""green"", ""speed_limit"": 30, ""reason"": ""emergency""}"
2026-01-20 15:52:03,priority_mode,"{""action"": ""priority_mode"", ""signal"": ""green"", ""speed_limit"": 30, ""reason"": ""emergency""}"
2026-01-20 15:52:03,control_received,"{""action"": ""priority_mode"", ""signal"": ""green"", ""speed_limit"": 30, ""reason"": ""emergency""}"
2026-01-20 15:52:03,control_received,"{""action"": ""priority_mode"", ""signal"": ""green"", ""speed_limit"": 30, ""reason"": ""emergency""}"
2026-01-20 15:52:08,normal,"{""action"": ""normal"", ""speed_limit"": 60, ""reason"": ""normal""}"
2026-01-20 15:52:08,control_received,"{""action"": ""normal"", ""speed_limit"": 60, ""reason"": ""normal""}"
2026-01-20 15:52:08,control_received,"{""action"": ""normal"", ""speed_limit"": 60, ""reason"": ""normal""}"
2026-01-20 15:52:13,priority_mode,"{""action"": ""priority_mode"", ""signal"": ""green"", ""speed_limit"": 30, ""reason"": ""emergency""}"
2026-01-20 15:52:13,control_received,"{""action"": ""priority_mode"", ""signal"": ""green"", ""speed_limit"": 30, ""reason"": ""emergency""}"
2026-01-20 15:52:18,normal,"{""action"": ""normal"", ""speed_limit"": 60, ""reason"": ""normal""}"
2026-01-20 15:52:18,control_received,"{""action"": ""normal"", ""speed_limit"": 60, ""reason"": ""normal""}"
2026-01-20 15:52:18,control_received,"{""action"": ""normal"", ""speed_limit"": 60, ""reason"": ""normal""}"
2026-01-20 15:52:23,normal,"{""action"": ""normal"", ""speed_limit"": 60, ""reason"": ""normal""}"
2026-01-20 15:52:23,control_received,"{""action"": ""normal"", ""speed_limit"": 60, ""reason"": ""normal""}"
2026-01-20 15:52:23,control_received,"{""action"": ""normal"", ""speed_limit"": 60, ""reason"": ""normal""}"
2026-01-20 15:52:28,normal,"{""action"": ""normal"", ""speed_limit"": 60, ""reason"": ""normal""}"
2026-01-20 15:52:28,control_received,"{""action"": ""normal"", ""speed_limit"": 60, ""reason"": ""normal""}"
2026-01-20 15:52:28,control_received,"{""action"": ""normal"", ""speed_limit"": 60, ""reason"": ""normal""}"
2026-01-20 15:52:33,normal,"{""action"": ""normal"", ""speed_limit"": 60, ""reason"": ""normal""}"
2026-01-20 15:52:33,control_received,"{""action"": ""normal"", ""speed_limit"": 60, ""reason"": ""normal""}"
2026-01-20 15:52:38,normal,"{""action"": ""normal"", ""speed_limit"": 60, ""reason"": ""normal""}"
2026-01-20 15:52:38,control_received,"{""action"": ""normal"", ""speed_limit"": 60, ""reason"": ""normal""}"
2026-01-20 15:52:38,control_received,"{""action"": ""normal"", ""speed_limit"": 60, ""reason"": ""normal""}"
2026-01-20 15:52:43,priority_mode,"{""action"": ""priority_mode"", ""signal"": ""green"", ""speed_limit"": 30, ""reason"": ""emergency""}"
2026-01-20 15:52:43,control_received,"{""action"": ""priority_mode"", ""signal"": ""green"", ""speed_limit"": 30, ""reason"": ""emergency""}"
2026-01-20 15:52:43,control_received,"{""action"": ""priority_mode"", ""signal"": ""green"", ""speed_limit"": 30, ""reason"": ""emergency""}"
2026-01-20 15:52:48,normal,"{""action"": ""normal"", ""speed_limit"": 60, ""reason"": ""normal""}"
2026-01-20 15:52:48,control_received,"{""action"": ""normal"", ""speed_limit"": 60, ""reason"": ""normal""}"
2026-01-20 15:52:48,control_received,"{""action"": ""normal"", ""speed_limit"": 60, ""reason"": ""normal""}"
2026-01-20 15:52:53,normal,"{""action"": ""normal"", ""speed_limit"": 60, ""reason"": ""normal""}"
2026-01-20 15:52:53,control_received,"{""action"": ""normal"", ""speed_limit"": 60, ""reason"": ""normal""}"
2026-01-20 15:52:58,priority_mode,"{""action"": ""priority_mode"", ""signal"": ""green"", ""speed_limit"": 30, ""reason"": ""emergency""}"
2026-01-20 15:52:58,control_received,"{""action"": ""priority_mode"", ""signal"": ""green"", ""speed_limit"": 30, ""reason"": ""emergency""}"
2026-01-20 15:52:58,control_received,"{""action"": ""priority_mode"", ""signal"": ""green"", ""speed_limit"": 30, ""reason"": ""emergency""}"
2026-01-20 15:53:03,normal,"{""action"": ""normal"", ""speed_limit"": 60, ""reason"": ""normal""}"
2026-01-20 15:53:03,control_received,"{""action"": ""normal"", ""speed_limit"": 60, ""reason"": ""normal""}"
2026-01-20 15:53:03,control_received,"{""action"": ""normal"", ""speed_limit"": 60, ""reason"": ""normal""}"
2026-01-20 15:53:08,priority_mode,"{""action"": ""priority_mode"", ""signal"": ""green"", ""speed_limit"": 30, ""reason"": ""emergency""}"
2026-01-20 15:53:08,control_received,"{""action"": ""priority_mode"", ""signal"": ""green"", ""speed_limit"": 30, ""reason"": ""emergency""}"
2026-01-20 15:53:08,control_received,"{""action"": ""priority_mode"", ""signal"": ""green"", ""speed_limit"": 30, ""reason"": ""emergency""}"
2026-01-20 15:53:13,normal,"{""action"": ""normal"", ""speed_limit"": 60, ""reason"": ""normal""}"
2026-01-20 15:53:13,control_received,"{""action"": ""normal"", ""speed_limit"": 60, ""reason"": ""normal""}"
2026-01-20 15:53:18,normal,"{""action"": ""normal"", ""speed_limit"": 60, ""reason"": ""normal""}"
2026-01-20 15:53:18,control_received,"{""action"": ""normal"", ""speed_limit"": 60, ""reason"": ""normal""}"
2026-01-20 15:53:23,normal,"{""action"": ""normal"", ""speed_limit"": 60, ""reason"": ""normal""}"
2026-01-20 15:53:23,control_received,"{""action"": ""normal"", ""speed_limit"": 60, ""reason"": ""normal""}"
2026-01-20 15:53:28,normal,"{""action"": ""normal"", ""speed_limit"": 60, ""reason"": ""normal""}"
2026-01-20 15:53:28,control_received,"{""action"": ""normal"", ""speed_limit"": 60, ""reason"": ""normal""}"
2026-01-20 15:53:28,control_received,"{""action"": ""normal"", ""speed_limit"": 60, ""reason"": ""normal""}"
2026-01-20 15:53:33,reduce_speed,"{""action"": ""reduce_speed"", ""speed_limit"": 50, ""reason"": ""moderate_congestion""}"
2026-01-20 15:53:33,control_received,"{""action"": ""reduce_speed"", ""speed_limit"": 50, ""reason"": ""moderate_congestion""}"
2026-01-20 15:53:33,control_received,"{""action"": ""reduce_speed"", ""speed_limit"": 50, ""reason"": ""moderate_congestion""}"
2026-01-20 15:53:38,reduce_speed,"{""action"": ""reduce_speed"", ""speed_limit"": 50, ""reason"": ""moderate_congestion""}"
2026-01-20 15:53:38,control_received,"{""action"": ""reduce_speed"", ""speed_limit"": 50, ""reason"": ""moderate_congestion""}"
2026-01-20 15:53:38,control_received,"{""action"": ""reduce_speed"", ""speed_limit"": 50, ""reason"": ""moderate_congestion""}"
2026-01-20 15:53:43,normal,"{""action"": ""normal"", ""speed_limit"": 60, ""reason"": ""normal""}"
2026-01-20 15:53:43,control_received,"{""action"": ""normal"", ""speed_limit"": 60, ""reason"": ""normal""}"
2026-01-20 15:53:43,control_received,"{""action"": ""normal"", ""speed_limit"": 60, ""reason"": ""normal""}"
2026-01-20 15:53:48,priority_mode,"{""action"": ""priority_mode"", ""signal"": ""green"", ""speed_limit"": 30, ""reason"": ""emergency""}"
2026-01-20 15:53:48,control_received,"{""action"": ""priority_mode"", ""signal"": ""green"", ""speed_limit"": 30, ""reason"": ""emergency""}"
2026-01-20 15:53:48,control_received,"{""action"": ""priority_mode"", ""signal"": ""green"", ""speed_limit"": 30, ""reason"": ""emergency""}"
2026-01-20 15:53:53,priority_mode,"{""action"": ""priority_mode"", ""signal"": ""green"", ""speed_limit"": 30, ""reason"": ""emergency""}"
2026-01-20 15:53:53,control_received,"{""action"": ""priority_mode"", ""signal"": ""green"", ""speed_limit"": 30, ""reason"": ""emergency""}"
2026-01-20 15:53:58,normal,"{""action"": ""normal"", ""speed_limit"": 60, ""reason"": ""normal""}"
2026-01-20 15:53:58,control_received,"{""action"": ""normal"", ""speed_limit"": 60, ""reason"": ""normal""}"
2026-01-20 15:53:58,control_received,"{""action"": ""normal"", ""speed_limit"": 60, ""reason"": ""normal""}"
2026-01-20 15:54:03,normal,"{""action"": ""normal"", ""speed_limit"": 60, ""reason"": ""normal""}"
2026-01-20 15:54:03,control_received,"{""action"": ""normal"", ""speed_limit"": 60, ""reason"": ""normal""}"
2026-01-20 15:54:03,control_received,"{""action"": ""normal"", ""speed_limit"": 60, ""reason"": ""normal""}"
2026-01-20 15:54:08,normal,"{""action"": ""normal"", ""speed_limit"": 60, ""reason"": ""normal""}"
2026-01-20 15:54:08,control_received,"{""action"": ""normal"", ""speed_limit"": 60, ""reason"": ""normal""}"
2026-01-20 15:54:08,control_received,"{""action"": ""normal"", ""speed_limit"": 60, ""reason"": ""normal""}"
2026-01-20 15:54:13,normal,"{""action"": ""normal"", ""speed_limit"": 60, ""reason"": ""normal""}"
2026-01-20 15:54:13,control_received,"{""action"": ""normal"", ""speed_limit"": 60, ""reason"": ""normal""}"
2026-01-20 15:54:13,control_received,"{""action"": ""normal"", ""speed_limit"": 60, ""reason"": ""normal""}"
2026-01-20 15:54:18,normal,"{""action"": ""normal"", ""speed_limit"": 60, ""reason"": ""normal""}"
2026-01-20 15:54:18,control_received,"{""action"": ""normal"", ""speed_limit"": 60, ""reason"": ""normal""}"
2026-01-20 15:54:23,reduce_speed,"{""action"": ""reduce_speed"", ""speed_limit"": 50, ""reason"": ""moderate_congestion""}"
2026-01-20 15:54:23,control_received,"{""action"": ""reduce_speed"", ""speed_limit"": 50, ""reason"": ""moderate_congestion""}"
2026-01-20 15:54:23,control_received,"{""action"": ""reduce_speed"", ""speed_limit"": 50, ""reason"": ""moderate_congestion""}"
2026-01-20 15:54:28,normal,"{""action"": ""normal"", ""speed_limit"": 60, ""reason"": ""normal""}"
2026-01-20 15:54:28,control_received,"{""action"": ""normal"", ""speed_limit"": 60, ""reason"": ""normal""}"
2026-01-20 15:54:28,control_received,"{""action"": ""normal"", ""speed_limit"": 60, ""reason"": ""normal""}"
2026-01-20 15:54:33,normal,"{""action"": ""normal"", ""speed_limit"": 60, ""reason"": ""normal""}"
2026-01-20 15:54:33,control_received,"{""action"": ""normal"", ""speed_limit"": 60, ""reason"": ""normal""}"
2026-01-20 15:54:33,control_received,"{""action"": ""normal"", ""speed_limit"": 60, ""reason"": ""normal""}"
2026-01-20 15:54:38,normal,"{""action"": ""normal"", ""speed_limit"": 60, ""reason"": ""normal""}"
2026-01-20 15:54:38,control_received,"{""action"": ""normal"", ""speed_limit"": 60, ""reason"": ""normal""}"
2026-01-20 15:54:38,control_received,"{""action"": ""normal"", ""speed_limit"": 60, ""reason"": ""normal""}"
2026-01-20 15:54:43,normal,"{""action"": ""normal"", ""speed_limit"": 60, ""reason"": ""normal""}"
2026-01-20 15:54:43,control_received,"{""action"": ""normal"", ""speed_limit"": 60, ""reason"": ""normal""}"
2026-01-20 15:54:43,control_received,"{""action"": ""normal"", ""speed_limit"": 60, ""reason"": ""normal""}"
2026-01-20 15:54:48,reduce_speed,"{""action"": ""reduce_speed"", ""speed_limit"": 50, ""reason"": ""moderate_congestion""}"
2026-01-20 15:54:48,control_received,"{""action"": ""reduce_speed"", ""speed_limit"": 50, ""reason"": ""moderate_congestion""}"
2026-01-20 15:54:48,control_received,"{""action"": ""reduce_speed"", ""speed_limit"": 50, ""reason"": ""moderate_congestion""}"
2026-01-20 15:54:53,normal,"{""action"": ""normal"", ""speed_limit"": 60, ""reason"": ""normal""}"
2026-01-20 15:54:53,control_received,"{""action"": ""normal"", ""speed_limit"": 60, ""reason"": ""normal""}"
2026-01-20 15:54:53,control_received,"{""action"": ""normal"", ""speed_limit"": 60, ""reason"": ""normal""}"
2026-01-20 15:54:58,reduce_speed,"{""action"": ""reduce_speed"", ""speed_limit"": 50, ""reason"": ""moderate_congestion""}"
2026-01-20 15:54:58,control_received,"{""action"": ""reduce_speed"", ""speed_limit"": 50, ""reason"": ""moderate_congestion""}"
2026-01-20 15:54:58,control_received,"{""action"": ""reduce_speed"", ""speed_limit"": 50, ""reason"": ""moderate_congestion""}"
2026-01-20 15:55:03,normal,"{""action"": ""normal"", ""speed_limit"": 60, ""reason"": ""normal""}"
2026-01-20 15:55:03,control_received,"{""action"": ""normal"", ""speed_limit"": 60, ""reason"": ""normal""}"
2026-01-20 15:55:08,priority_mode,"{""action"": ""priority_mode"", ""signal"": ""green"", ""speed_limit"": 30, ""reason"": ""emergency""}"
2026-01-20 15:55:08,control_received,"{""action"": ""priority_mode"", ""signal"": ""green"", ""speed_limit"": 30, ""reason"": ""emergency""}"
2026-01-20 15:55:08,control_received,"{""action"": ""priority_mode"", ""signal"": ""green"", ""speed_limit"": 30, ""reason"": ""emergency""}"
2026-01-20 15:55:13,priority_mode,"{""action"": ""priority_mode"", ""signal"": ""green"", ""speed_limit"": 30, ""reason"": ""emergency""}"
2026-01-20 15:55:13,control_received,"{""action"": ""priority_mode"", ""signal"": ""green"", ""speed_limit"": 30, ""reason"": ""emergency""}"
2026-01-20 15:55:18,normal,"{""action"": ""normal"", ""speed_limit"": 60, ""reason"": ""normal""}"
2026-01-20 15:55:18,control_received,"{""action"": ""normal"", ""speed_limit"": 60, ""reason"": ""normal""}"
2026-01-20 15:55:18,control_received,"{""action"": ""normal"", ""speed_limit"": 60, ""reason"": ""normal""}"
2026-01-20 15:55:23,priority_mode,"{""action"": ""priority_mode"", ""signal"": ""green"", ""speed_limit"": 30, ""reason"": ""emergency""}"
2026-01-20 15:55:23,control_received,"{""action"": ""priority_mode"", ""signal"": ""green"", ""speed_limit"": 30, ""reason"": ""emergency""}"
2026-01-20 15:55:23,control_received,"{""action"": ""priority_mode"", ""signal"": ""green"", ""speed_limit"": 30, ""reason"": ""emergency""}"
2026-01-20 15:55:28,normal,"{""action"": ""normal"", ""speed_limit"": 60, ""reason"": ""normal""}"
2026-01-20 15:55:28,control_received,"{""action"": ""normal"", ""speed_limit"": 60, ""reason"": ""normal""}"
2026-01-20 15:55:28,control_received,"{""action"": ""normal"", ""speed_limit"": 60, ""reason"": ""normal""}"
2026-01-20 15:55:33,normal,"{""action"": ""normal"", ""speed_limit"": 60, ""reason"": ""normal""}"
2026-01-20 15:55:33,control_received,"{""action"": ""normal"", ""speed_limit"": 60, ""reason"": ""normal""}"
2026-01-20 15:55:38,normal,"{""action"": ""normal"", ""speed_limit"": 60, ""reason"": ""normal""}"
2026-01-20 15:55:38,control_received,"{""action"": ""normal"", ""speed_limit"": 60, ""reason"": ""normal""}"
2026-01-20 15:55:38,control_received,"{""action"": ""normal"", ""speed_limit"": 60, ""reason"": ""normal""}"
2026-01-20 15:55:43,normal,"{""action"": ""normal"", ""speed_limit"": 60, ""reason"": ""normal""}"
2026-01-20 15:55:43,control_received,"{""action"": ""normal"", ""speed_limit"": 60, ""reason"": ""normal""}"
2026-01-20 15:55:43,control_received,"{""action"": ""normal"", ""speed_limit"": 60, ""reason"": ""normal""}"
2026-01-20 15:55:48,normal,"{""action"": ""normal"", ""speed_limit"": 60, ""reason"": ""normal""}"
2026-01-20 15:55:48,control_received,"{""action"": ""normal"", ""speed_limit"": 60, ""reason"": ""normal""}"
2026-01-20 15:55:53,normal,"{""action"": ""normal"", ""speed_limit"": 60, ""reason"": ""normal""}"
2026-01-20 15:55:53,control_received,"{""action"": ""normal"", ""speed_limit"": 60, ""reason"": ""normal""}"
2026-01-20 15:55:53,control_received,"{""action"": ""normal"", ""speed_limit"": 60, ""reason"": ""normal""}"
2026-01-20 15:55:58,priority_mode,"{""action"": ""priority_mode"", ""signal"": ""green"", ""speed_limit"": 30, ""reason"": ""emergency""}"
2026-01-20 15:55:58,control_received,"{""action"": ""priority_mode"", ""signal"": ""green"", ""speed_limit"": 30, ""reason"": ""emergency""}"
2026-01-20 15:55:58,control_received,"{""action"": ""priority_mode"", ""signal"": ""green"", ""speed_limit"": 30, ""reason"": ""emergency""}"
2026-01-20 15:56:03,priority_mode,"{""action"": ""priority_mode"", ""signal"": ""green"", ""speed_limit"": 30, ""reason"": ""emergency""}"
2026-01-20 15:56:03,control_received,"{""action"": ""priority_mode"", ""signal"": ""green"", ""speed_limit"": 30, ""reason"": ""emergency""}"
2026-01-20 15:56:03,control_received,"{""action"": ""priority_mode"", ""signal"": ""green"", ""speed_limit"": 30, ""reason"": ""emergency""}"
2026-01-20 15:56:08,normal,"{""action"": ""normal"", ""speed_limit"": 60, ""reason"": ""normal""}"
2026-01-20 15:56:08,control_received,"{""action"": ""normal"", ""speed_limit"": 60, ""reason"": ""normal""}"
2026-01-20 15:56:08,control_received,"{""action"": ""normal"", ""speed_limit"": 60, ""reason"": ""normal""}"
2026-01-20 15:56:13,reduce_speed,"{""action"": ""reduce_speed"", ""speed_limit"": 50, ""reason"": ""moderate_congestion""}"
2026-01-20 15:56:13,control_received,"{""action"": ""reduce_speed"", ""speed_limit"": 50, ""reason"": ""moderate_congestion""}"
2026-01-20 15:56:13,control_received,"{""action"": ""reduce_speed"", ""speed_limit"": 50, ""reason"": ""moderate_congestion""}"
2026-01-20 15:56:18,normal,"{""action"": ""normal"", ""speed_limit"": 60, ""reason"": ""normal""}"
2026-01-20 15:56:18,control_received,"{""action"": ""normal"", ""speed_limit"": 60, ""reason"": ""normal""}"
2026-01-20 15:56:18,control_received,"{""action"": ""normal"", ""speed_limit"": 60, ""reason"": ""normal""}"
2026-01-20 15:56:23,normal,"{""action"": ""normal"", ""speed_limit"": 60, ""reason"": ""normal""}"
2026-01-20 15:56:23,control_received,"{""action"": ""normal"", ""speed_limit"": 60, ""reason"": ""normal""}"
2026-01-20 15:56:28,reduce_speed,"{""action"": ""reduce_speed"", ""speed_limit"": 50, ""reason"": ""moderate_congestion""}"
2026-01-20 15:56:28,control_received,"{""action"": ""reduce_speed"", ""speed_limit"": 50, ""reason"": ""moderate_congestion""}"
2026-01-20 15:56:33,normal,"{""action"": ""normal"", ""speed_limit"": 60, ""reason"": ""normal""}"
2026-01-20 15:56:33,control_received,"{""action"": ""normal"", ""speed_limit"": 60, ""reason"": ""normal""}"
2026-01-20 15:56:33,control_received,"{""action"": ""normal"", ""speed_limit"": 60, ""reason"": ""normal""}"
2026-01-20 15:56:38,reduce_speed,"{""action"": ""reduce_speed"", ""speed_limit"": 50, ""reason"": ""moderate_congestion""}"
2026-01-20 15:56:38,control_received,"{""action"": ""reduce_speed"", ""speed_limit"": 50, ""reason"": ""moderate_congestion""}"
2026-01-20 15:56:38,control_received,"{""action"": ""reduce_speed"", ""speed_limit"": 50, ""reason"": ""moderate_congestion""}"
2026-01-20 15:56:43,normal,"{""action"": ""normal"", ""speed_limit"": 60, ""reason"": ""normal""}"
2026-01-20 15:56:43,control_received,"{""action"": ""normal"", ""speed_limit"": 60, ""reason"": ""normal""}"
2026-01-20 15:56:43,control_received,"{""action"": ""normal"", ""speed_limit"": 60, ""reason"": ""normal""}"
2026-01-20 15:56:48,normal,"{""action"": ""normal"", ""speed_limit"": 60, ""reason"": ""normal""}"
2026-01-20 15:56:48,control_received,"{""action"": ""normal"", ""speed_limit"": 60, ""reason"": ""normal""}"
2026-01-20 15:56:48,control_received,"{""action"": ""normal"", ""speed_limit"": 60, ""reason"": ""normal""}"
2026-01-20 15:56:53,reduce_speed,"{""action"": ""reduce_speed"", ""speed_limit"": 50, ""reason"": ""moderate_congestion""}"
2026-01-20 15:56:53,control_received,"{""action"": ""reduce_speed"", ""speed_limit"": 50, ""reason"": ""moderate_congestion""}"
2026-01-20 15:56:58,normal,"{""action"": ""normal"", ""speed_limit"": 60, ""reason"": ""normal""}"
2026-01-20 15:56:58,control_received,"{""action"": ""normal"", ""speed_limit"": 60, ""reason"": ""normal""}"
2026-01-20 15:56:58,control_received,"{""action"": ""normal"", ""speed_limit"": 60, ""reason"": ""normal""}"
2026-01-20 15:57:03,normal,"{""action"": ""normal"", ""speed_limit"": 60, ""reason"": ""normal""}"
2026-01-20 15:57:03,control_received,"{""action"": ""normal"", ""speed_limit"": 60, ""reason"": ""normal""}"
2026-01-20 15:57:08,normal,"{""action"": ""normal"", ""speed_limit"": 60, ""reason"": ""normal""}"
2026-01-20 15:57:08,control_received,"{""action"": ""normal"", ""speed_limit"": 60, ""reason"": ""normal""}"
2026-01-20 15:57:08,control_received,"{""action"": ""normal"", ""speed_limit"": 60, ""reason"": ""normal""}"
2026-01-20 15:57:13,normal,"{""action"": ""normal"", ""speed_limit"": 60, ""reason"": ""normal""}"
2026-01-20 15:57:13,control_received,"{""action"": ""normal"", ""speed_limit"": 60, ""reason"": ""normal""}"
2026-01-20 15:57:13,control_received,"{""action"": ""normal"", ""speed_limit"": 60, ""reason"": ""normal""}"
2026-01-20 15:57:18,priority_mode,"{""action"": ""priority_mode"", ""signal"": ""green"", ""speed_limit"": 30, ""reason"": ""emergency""}"
2026-01-20 15:57:18,control_received,"{""action"": ""priority_mode"", ""signal"": ""green"", ""speed_limit"": 30, ""reason"": ""emergency""}"
2026-01-20 15:57:23,normal,"{""action"": ""normal"", ""speed_limit"": 60, ""reason"": ""normal""}"
2026-01-20 15:57:23,control_received,"{""action"": ""normal"", ""speed_limit"": 60, ""reason"": ""normal""}"
2026-01-20 15:57:28,normal,"{""action"": ""normal"", ""speed_limit"": 60, ""reason"": ""normal""}"
2026-01-20 15:57:28,control_received,"{""action"": ""normal"", ""speed_limit"": 60, ""reason"": ""normal""}"
2026-01-20 15:57:28,control_received,"{""action"": ""normal"", ""speed_limit"": 60, ""reason"": ""normal""}"
2026-01-20 15:57:33,priority_mode,"{""action"": ""priority_mode"", ""signal"": ""green"", ""speed_limit"": 30, ""reason"": ""emergency""}"
2026-01-20 15:57:33,control_received,"{""action"": ""priority_mode"", ""signal"": ""green"", ""speed_limit"": 30, ""reason"": ""emergency""}"
2026-01-20 15:57:33,control_received,"{""action"": ""priority_mode"", ""signal"": ""green"", ""speed_limit"": 30, ""reason"": ""emergency""}"
2026-01-20 15:57:38,normal,"{""action"": ""normal"", ""speed_limit"": 60, ""reason"": ""normal""}"
2026-01-20 15:57:38,control_received,"{""action"": ""normal"", ""speed_limit"": 60, ""reason"": ""normal""}"
2026-01-20 15:57:38,control_received,"{""action"": ""normal"", ""speed_limit"": 60, ""reason"": ""normal""}"
2026-01-20 15:57:43,normal,"{""action"": ""normal"", ""speed_limit"": 60, ""reason"": ""normal""}"
2026-01-20 15:57:43,control_received,"{""action"": ""normal"", ""speed_limit"": 60, ""reason"": ""normal""}"
2026-01-20 15:57:43,control_received,"{""action"": ""normal"", ""speed_limit"": 60, ""reason"": ""normal""}"
2026-01-20 15:57:48,priority_mode,"{""action"": ""priority_mode"", ""signal"": ""green"", ""speed_limit"": 30, ""reason"": ""emergency""}"
2026-01-20 15:57:48,control_received,"{""action"": ""priority_mode"", ""signal"": ""green"", ""speed_limit"": 30, ""reason"": ""emergency""}"
2026-01-20 15:57:53,priority_mode,"{""action"": ""priority_mode"", ""signal"": ""green"", ""speed_limit"": 30, ""reason"": ""emergency""}"
2026-01-20 15:57:53,control_received,"{""action"": ""priority_mode"", ""signal"": ""green"", ""speed_limit"": 30, ""reason"": ""emergency""}"
2026-01-20 15:57:53,control_received,"{""action"": ""priority_mode"", ""signal"": ""green"", ""speed_limit"": 30, ""reason"": ""emergency""}"
2026-01-20 15:57:58,normal,"{""action"": ""normal"", ""speed_limit"": 60, ""reason"": ""normal""}"
2026-01-20 15:57:58,control_received,"{""action"": ""normal"", ""speed_limit"": 60, ""reason"": ""normal""}"
2026-01-20 15:57:58,control_received,"{""action"": ""normal"", ""speed_limit"": 60, ""reason"": ""normal""}"
2026-01-20 15:58:03,normal,"{""action"": ""normal"", ""speed_limit"": 60, ""reason"": ""normal""}"
2026-01-20 15:58:03,control_received,"{""action"": ""normal"", ""speed_limit"": 60, ""reason"": ""normal""}"
2026-01-20 15:58:03,control_received,"{""action"": ""normal"", ""speed_limit"": 60, ""reason"": ""normal""}"
2026-01-20 15:58:08,priority_mode,"{""action"": ""priority_mode"", ""signal"": ""green"", ""speed_limit"": 30, ""reason"": ""emergency""}"
2026-01-20 15:58:08,control_received,"{""action"": ""priority_mode"", ""signal"": ""green"", ""speed_limit"": 30, ""reason"": ""emergency""}"
2026-01-20 15:58:08,control_received,"{""action"": ""priority_mode"", ""signal"": ""green"", ""speed_limit"": 30, ""reason"": ""emergency""}"
2026-01-20 15:58:13,normal,"{""action"": ""normal"", ""speed_limit"": 60, ""reason"": ""normal""}"
2026-01-20 15:58:13,control_received,"{""action"": ""normal"", ""speed_limit"": 60, ""reason"": ""normal""}"
2026-01-20 15:58:13,control_received,"{""action"": ""normal"", ""speed_limit"": 60, ""reason"": ""normal""}"
2026-01-20 15:58:18,priority_mode,"{""action"": ""priority_mode"", ""signal"": ""green"", ""speed_limit"": 30, ""reason"": ""emergency""}"
2026-01-20 15:58:18,control_received,"{""action"": ""priority_mode"", ""signal"": ""green"", ""speed_limit"": 30, ""reason"": ""emergency""}"
2026-01-20 15:58:18,control_received,"{""action"": ""priority_mode"", ""signal"": ""green"", ""speed_limit"": 30, ""reason"": ""emergency""}"
2026-01-20 15:58:23,normal,"{""action"": ""normal"", ""speed_limit"": 60, ""reason"": ""normal""}"
2026-01-20 15:58:23,control_received,"{""action"": ""normal"", ""speed_limit"": 60, ""reason"": ""normal""}"
2026-01-20 15:58:23,control_received,"{""action"": ""normal"", ""speed_limit"": 60, ""reason"": ""normal""}"
2026-01-20 15:58:28,priority_mode,"{""action"": ""priority_mode"", ""signal"": ""green"", ""speed_limit"": 30, ""reason"": ""emergency""}"
2026-01-20 15:58:28,control_received,"{""action"": ""priority_mode"", ""signal"": ""green"", ""speed_limit"": 30, ""reason"": ""emergency""}"
2026-01-20 15:58:33,priority_mode,"{""action"": ""priority_mode"", ""signal"": ""green"", ""speed_limit"": 30, ""reason"": ""emergency""}"
2026-01-20 15:58:33,control_received,"{""action"": ""priority_mode"", ""signal"": ""green"", ""speed_limit"": 30, ""reason"": ""emergency""}"
2026-01-20 15:58:33,control_received,"{""action"": ""priority_mode"", ""signal"": ""green"", ""speed_limit"": 30, ""reason"": ""emergency""}"
2026-01-20 15:58:38,priority_mode,"{""action"": ""priority_mode"", ""signal"": ""green"", ""speed_limit"": 30, ""reason"": ""emergency""}"
2026-01-20 15:58:38,control_received,"{""action"": ""priority_mode"", ""signal"": ""green"", ""speed_limit"": 30, ""reason"": ""emergency""}"
2026-01-20 15:58:38,control_received,"{""action"": ""priority_mode"", ""signal"": ""green"", ""speed_limit"": 30, ""reason"": ""emergency""}"
2026-01-20 15:58:43,priority_mode,"{""action"": ""priority_mode"", ""signal"": ""green"", ""speed_limit"": 30, ""reason"": ""emergency""}"
2026-01-20 15:58:43,control_received,"{""action"": ""priority_mode"", ""signal"": ""green"", ""speed_limit"": 30, ""reason"": ""emergency""}"
2026-01-20 15:58:48,priority_mode,"{""action"": ""priority_mode"", ""signal"": ""green"", ""speed_limit"": 30, ""reason"": ""emergency""}"
2026-01-20 15:58:48,control_received,"{""action"": ""priority_mode"", ""signal"": ""green"", ""speed_limit"": 30, ""reason"": ""emergency""}"
2026-01-20 15:58:48,control_received,"{""action"": ""priority_mode"", ""signal"": ""green"", ""speed_limit"": 30, ""reason"": ""emergency""}"
2026-01-20 15:58:53,normal,"{""action"": ""normal"", ""speed_limit"": 60, ""reason"": ""normal""}"
2026-01-20 15:58:53,control_received,"{""action"": ""normal"", ""speed_limit"": 60, ""reason"": ""normal""}"
2026-01-20 15:58:58,normal,"{""action"": ""normal"", ""speed_limit"": 60, ""reason"": ""normal""}"
2026-01-20 15:58:58,control_received,"{""action"": ""normal"", ""speed_limit"": 60, ""reason"": ""normal""}"
2026-01-20 15:58:58,control_received,"{""action"": ""normal"", ""speed_limit"": 60, ""reason"": ""normal""}"
2026-01-20 15:59:03,normal,"{""action"": ""normal"", ""speed_limit"": 60, ""reason"": ""normal""}"
2026-01-20 15:59:03,control_received,"{""action"": ""normal"", ""speed_limit"": 60, ""reason"": ""normal""}"
2026-01-20 15:59:08,normal,"{""action"": ""normal"", ""speed_limit"": 60, ""reason"": ""normal""}"
2026-01-20 15:59:08,control_received,"{""action"": ""normal"", ""speed_limit"": 60, ""reason"": ""normal""}"
2026-01-20 15:59:08,control_received,"{""action"": ""normal"", ""speed_limit"": 60, ""reason"": ""normal""}"
2026-01-20 15:59:13,normal,"{""action"": ""normal"", ""speed_limit"": 60, ""reason"": ""normal""}"
2026-01-20 15:59:13,control_received,"{""action"": ""normal"", ""speed_limit"": 60, ""reason"": ""normal""}"
2026-01-20 15:59:18,priority_mode,"{""action"": ""priority_mode"", ""signal"": ""green"", ""speed_limit"": 30, ""reason"": ""emergency""}"
2026-01-20 15:59:18,control_received,"{""action"": ""priority_mode"", ""signal"": ""green"", ""speed_limit"": 30, ""reason"": ""emergency""}"
2026-01-20 15:59:23,reduce_speed,"{""action"": ""reduce_speed"", ""speed_limit"": 50, ""reason"": ""moderate_congestion""}"
2026-01-20 15:59:23,control_received,"{""action"": ""reduce_speed"", ""speed_limit"": 50, ""reason"": ""moderate_congestion""}"
2026-01-20 15:59:28,normal,"{""action"": ""normal"", ""speed_limit"": 60, ""reason"": ""normal""}"
2026-01-20 15:59:28,control_received,"{""action"": ""normal"", ""speed_limit"": 60, ""reason"": ""normal""}"
2026-01-20 15:59:33,reduce_speed,"{""action"": ""reduce_speed"", ""speed_limit"": 50, ""reason"": ""moderate_congestion""}"
2026-01-20 15:59:33,control_received,"{""action"": ""reduce_speed"", ""speed_limit"": 50, ""reason"": ""moderate_congestion""}"
2026-01-20 15:59:38,priority_mode,"{""action"": ""priority_mode"", ""signal"": ""green"", ""speed_limit"": 30, ""reason"": ""emergency""}"
2026-01-20 15:59:38,control_received,"{""action"": ""priority_mode"", ""signal"": ""green"", ""speed_limit"": 30, ""reason"": ""emergency""}"
2026-01-20 15:59:43,normal,"{""action"": ""normal"", ""speed_limit"": 60, ""reason"": ""normal""}"
2026-01-20 15:59:43,control_received,"{""action"": ""normal"", ""speed_limit"": 60, ""reason"": ""normal""}"
2026-01-20 15:59:43,control_received,"{""action"": ""normal"", ""speed_limit"": 60, ""reason"": ""normal""}"
2026-01-20 15:59:48,priority_mode,"{""action"": ""priority_mode"", ""signal"": ""green"", ""speed_limit"": 30, ""reason"": ""emergency""}"
2026-01-20 15:59:48,control_received,"{""action"": ""priority_mode"", ""signal"": ""green"", ""speed_limit"": 30, ""reason"": ""emergency""}"
2026-01-20 15:59:48,control_received,"{""action"": ""priority_mode"", ""signal"": ""green"", ""speed_limit"": 30, ""reason"": ""emergency""}"
2026-01-20 15:59:53,normal,"{""action"": ""normal"", ""speed_limit"": 60, ""reason"": ""normal""}"
2026-01-20 15:59:53,control_received,"{""action"": ""normal"", ""speed_limit"": 60, ""reason"": ""normal""}"
2026-01-20 15:59:53,control_received,"{""action"": ""normal"", ""speed_limit"": 60, ""reason"": ""normal""}"
2026-01-20 15:59:58,normal,"{""action"": ""normal"", ""speed_limit"": 60, ""reason"": ""normal""}"
2026-01-20 15:59:58,control_received,"{""action"": ""normal"", ""speed_limit"": 60, ""reason"": ""normal""}"
2026-01-20 15:59:58,control_received,"{""action"": ""normal"", ""speed_limit"": 60, ""reason"": ""normal""}"
2026-01-20 16:00:03,normal,"{""action"": ""normal"", ""speed_limit"": 60, ""reason"": ""normal""}"
2026-01-20 16:00:03,control_received,"{""action"": ""normal"", ""speed_limit"": 60, ""reason"": ""normal""}"
2026-01-20 16:00:03,control_received,"{""action"": ""normal"", ""speed_limit"": 60, ""reason"": ""normal""}"
2026-01-20 16:00:08,normal,"{""action"": ""normal"", ""speed_limit"": 60, ""reason"": ""normal""}"
2026-01-20 16:00:08,control_received,"{""action"": ""normal"", ""speed_limit"": 60, ""reason"": ""normal""}"
2026-01-20 16:00:08,control_received,"{""action"": ""normal"", ""speed_limit"": 60, ""reason"": ""normal""}"
2026-01-20 16:00:13,priority_mode,"{""action"": ""priority_mode"", ""signal"": ""green"", ""speed_limit"": 30, ""reason"": ""emergency""}"
2026-01-20 16:00:13,control_received,"{""action"": ""priority_mode"", ""signal"": ""green"", ""speed_limit"": 30, ""reason"": ""emergency""}"
2026-01-20 16:00:18,normal,"{""action"": ""normal"", ""speed_limit"": 60, ""reason"": ""normal""}"
2026-01-20 16:00:18,control_received,"{""action"": ""normal"", ""speed_limit"": 60, ""reason"": ""normal""}"
2026-01-20 16:00:18,control_received,"{""action"": ""normal"", ""speed_limit"": 60, ""reason"": ""normal""}"
2026-01-20 16:00:23,normal,"{""action"": ""normal"", ""speed_limit"": 60, ""reason"": ""normal""}"
2026-01-20 16:00:23,control_received,"{""action"": ""normal"", ""speed_limit"": 60, ""reason"": ""normal""}"
2026-01-20 16:00:23,control_received,"{""action"": ""normal"", ""speed_limit"": 60, ""reason"": ""normal""}"
2026-01-20 16:00:28,normal,"{""action"": ""normal"", ""speed_limit"": 60, ""reason"": ""normal""}"
2026-01-20 16:00:28,control_received,"{""action"": ""normal"", ""speed_limit"": 60, ""reason"": ""normal""}"
2026-01-20 16:00:28,control_received,"{""action"": ""normal"", ""speed_limit"": 60, ""reason"": ""normal""}"
2026-01-20 16:00:33,normal,"{""action"": ""normal"", ""speed_limit"": 60, ""reason"": ""normal""}"
2026-01-20 16:00:33,control_received,"{""action"": ""normal"", ""speed_limit"": 60, ""reason"": ""normal""}"
2026-01-20 16:00:33,control_received,"{""action"": ""normal"", ""speed_limit"": 60, ""reason"": ""normal""}"
2026-01-20 16:00:38,priority_mode,"{""action"": ""priority_mode"", ""signal"": ""green"", ""speed_limit"": 30, ""reason"": ""emergency""}"
2026-01-20 16:00:38,control_received,"{""action"": ""priority_mode"", ""signal"": ""green"", ""speed_limit"": 30, ""reason"": ""emergency""}"
2026-01-20 16:00:38,control_received,"{""action"": ""priority_mode"", ""signal"": ""green"", ""speed_limit"": 30, ""reason"": ""emergency""}"
2026-01-20 16:00:43,normal,"{""action"": ""normal"", ""speed_limit"": 60, ""reason"": ""normal""}"
2026-01-20 16:00:43,control_received,"{""action"": ""normal"", ""speed_limit"": 60, ""reason"": ""normal""}"
2026-01-20 16:00:43,control_received,"{""action"": ""normal"", ""speed_limit"": 60, ""reason"": ""normal""}"
2026-01-20 16:00:48,priority_mode,"{""action"": ""priority_mode"", ""signal"": ""green"", ""speed_limit"": 30, ""reason"": ""emergency""}"
2026-01-20 16:00:48,control_received,"{""action"": ""priority_mode"", ""signal"": ""green"", ""speed_limit"": 30, ""reason"": ""emergency""}"
2026-01-20 16:00:53,reduce_speed,"{""action"": ""reduce_speed"", ""speed_limit"": 50, ""reason"": ""moderate_congestion""}"
2026-01-20 16:00:53,control_received,"{""action"": ""reduce_speed"", ""speed_limit"": 50, ""reason"": ""moderate_congestion""}"
2026-01-20 16:00:53,control_received,"{""action"": ""reduce_speed"", ""speed_limit"": 50, ""reason"": ""moderate_congestion""}"
2026-01-20 16:00:58,normal,"{""action"": ""normal"", ""speed_limit"": 60, ""reason"": ""normal""}"
2026-01-20 16:00:58,control_received,"{""action"": ""normal"", ""speed_limit"": 60, ""reason"": ""normal""}"
2026-01-20 16:00:58,control_received,"{""action"": ""normal"", ""speed_limit"": 60, ""reason"": ""normal""}"
2026-01-20 16:01:03,priority_mode,"{""action"": ""priority_mode"", ""signal"": ""green"", ""speed_limit"": 30, ""reason"": ""emergency""}"
2026-01-20 16:01:03,control_received,"{""action"": ""priority_mode"", ""signal"": ""green"", ""speed_limit"": 30, ""reason"": ""emergency""}"
2026-01-20 16:01:08,normal,"{""action"": ""normal"", ""speed_limit"": 60, ""reason"": ""normal""}"
2026-01-20 16:01:08,control_received,"{""action"": ""normal"", ""speed_limit"": 60, ""reason"": ""normal""}"
2026-01-20 16:01:08,control_received,"{""action"": ""normal"", ""speed_limit"": 60, ""reason"": ""normal""}"
2026-01-20 16:01:13,priority_mode,"{""action"": ""priority_mode"", ""signal"": ""green"", ""speed_limit"": 30, ""reason"": ""emergency""}"
2026-01-20 16:01:13,control_received,"{""action"": ""priority_mode"", ""signal"": ""green"", ""speed_limit"": 30, ""reason"": ""emergency""}"
2026-01-20 16:01:18,priority_mode,"{""action"": ""priority_mode"", ""signal"": ""green"", ""speed_limit"": 30, ""reason"": ""emergency""}"
2026-01-20 16:01:18,control_received,"{""action"": ""priority_mode"", ""signal"": ""green"", ""speed_limit"": 30, ""reason"": ""emergency""}"
2026-01-20 16:01:18,control_received,"{""action"": ""priority_mode"", ""signal"": ""green"", ""speed_limit"": 30, ""reason"": ""emergency""}"
2026-01-20 16:01:23,normal,"{""action"": ""normal"", ""speed_limit"": 60, ""reason"": ""normal""}"
2026-01-20 16:01:23,control_received,"{""action"": ""normal"", ""speed_limit"": 60, ""reason"": ""normal""}"
2026-01-20 16:01:23,control_received,"{""action"": ""normal"", ""speed_limit"": 60, ""reason"": ""normal""}"
2026-01-20 16:01:28,normal,"{""action"": ""normal"", ""speed_limit"": 60, ""reason"": ""normal""}"
2026-01-20 16:01:28,control_received,"{""action"": ""normal"", ""speed_limit"": 60, ""reason"": ""normal""}"
2026-01-20 16:01:33,normal,"{""action"": ""normal"", ""speed_limit"": 60, ""reason"": ""normal""}"
2026-01-20 16:01:33,control_received,"{""action"": ""normal"", ""speed_limit"": 60, ""reason"": ""normal""}"
2026-01-20 16:01:33,control_received,"{""action"": ""normal"", ""speed_limit"": 60, ""reason"": ""normal""}"
2026-01-20 16:01:38,normal,"{""action"": ""normal"", ""speed_limit"": 60, ""reason"": ""normal""}"
2026-01-20 16:01:38,control_received,"{""action"": ""normal"", ""speed_limit"": 60, ""reason"": ""normal""}"
2026-01-20 16:01:43,priority_mode,"{""action"": ""priority_mode"", ""signal"": ""green"", ""speed_limit"": 30, ""reason"": ""emergency""}"
2026-01-20 16:01:43,control_received,"{""action"": ""priority_mode"", ""signal"": ""green"", ""speed_limit"": 30, ""reason"": ""emergency""}"
2026-01-20 16:01:43,control_received,"{""action"": ""priority_mode"", ""signal"": ""green"", ""speed_limit"": 30, ""reason"": ""emergency""}"
2026-01-20 16:01:48,normal,"{""action"": ""normal"", ""speed_limit"": 60, ""reason"": ""normal""}"
2026-01-20 16:01:48,control_received,"{""action"": ""normal"", ""speed_limit"": 60, ""reason"": ""normal""}"
2026-01-20 16:01:48,control_received,"{""action"": ""normal"", ""speed_limit"": 60, ""reason"": ""normal""}"
2026-01-20 16:01:53,priority_mode,"{""action"": ""priority_mode"", ""signal"": ""green"", ""speed_limit"": 30, ""reason"": ""emergency""}"
2026-01-20 16:01:53,control_received,"{""action"": ""priority_mode"", ""signal"": ""green"", ""speed_limit"": 30, ""reason"": ""emergency""}"
2026-01-20 16:01:53,control_received,"{""action"": ""priority_mode"", ""signal"": ""green"", ""speed_limit"": 30, ""reason"": ""emergency""}"
2026-01-20 16:01:58,normal,"{""action"": ""normal"", ""speed_limit"": 60, ""reason"": ""normal""}"
2026-01-20 16:01:58,control_received,"{""action"": ""normal"", ""speed_limit"": 60, ""reason"": ""normal""}"
2026-01-20 16:01:58,control_received,"{""action"": ""normal"", ""speed_limit"": 60, ""reason"": ""normal""}"
2026-01-20 16:02:03,priority_mode,"{""action"": ""priority_mode"", ""signal"": ""green"", ""speed_limit"": 30, ""reason"": ""emergency""}"
2026-01-20 16:02:03,control_received,"{""action"": ""priority_mode"", ""signal"": ""green"", ""speed_limit"": 30, ""reason"": ""emergency""}"
2026-01-20 16:02:03,control_received,"{""action"": ""priority_mode"", ""signal"": ""green"", ""speed_limit"": 30, ""reason"": ""emergency""}"
2026-01-20 16:02:08,reduce_speed,"{""action"": ""reduce_speed"", ""speed_limit"": 50, ""reason"": ""moderate_congestion""}"
2026-01-20 16:02:08,control_received,"{""action"": ""reduce_speed"", ""speed_limit"": 50, ""reason"": ""moderate_congestion""}"
2026-01-20 16:02:13,normal,"{""action"": ""normal"", ""speed_limit"": 60, ""reason"": ""normal""}"
2026-01-20 16:02:13,control_received,"{""action"": ""normal"", ""speed_limit"": 60, ""reason"": ""normal""}"
2026-01-20 16:02:13,control_received,"{""action"": ""normal"", ""speed_limit"": 60, ""reason"": ""normal""}"
2026-01-20 16:02:18,normal,"{""action"": ""normal"", ""speed_limit"": 60, ""reason"": ""normal""}"
2026-01-20 16:02:18,control_received,"{""action"": ""normal"", ""speed_limit"": 60, ""reason"": ""normal""}"
2026-01-20 16:02:18,control_received,"{""action"": ""normal"", ""speed_limit"": 60, ""reason"": ""normal""}"
2026-01-20 16:02:23,normal,"{""action"": ""normal"", ""speed_limit"": 60, ""reason"": ""normal""}"
2026-01-20 16:02:23,control_received,"{""action"": ""normal"", ""speed_limit"": 60, ""reason"": ""normal""}"
2026-01-20 16:02:23,control_received,"{""action"": ""normal"", ""speed_limit"": 60, ""reason"": ""normal""}"
2026-01-20 16:02:28,normal,"{""action"": ""normal"", ""speed_limit"": 60, ""reason"": ""normal""}"
2026-01-20 16:02:28,control_received,"{""action"": ""normal"", ""speed_limit"": 60, ""reason"": ""normal""}"
2026-01-20 16:02:33,normal,"{""action"": ""normal"", ""speed_limit"": 60, ""reason"": ""normal""}"
2026-01-20 16:02:33,control_received,"{""action"": ""normal"", ""speed_limit"": 60, ""reason"": ""normal""}"
2026-01-20 16:02:33,control_received,"{""action"": ""normal"", ""speed_limit"": 60, ""reason"": ""normal""}"
2026-01-20 16:02:38,priority_mode,"{""action"": ""priority_mode"", ""signal"": ""green"", ""speed_limit"": 30, ""reason"": ""emergency""}"
2026-01-20 16:02:38,control_received,"{""action"": ""priority_mode"", ""signal"": ""green"", ""speed_limit"": 30, ""reason"": ""emergency""}"
2026-01-20 16:02:38,control_received,"{""action"": ""priority_mode"", ""signal"": ""green"", ""speed_limit"": 30, ""reason"": ""emergency""}"
2026-01-20 16:02:43,reduce_speed,"{""action"": ""reduce_speed"", ""speed_limit"": 50, ""reason"": ""moderate_congestion""}"
2026-01-20 16:02:43,control_received,"{""action"": ""reduce_speed"", ""speed_limit"": 50, ""reason"": ""moderate_congestion""}"
2026-01-20 16:02:43,control_received,"{""action"": ""reduce_speed"", ""speed_limit"": 50, ""reason"": ""moderate_congestion""}"
2026-01-20 16:02:48,priority_mode,"{""action"": ""priority_mode"", ""signal"": ""green"", ""speed_limit"": 30, ""reason"": ""emergency""}"
2026-01-20 16:02:48,control_received,"{""action"": ""priority_mode"", ""signal"": ""green"", ""speed_limit"": 30, ""reason"": ""emergency""}"
2026-01-20 16:02:48,control_received,"{""action"": ""priority_mode"", ""signal"": ""green"", ""speed_limit"": 30, ""reason"": ""emergency""}"
2026-01-20 16:02:53,normal,"{""action"": ""normal"", ""speed_limit"": 60, ""reason"": ""normal""}"
2026-01-20 16:02:53,control_received,"{""action"": ""normal"", ""speed_limit"": 60, ""reason"": ""normal""}"
2026-01-20 16:02:53,control_received,"{""action"": ""normal"", ""speed_limit"": 60, ""reason"": ""normal""}"
2026-01-20 16:02:58,normal,"{""action"": ""normal"", ""speed_limit"": 60, ""reason"": ""normal""}"
2026-01-20 16:02:58,control_received,"{""action"": ""normal"", ""speed_limit"": 60, ""reason"": ""normal""}"
2026-01-20 16:03:03,normal,"{""action"": ""normal"", ""speed_limit"": 60, ""reason"": ""normal""}"
2026-01-20 16:03:03,control_received,"{""action"": ""normal"", ""speed_limit"": 60, ""reason"": ""normal""}"
2026-01-20 16:03:03,control_received,"{""action"": ""normal"", ""speed_limit"": 60, ""reason"": ""normal""}"
2026-01-20 16:03:08,priority_mode,"{""action"": ""priority_mode"", ""signal"": ""green"", ""speed_limit"": 30, ""reason"": ""emergency""}"
2026-01-20 16:03:08,control_received,"{""action"": ""priority_mode"", ""signal"": ""green"", ""speed_limit"": 30, ""reason"": ""emergency""}"
2026-01-20 16:03:08,control_received,"{""action"": ""priority_mode"", ""signal"": ""green"", ""speed_limit"": 30, ""reason"": ""emergency""}"
2026-01-20 16:03:13,normal,"{""action"": ""normal"", ""speed_limit"": 60, ""reason"": ""normal""}"
2026-01-20 16:03:13,control_received,"{""action"": ""normal"", ""speed_limit"": 60, ""reason"": ""normal""}"
2026-01-20 16:03:18,normal,"{""action"": ""normal"", ""speed_limit"": 60, ""reason"": ""normal""}"
2026-01-20 16:03:18,control_received,"{""action"": ""normal"", ""speed_limit"": 60, ""reason"": ""normal""}"
2026-01-20 16:03:18,control_received,"{""action"": ""normal"", ""speed_limit"": 60, ""reason"": ""normal""}"
2026-01-20 16:03:23,normal,"{""action"": ""normal"", ""speed_limit"": 60, ""reason"": ""normal""}"
2026-01-20 16:03:23,control_received,"{""action"": ""normal"", ""speed_limit"": 60, ""reason"": ""normal""}"
2026-01-20 16:03:23,control_received,"{""action"": ""normal"", ""speed_limit"": 60, ""reason"": ""normal""}"
2026-01-20 16:03:28,priority_mode,"{""action"": ""priority_mode"", ""signal"": ""green"", ""speed_limit"": 30, ""reason"": ""emergency""}"
2026-01-20 16:03:28,control_received,"{""action"": ""priority_mode"", ""signal"": ""green"", ""speed_limit"": 30, ""reason"": ""emergency""}"
2026-01-20 16:03:33,normal,"{""action"": ""normal"", ""speed_limit"": 60, ""reason"": ""normal""}"
2026-01-20 16:03:33,control_received,"{""action"": ""normal"", ""speed_limit"": 60, ""reason"": ""normal""}"
2026-01-20 16:03:33,control_received,"{""action"": ""normal"", ""speed_limit"": 60, ""reason"": ""normal""}"
2026-01-20 16:03:38,priority_mode,"{""action"": ""priority_mode"", ""signal"": ""green"", ""speed_limit"": 30, ""reason"": ""emergency""}"
2026-01-20 16:03:38,control_received,"{""action"": ""priority_mode"", ""signal"": ""green"", ""speed_limit"": 30, ""reason"": ""emergency""}"
2026-01-20 16:03:38,control_received,"{""action"": ""priority_mode"", ""signal"": ""green"", ""speed_limit"": 30, ""reason"": ""emergency""}"
2026-01-20 16:03:43,priority_mode,"{""action"": ""priority_mode"", ""signal"": ""green"", ""speed_limit"": 30, ""reason"": ""emergency""}"
2026-01-20 16:03:43,control_received,"{""action"": ""priority_mode"", ""signal"": ""green"", ""speed_limit"": 30, ""reason"": ""emergency""}"
2026-01-20 16:03:43,control_received,"{""action"": ""priority_mode"", ""signal"": ""green"", ""speed_limit"": 30, ""reason"": ""emergency""}"
2026-01-20 16:03:48,normal,"{""action"": ""normal"", ""speed_limit"": 60, ""reason"": ""normal""}"
2026-01-20 16:03:48,control_received,"{""action"": ""normal"", ""speed_limit"": 60, ""reason"": ""normal""}"
2026-01-20 16:03:48,control_received,"{""action"": ""normal"", ""speed_limit"": 60, ""reason"": ""normal""}"
2026-01-20 16:03:53,normal,"{""action"": ""normal"", ""speed_limit"": 60, ""reason"": ""normal""}"
2026-01-20 16:03:53,control_received,"{""action"": ""normal"", ""speed_limit"": 60, ""reason"": ""normal""}"
2026-01-20 16:03:53,control_received,"{""action"": ""normal"", ""speed_limit"": 60, ""reason"": ""normal""}"
2026-01-20 16:03:58,priority_mode,"{""action"": ""priority_mode"", ""signal"": ""green"", ""speed_limit"": 30, ""reason"": ""emergency""}"
2026-01-20 16:03:58,control_received,"{""action"": ""priority_mode"", ""signal"": ""green"", ""speed_limit"": 30, ""reason"": ""emergency""}"
2026-01-20 16:04:03,normal,"{""action"": ""normal"", ""speed_limit"": 60, ""reason"": ""normal""}"
2026-01-20 16:04:03,control_received,"{""action"": ""normal"", ""speed_limit"": 60, ""reason"": ""normal""}"
2026-01-20 16:04:03,control_received,"{""action"": ""normal"", ""speed_limit"": 60, ""reason"": ""normal""}"
2026-01-20 16:04:08,reduce_speed,"{""action"": ""reduce_speed"", ""speed_limit"": 50, ""reason"": ""moderate_congestion""}"
2026-01-20 16:04:08,control_received,"{""action"": ""reduce_speed"", ""speed_limit"": 50, ""reason"": ""moderate_congestion""}"
2026-01-20 16:04:08,control_received,"{""action"": ""reduce_speed"", ""speed_limit"": 50, ""reason"": ""moderate_congestion""}"
2026-01-20 16:04:13,normal,"{""action"": ""normal"", ""speed_limit"": 60, ""reason"": ""normal""}"
2026-01-20 16:04:13,control_received,"{""action"": ""normal"", ""speed_limit"": 60, ""reason"": ""normal""}"
2026-01-20 16:04:13,control_received,"{""action"": ""normal"", ""speed_limit"": 60, ""reason"": ""normal""}"
2026-01-20 16:04:18,normal,"{""action"": ""normal"", ""speed_limit"": 60, ""reason"": ""normal""}"
2026-01-20 16:04:18,control_received,"{""action"": ""normal"", ""speed_limit"": 60, ""reason"": ""normal""}"
2026-01-20 16:04:18,control_received,"{""action"": ""normal"", ""speed_limit"": 60, ""reason"": ""normal""}"
2026-01-20 16:04:23,normal,"{""action"": ""normal"", ""speed_limit"": 60, ""reason"": ""normal""}"
2026-01-20 16:04:23,control_received,"{""action"": ""normal"", ""speed_limit"": 60, ""reason"": ""normal""}"
2026-01-20 16:04:23,control_received,"{""action"": ""normal"", ""speed_limit"": 60, ""reason"": ""normal""}"
2026-01-20 16:04:28,normal,"{""action"": ""normal"", ""speed_limit"": 60, ""reason"": ""normal""}"
2026-01-20 16:04:28,control_received,"{""action"": ""normal"", ""speed_limit"": 60, ""reason"": ""normal""}"
2026-01-20 16:04:28,control_received,"{""action"": ""normal"", ""speed_limit"": 60, ""reason"": ""normal""}"
2026-01-20 16:04:33,normal,"{""action"": ""normal"", ""speed_limit"": 60, ""reason"": ""normal""}"
2026-01-20 16:04:33,control_received,"{""action"": ""normal"", ""speed_limit"": 60, ""reason"": ""normal""}"
2026-01-20 16:04:33,control_received,"{""action"": ""normal"", ""speed_limit"": 60, ""reason"": ""normal""}"
2026-01-20 16:04:38,normal,"{""action"": ""normal"", ""speed_limit"": 60, ""reason"": ""normal""}"
2026-01-20 16:04:38,control_received,"{""action"": ""normal"", ""speed_limit"": 60, ""reason"": ""normal""}"
2026-01-20 16:04:38,control_received,"{""action"": ""normal"", ""speed_limit"": 60, ""reason"": ""normal""}"
2026-01-20 16:04:43,normal,"{""action"": ""normal"", ""speed_limit"": 60, ""reason"": ""normal""}"
2026-01-20 16:04:43,control_received,"{""action"": ""normal"", ""speed_limit"": 60, ""reason"": ""normal""}"
2026-01-20 16:04:48,normal,"{""action"": ""normal"", ""speed_limit"": 60, ""reason"": ""normal""}"
2026-01-20 16:04:48,control_received,"{""action"": ""normal"", ""speed_limit"": 60, ""reason"": ""normal""}"
2026-01-20 16:04:53,priority_mode,"{""action"": ""priority_mode"", ""signal"": ""green"", ""speed_limit"": 30, ""reason"": ""emergency""}"
2026-01-20 16:04:53,control_received,"{""action"": ""priority_mode"", ""signal"": ""green"", ""speed_limit"": 30, ""reason"": ""emergency""}"
2026-01-20 16:04:53,control_received,"{""action"": ""priority_mode"", ""signal"": ""green"", ""speed_limit"": 30, ""reason"": ""emergency""}"
2026-01-20 16:04:58,priority_mode,"{""action"": ""priority_mode"", ""signal"": ""green"", ""speed_limit"": 30, ""reason"": ""emergency""}"
2026-01-20 16:04:58,control_received,"{""action"": ""priority_mode"", ""signal"": ""green"", ""speed_limit"": 30, ""reason"": ""emergency""}"
2026-01-20 16:05:03,normal,"{""action"": ""normal"", ""speed_limit"": 60, ""reason"": ""normal""}"
2026-01-20 16:05:03,control_received,"{""action"": ""normal"", ""speed_limit"": 60, ""reason"": ""normal""}"
2026-01-20 16:05:03,control_received,"{""action"": ""normal"", ""speed_limit"": 60, ""reason"": ""normal""}"
2026-01-20 16:05:08,priority_mode,"{""action"": ""priority_mode"", ""signal"": ""green"", ""speed_limit"": 30, ""reason"": ""emergency""}"
2026-01-20 16:05:08,control_received,"{""action"": ""priority_mode"", ""signal"": ""green"", ""speed_limit"": 30, ""reason"": ""emergency""}"
2026-01-20 16:05:08,control_received,"{""action"": ""priority_mode"", ""signal"": ""green"", ""speed_limit"": 30, ""reason"": ""emergency""}"
2026-01-20 16:05:13,priority_mode,"{""action"": ""priority_mode"", ""signal"": ""green"", ""speed_limit"": 30, ""reason"": ""emergency""}"
2026-01-20 16:05:13,control_received,"{""action"": ""priority_mode"", ""signal"": ""green"", ""speed_limit"": 30, ""reason"": ""emergency""}"
2026-01-20 16:05:13,control_received,"{""action"": ""priority_mode"", ""signal"": ""green"", ""speed_limit"": 30, ""reason"": ""emergency""}"
2026-01-20 16:05:18,priority_mode,"{""action"": ""priority_mode"", ""signal"": ""green"", ""speed_limit"": 30, ""reason"": ""emergency""}"
2026-01-20 16:05:18,control_received,"{""action"": ""priority_mode"", ""signal"": ""green"", ""speed_limit"": 30, ""reason"": ""emergency""}"
2026-01-20 16:05:23,priority_mode,"{""action"": ""priority_mode"", ""signal"": ""green"", ""speed_limit"": 30, ""reason"": ""emergency""}"
2026-01-20 16:05:23,control_received,"{""action"": ""priority_mode"", ""signal"": ""green"", ""speed_limit"": 30, ""reason"": ""emergency""}"
2026-01-20 16:05:23,control_received,"{""action"": ""priority_mode"", ""signal"": ""green"", ""speed_limit"": 30, ""reason"": ""emergency""}"
2026-01-20 16:05:28,priority_mode,"{""action"": ""priority_mode"", ""signal"": ""green"", ""speed_limit"": 30, ""reason"": ""emergency""}"
2026-01-20 16:05:28,control_received,"{""action"": ""priority_mode"", ""signal"": ""green"", ""speed_limit"": 30, ""reason"": ""emergency""}"
2026-01-20 16:05:28,control_received,"{""action"": ""priority_mode"", ""signal"": ""green"", ""speed_limit"": 30, ""reason"": ""emergency""}"
2026-01-20 16:05:33,priority_mode,"{""action"": ""priority_mode"", ""signal"": ""green"", ""speed_limit"": 30, ""reason"": ""emergency""}"
2026-01-20 16:05:33,control_received,"{""action"": ""priority_mode"", ""signal"": ""green"", ""speed_limit"": 30, ""reason"": ""emergency""}"
2026-01-20 16:05:33,control_received,"{""action"": ""priority_mode"", ""signal"": ""green"", ""speed_limit"": 30, ""reason"": ""emergency""}"
2026-01-20 16:05:38,priority_mode,"{""action"": ""priority_mode"", ""signal"": ""green"", ""speed_limit"": 30, ""reason"": ""emergency""}"
2026-01-20 16:05:38,control_received,"{""action"": ""priority_mode"", ""signal"": ""green"", ""speed_limit"": 30, ""reason"": ""emergency""}"
2026-01-20 16:05:38,control_received,"{""action"": ""priority_mode"", ""signal"": ""green"", ""speed_limit"": 30, ""reason"": ""emergency""}"
2026-01-20 16:05:43,normal,"{""action"": ""normal"", ""speed_limit"": 60, ""reason"": ""normal""}"
2026-01-20 16:05:43,control_received,"{""action"": ""normal"", ""speed_limit"": 60, ""reason"": ""normal""}"
2026-01-20 16:05:43,control_received,"{""action"": ""normal"", ""speed_limit"": 60, ""reason"": ""normal""}"
2026-01-20 16:05:48,normal,"{""action"": ""normal"", ""speed_limit"": 60, ""reason"": ""normal""}"
2026-01-20 16:05:48,control_received,"{""action"": ""normal"", ""speed_limit"": 60, ""reason"": ""normal""}"
2026-01-20 16:05:48,control_received,"{""action"": ""normal"", ""speed_limit"": 60, ""reason"": ""normal""}"
2026-01-20 16:05:53,normal,"{""action"": ""normal"", ""speed_limit"": 60, ""reason"": ""normal""}"
2026-01-20 16:05:53,control_received,"{""action"": ""normal"", ""speed_limit"": 60, ""reason"": ""normal""}"
2026-01-20 16:05:58,normal,"{""action"": ""normal"", ""speed_limit"": 60, ""reason"": ""normal""}"
2026-01-20 16:05:58,control_received,"{""action"": ""normal"", ""speed_limit"": 60, ""reason"": ""normal""}"
2026-01-20 16:06:03,reduce_speed,"{""action"": ""reduce_speed"", ""speed_limit"": 50, ""reason"": ""moderate_congestion""}"
2026-01-20 16:06:03,control_received,"{""action"": ""reduce_speed"", ""speed_limit"": 50, ""reason"": ""moderate_congestion""}"
2026-01-20 16:06:03,control_received,"{""action"": ""reduce_speed"", ""speed_limit"": 50, ""reason"": ""moderate_congestion""}"
2026-01-20 16:06:08,normal,"{""action"": ""normal"", ""speed_limit"": 60, ""reason"": ""normal""}"
2026-01-20 16:06:08,control_received,"{""action"": ""normal"", ""speed_limit"": 60, ""reason"": ""normal""}"
2026-01-20 16:06:08,control_received,"{""action"": ""normal"", ""speed_limit"": 60, ""reason"": ""normal""}"
2026-01-20 16:06:13,normal,"{""action"": ""normal"", ""speed_limit"": 60, ""reason"": ""normal""}"
2026-01-20 16:06:13,control_received,"{""action"": ""normal"", ""speed_limit"": 60, ""reason"": ""normal""}"
2026-01-20 16:06:13,control_received,"{""action"": ""normal"", ""speed_limit"": 60, ""reason"": ""normal""}"
2026-01-20 16:06:18,priority_mode,"{""action"": ""priority_mode"", ""signal"": ""green"", ""speed_limit"": 30, ""reason"": ""emergency""}"
2026-01-20 16:06:18,control_received,"{""action"": ""priority_mode"", ""signal"": ""green"", ""speed_limit"": 30, ""reason"": ""emergency""}"
2026-01-20 16:06:23,normal,"{""action"": ""normal"", ""speed_limit"": 60, ""reason"": ""normal""}"
2026-01-20 16:06:23,control_received,"{""action"": ""normal"", ""speed_limit"": 60, ""reason"": ""normal""}"
2026-01-20 16:06:23,control_received,"{""action"": ""normal"", ""speed_limit"": 60, ""reason"": ""normal""}"
2026-01-20 16:06:28,priority_mode,"{""action"": ""priority_mode"", ""signal"": ""green"", ""speed_limit"": 30, ""reason"": ""emergency""}"
2026-01-20 16:06:28,control_received,"{""action"": ""priority_mode"", ""signal"": ""green"", ""speed_limit"": 30, ""reason"": ""emergency""}"
2026-01-20 16:06:28,control_received,"{""action"": ""priority_mode"", ""signal"": ""green"", ""speed_limit"": 30, ""reason"": ""emergency""}"
2026-01-20 16:06:33,priority_mode,"{""action"": ""priority_mode"", ""signal"": ""green"", ""speed_limit"": 30, ""reason"": ""emergency""}"
2026-01-20 16:06:33,control_received,"{""action"": ""priority_mode"", ""signal"": ""green"", ""speed_limit"": 30, ""reason"": ""emergency""}"
2026-01-20 16:06:33,control_received,"{""action"": ""priority_mode"", ""signal"": ""green"", ""speed_limit"": 30, ""reason"": ""emergency""}"
2026-01-20 16:06:38,normal,"{""action"": ""normal"", ""speed_limit"": 60, ""reason"": ""normal""}"
2026-01-20 16:06:38,control_received,"{""action"": ""normal"", ""speed_limit"": 60, ""reason"": ""normal""}"
2026-01-20 16:06:38,control_received,"{""action"": ""normal"", ""speed_limit"": 60, ""reason"": ""normal""}"
2026-01-20 16:06:43,normal,"{""action"": ""normal"", ""speed_limit"": 60, ""reason"": ""normal""}"
2026-01-20 16:06:43,control_received,"{""action"": ""normal"", ""speed_limit"": 60, ""reason"": ""normal""}"
2026-01-20 16:06:48,reduce_speed,"{""action"": ""reduce_speed"", ""speed_limit"": 50, ""reason"": ""moderate_congestion""}"
2026-01-20 16:06:48,control_received,"{""action"": ""reduce_speed"", ""speed_limit"": 50, ""reason"": ""moderate_congestion""}"
2026-01-20 16:06:53,priority_mode,"{""action"": ""priority_mode"", ""signal"": ""green"", ""speed_limit"": 30, ""reason"": ""emergency""}"
2026-01-20 16:06:53,control_received,"{""action"": ""priority_mode"", ""signal"": ""green"", ""speed_limit"": 30, ""reason"": ""emergency""}"
2026-01-20 16:06:53,control_received,"{""action"": ""priority_mode"", ""signal"": ""green"", ""speed_limit"": 30, ""reason"": ""emergency""}"
2026-01-20 16:06:58,priority_mode,"{""action"": ""priority_mode"", ""signal"": ""green"", ""speed_limit"": 30, ""reason"": ""emergency""}"
2026-01-20 16:06:58,control_received,"{""action"": ""priority_mode"", ""signal"": ""green"", ""speed_limit"": 30, ""reason"": ""emergency""}"
2026-01-20 16:07:03,normal,"{""action"": ""normal"", ""speed_limit"": 60, ""reason"": ""normal""}"
2026-01-20 16:07:03,control_received,"{""action"": ""normal"", ""speed_limit"": 60, ""reason"": ""normal""}"
2026-01-20 16:07:08,priority_mode,"{""action"": ""priority_mode"", ""signal"": ""green"", ""speed_limit"": 30, ""reason"": ""emergency""}"
2026-01-20 16:07:08,control_received,"{""action"": ""priority_mode"", ""signal"": ""green"", ""speed_limit"": 30, ""reason"": ""emergency""}"
2026-01-20 16:07:13,normal,"{""action"": ""normal"", ""speed_limit"": 60, ""reason"": ""normal""}"
2026-01-20 16:07:13,control_received,"{""action"": ""normal"", ""speed_limit"": 60, ""reason"": ""normal""}"
2026-01-20 16:07:13,control_received,"{""action"": ""normal"", ""speed_limit"": 60, ""reason"": ""normal""}"
2026-01-20 16:07:18,priority_mode,"{""action"": ""priority_mode"", ""signal"": ""green"", ""speed_limit"": 30, ""reason"": ""emergency""}"
2026-01-20 16:07:18,control_received,"{""action"": ""priority_mode"", ""signal"": ""green"", ""speed_limit"": 30, ""reason"": ""emergency""}"
2026-01-20 16:07:18,control_received,"{""action"": ""priority_mode"", ""signal"": ""green"", ""speed_limit"": 30, ""reason"": ""emergency""}"
2026-01-20 16:07:23,reduce_speed,"{""action"": ""reduce_speed"", ""speed_limit"": 50, ""reason"": ""moderate_congestion""}"
2026-01-20 16:07:23,control_received,"{""action"": ""reduce_speed"", ""speed_limit"": 50, ""reason"": ""moderate_congestion""}"
2026-01-20 16:07:28,normal,"{""action"": ""normal"", ""speed_limit"": 60, ""reason"": ""normal""}"
2026-01-20 16:07:28,control_received,"{""action"": ""normal"", ""speed_limit"": 60, ""reason"": ""normal""}"
2026-01-20 16:07:28,control_received,"{""action"": ""normal"", ""speed_limit"": 60, ""reason"": ""normal""}"
2026-01-20 16:07:33,normal,"{""action"": ""normal"", ""speed_limit"": 60, ""reason"": ""normal""}"
2026-01-20 16:07:33,control_received,"{""action"": ""normal"", ""speed_limit"": 60, ""reason"": ""normal""}"
2026-01-20 16:07:33,control_received,"{""action"": ""normal"", ""speed_limit"": 60, ""reason"": ""normal""}"
2026-01-20 16:07:38,normal,"{""action"": ""normal"", ""speed_limit"": 60, ""reason"": ""normal""}"
2026-01-20 16:07:38,control_received,"{""action"": ""normal"", ""speed_limit"": 60, ""reason"": ""normal""}"
2026-01-20 16:07:38,control_received,"{""action"": ""normal"", ""speed_limit"": 60, ""reason"": ""normal""}"
2026-01-20 16:07:43,priority_mode,"{""action"": ""priority_mode"", ""signal"": ""green"", ""speed_limit"": 30, ""reason"": ""emergency""}"
2026-01-20 16:07:43,control_received,"{""action"": ""priority_mode"", ""signal"": ""green"", ""speed_limit"": 30, ""reason"": ""emergency""}"
2026-01-20 16:07:48,priority_mode,"{""action"": ""priority_mode"", ""signal"": ""green"", ""speed_limit"": 30, ""reason"": ""emergency""}"
2026-01-20 16:07:48,control_received,"{""action"": ""priority_mode"", ""signal"": ""green"", ""speed_limit"": 30, ""reason"": ""emergency""}"
2026-01-20 16:07:53,priority_mode,"{""action"": ""priority_mode"", ""signal"": ""green"", ""speed_limit"": 30, ""reason"": ""emergency""}"
2026-01-20 16:07:53,control_received,"{""action"": ""priority_mode"", ""signal"": ""green"", ""speed_limit"": 30, ""reason"": ""emergency""}"
2026-01-20 16:07:53,control_received,"{""action"": ""priority_mode"", ""signal"": ""green"", ""speed_limit"": 30, ""reason"": ""emergency""}"
2026-01-20 16:07:58,priority_mode,"{""action"": ""priority_mode"", ""signal"": ""green"", ""speed_limit"": 30, ""reason"": ""emergency""}"
2026-01-20 16:07:58,control_received,"{""action"": ""priority_mode"", ""signal"": ""green"", ""speed_limit"": 30, ""reason"": ""emergency""}"
2026-01-20 16:07:58,control_received,"{""action"": ""priority_mode"", ""signal"": ""green"", ""speed_limit"": 30, ""reason"": ""emergency""}"
2026-01-20 16:08:03,priority_mode,"{""action"": ""priority_mode"", ""signal"": ""green"", ""speed_limit"": 30, ""reason"": ""emergency""}"
2026-01-20 16:08:03,control_received,"{""action"": ""priority_mode"", ""signal"": ""green"", ""speed_limit"": 30, ""reason"": ""emergency""}"
2026-01-20 16:08:03,control_received,"{""action"": ""priority_mode"", ""signal"": ""green"", ""speed_limit"": 30, ""reason"": ""emergency""}"
2026-01-20 16:08:08,normal,"{""action"": ""normal"", ""speed_limit"": 60, ""reason"": ""normal""}"
2026-01-20 16:08:08,control_received,"{""action"": ""normal"", ""speed_limit"": 60, ""reason"": ""normal""}"
2026-01-20 16:08:13,reduce_speed,"{""action"": ""reduce_speed"", ""speed_limit"": 50, ""reason"": ""moderate_congestion""}"
2026-01-20 16:08:13,control_received,"{""action"": ""reduce_speed"", ""speed_limit"": 50, ""reason"": ""moderate_congestion""}"
2026-01-20 16:08:18,reduce_speed,"{""action"": ""reduce_speed"", ""speed_limit"": 50, ""reason"": ""moderate_congestion""}"
2026-01-20 16:08:18,control_received,"{""action"": ""reduce_speed"", ""speed_limit"": 50, ""reason"": ""moderate_congestion""}"
2026-01-20 16:08:18,control_received,"{""action"": ""reduce_speed"", ""speed_limit"": 50, ""reason"": ""moderate_congestion""}"
2026-01-20 16:08:23,normal,"{""action"": ""normal"", ""speed_limit"": 60, ""reason"": ""normal""}"
2026-01-20 16:08:23,control_received,"{""action"": ""normal"", ""speed_limit"": 60, ""reason"": ""normal""}"
2026-01-20 16:08:23,control_received,"{""action"": ""normal"", ""speed_limit"": 60, ""reason"": ""normal""}"
2026-01-20 16:08:28,normal,"{""action"": ""normal"", ""speed_limit"": 60, ""reason"": ""normal""}"
2026-01-20 16:08:28,control_received,"{""action"": ""normal"", ""speed_limit"": 60, ""reason"": ""normal""}"
2026-01-20 16:08:28,control_received,"{""action"": ""normal"", ""speed_limit"": 60, ""reason"": ""normal""}"
2026-01-20 16:08:33,normal,"{""action"": ""normal"", ""speed_limit"": 60, ""reason"": ""normal""}"
2026-01-20 16:08:33,control_received,"{""action"": ""normal"", ""speed_limit"": 60, ""reason"": ""normal""}"
2026-01-20 16:08:33,control_received,"{""action"": ""normal"", ""speed_limit"": 60, ""reason"": ""normal""}"
2026-01-20 16:08:38,normal,"{""action"": ""normal"", ""speed_limit"": 60, ""reason"": ""normal""}"
2026-01-20 16:08:38,control_received,"{""action"": ""normal"", ""speed_limit"": 60, ""reason"": ""normal""}"
2026-01-20 16:08:38,control_received,"{""action"": ""normal"", ""speed_limit"": 60, ""reason"": ""normal""}"
2026-01-20 16:08:43,priority_mode,"{""action"": ""priority_mode"", ""signal"": ""green"", ""speed_limit"": 30, ""reason"": ""emergency""}"
2026-01-20 16:08:43,control_received,"{""action"": ""priority_mode"", ""signal"": ""green"", ""speed_limit"": 30, ""reason"": ""emergency""}"
2026-01-20 16:08:48,reduce_speed,"{""action"": ""reduce_speed"", ""speed_limit"": 50, ""reason"": ""moderate_congestion""}"
2026-01-20 16:08:48,control_received,"{""action"": ""reduce_speed"", ""speed_limit"": 50, ""reason"": ""moderate_congestion""}"
2026-01-20 16:08:48,control_received,"{""action"": ""reduce_speed"", ""speed_limit"": 50, ""reason"": ""moderate_congestion""}"
2026-01-20 16:08:53,normal,"{""action"": ""normal"", ""speed_limit"": 60, ""reason"": ""normal""}"
2026-01-20 16:08:53,control_received,"{""action"": ""normal"", ""speed_limit"": 60, ""reason"": ""normal""}"
2026-01-20 16:08:53,control_received,"{""action"": ""normal"", ""speed_limit"": 60, ""reason"": ""normal""}"
2026-01-20 16:08:58,reduce_speed,"{""action"": ""reduce_speed"", ""speed_limit"": 50, ""reason"": ""moderate_congestion""}"
2026-01-20 16:08:58,control_received,"{""action"": ""reduce_speed"", ""speed_limit"": 50, ""reason"": ""moderate_congestion""}"
2026-01-20 16:09:03,priority_mode,"{""action"": ""priority_mode"", ""signal"": ""green"", ""speed_limit"": 30, ""reason"": ""emergency""}"
2026-01-20 16:09:03,control_received,"{""action"": ""priority_mode"", ""signal"": ""green"", ""speed_limit"": 30, ""reason"": ""emergency""}"
2026-01-20 16:09:08,normal,"{""action"": ""normal"", ""speed_limit"": 60, ""reason"": ""normal""}"
2026-01-20 16:09:08,control_received,"{""action"": ""normal"", ""speed_limit"": 60, ""reason"": ""normal""}"
2026-01-20 16:09:13,priority_mode,"{""action"": ""priority_mode"", ""signal"": ""green"", ""speed_limit"": 30, ""reason"": ""emergency""}"
2026-01-20 16:09:13,control_received,"{""action"": ""priority_mode"", ""signal"": ""green"", ""speed_limit"": 30, ""reason"": ""emergency""}"
2026-01-20 16:09:13,control_received,"{""action"": ""priority_mode"", ""signal"": ""green"", ""speed_limit"": 30, ""reason"": ""emergency""}"
2026-01-20 16:09:18,reduce_speed,"{""action"": ""reduce_speed"", ""speed_limit"": 50, ""reason"": ""moderate_congestion""}"
2026-01-20 16:09:18,control_received,"{""action"": ""reduce_speed"", ""speed_limit"": 50, ""reason"": ""moderate_congestion""}"
2026-01-20 16:09:23,priority_mode,"{""action"": ""priority_mode"", ""signal"": ""green"", ""speed_limit"": 30, ""reason"": ""emergency""}"
2026-01-20 16:09:23,control_received,"{""action"": ""priority_mode"", ""signal"": ""green"", ""speed_limit"": 30, ""reason"": ""emergency""}"
2026-01-20 16:09:23,control_received,"{""action"": ""priority_mode"", ""signal"": ""green"", ""speed_limit"": 30, ""reason"": ""emergency""}"
2026-01-20 16:09:28,priority_mode,"{""action"": ""priority_mode"", ""signal"": ""green"", ""speed_limit"": 30, ""reason"": ""emergency""}"
2026-01-20 16:09:28,control_received,"{""action"": ""priority_mode"", ""signal"": ""green"", ""speed_limit"": 30, ""reason"": ""emergency""}"
2026-01-20 16:09:33,reduce_speed,"{""action"": ""reduce_speed"", ""speed_limit"": 50, ""reason"": ""moderate_congestion""}"
2026-01-20 16:09:33,control_received,"{""action"": ""reduce_speed"", ""speed_limit"": 50, ""reason"": ""moderate_congestion""}"
2026-01-20 16:09:38,reduce_speed,"{""action"": ""reduce_speed"", ""speed_limit"": 50, ""reason"": ""moderate_congestion""}"
2026-01-20 16:09:38,control_received,"{""action"": ""reduce_speed"", ""speed_limit"": 50, ""reason"": ""moderate_congestion""}"
2026-01-20 16:09:38,control_received,"{""action"": ""reduce_speed"", ""speed_limit"": 50, ""reason"": ""moderate_congestion""}"
2026-01-20 16:09:43,normal,"{""action"": ""normal"", ""speed_limit"": 60, ""reason"": ""normal""}"
2026-01-20 16:09:43,control_received,"{""action"": ""normal"", ""speed_limit"": 60, ""reason"": ""normal""}"
2026-01-20 16:09:48,normal,"{""action"": ""normal"", ""speed_limit"": 60, ""reason"": ""normal""}"
2026-01-20 16:09:48,control_received,"{""action"": ""normal"", ""speed_limit"": 60, ""reason"": ""normal""}"
2026-01-20 16:09:48,control_received,"{""action"": ""normal"", ""speed_limit"": 60, ""reason"": ""normal""}"
2026-01-20 16:09:53,normal,"{""action"": ""normal"", ""speed_limit"": 60, ""reason"": ""normal""}"
2026-01-20 16:09:53,control_received,"{""action"": ""normal"", ""speed_limit"": 60, ""reason"": ""normal""}"
2026-01-20 16:09:58,priority_mode,"{""action"": ""priority_mode"", ""signal"": ""green"", ""speed_limit"": 30, ""reason"": ""emergency""}"
2026-01-20 16:09:58,control_received,"{""action"": ""priority_mode"", ""signal"": ""green"", ""speed_limit"": 30, ""reason"": ""emergency""}"
2026-01-20 16:09:58,control_received,"{""action"": ""priority_mode"", ""signal"": ""green"", ""speed_limit"": 30, ""reason"": ""emergency""}"
2026-01-20 16:10:03,normal,"{""action"": ""normal"", ""speed_limit"": 60, ""reason"": ""normal""}"
2026-01-20 16:10:03,control_received,"{""action"": ""normal"", ""speed_limit"": 60, ""reason"": ""normal""}"
2026-01-20 16:10:03,control_received,"{""action"": ""normal"", ""speed_limit"": 60, ""reason"": ""normal""}"
2026-01-20 16:10:08,normal,"{""action"": ""normal"", ""speed_limit"": 60, ""reason"": ""normal""}"
2026-01-20 16:10:08,control_received,"{""action"": ""normal"", ""speed_limit"": 60, ""reason"": ""normal""}"
2026-01-20 16:10:13,normal,"{""action"": ""normal"", ""speed_limit"": 60, ""reason"": ""normal""}"
2026-01-20 16:10:13,control_received,"{""action"": ""normal"", ""speed_limit"": 60, ""reason"": ""normal""}"
2026-01-20 16:10:13,control_received,"{""action"": ""normal"", ""speed_limit"": 60, ""reason"": ""normal""}"
2026-01-20 16:10:18,normal,"{""action"": ""normal"", ""speed_limit"": 60, ""reason"": ""normal""}"
2026-01-20 16:10:18,control_received,"{""action"": ""normal"", ""speed_limit"": 60, ""reason"": ""normal""}"
2026-01-20 16:10:18,control_received,"{""action"": ""normal"", ""speed_limit"": 60, ""reason"": ""normal""}"
2026-01-20 16:10:23,normal,"{""action"": ""normal"", ""speed_limit"": 60, ""reason"": ""normal""}"
2026-01-20 16:10:23,control_received,"{""action"": ""normal"", ""speed_limit"": 60, ""reason"": ""normal""}"
2026-01-20 16:10:23,control_received,"{""action"": ""normal"", ""speed_limit"": 60, ""reason"": ""normal""}"
2026-01-20 16:10:28,normal,"{""action"": ""normal"", ""speed_limit"": 60, ""reason"": ""normal""}"
2026-01-20 16:10:28,control_received,"{""action"": ""normal"", ""speed_limit"": 60, ""reason"": ""normal""}"
2026-01-20 16:10:33,normal,"{""action"": ""normal"", ""speed_limit"": 60, ""reason"": ""normal""}"
2026-01-20 16:10:33,control_received,"{""action"": ""normal"", ""speed_limit"": 60, ""reason"": ""normal""}"
2026-01-20 16:10:33,control_received,"{""action"": ""normal"", ""speed_limit"": 60, ""reason"": ""normal""}"
2026-01-20 16:10:38,priority_mode,"{""action"": ""priority_mode"", ""signal"": ""green"", ""speed_limit"": 30, ""reason"": ""emergency""}"
2026-01-20 16:10:38,control_received,"{""action"": ""priority_mode"", ""signal"": ""green"", ""speed_limit"": 30, ""reason"": ""emergency""}"
2026-01-20 16:10:38,control_received,"{""action"": ""priority_mode"", ""signal"": ""green"", ""speed_limit"": 30, ""reason"": ""emergency""}"
2026-01-20 16:10:43,priority_mode,"{""action"": ""priority_mode"", ""signal"": ""green"", ""speed_limit"": 30, ""reason"": ""emergency""}"
2026-01-20 16:10:43,control_received,"{""action"": ""priority_mode"", ""signal"": ""green"", ""speed_limit"": 30, ""reason"": ""emergency""}"
2026-01-20 16:10:43,control_received,"{""action"": ""priority_mode"", ""signal"": ""green"", ""speed_limit"": 30, ""reason"": ""emergency""}"
2026-01-20 16:10:48,normal,"{""action"": ""normal"", ""speed_limit"": 60, ""reason"": ""normal""}"
2026-01-20 16:10:48,control_received,"{""action"": ""normal"", ""speed_limit"": 60, ""reason"": ""normal""}"
2026-01-20 16:10:53,normal,"{""action"": ""normal"", ""speed_limit"": 60, ""reason"": ""normal""}"
2026-01-20 16:10:53,control_received,"{""action"": ""normal"", ""speed_limit"": 60, ""reason"": ""normal""}"
2026-01-20 16:10:53,control_received,"{""action"": ""normal"", ""speed_limit"": 60, ""reason"": ""normal""}"
2026-01-20 16:10:58,normal,"{""action"": ""normal"", ""speed_limit"": 60, ""reason"": ""normal""}"
2026-01-20 16:10:58,control_received,"{""action"": ""normal"", ""speed_limit"": 60, ""reason"": ""normal""}"
2026-01-20 16:10:58,control_received,"{""action"": ""normal"", ""speed_limit"": 60, ""reason"": ""normal""}"
2026-01-20 16:11:03,normal,"{""action"": ""normal"", ""speed_limit"": 60, ""reason"": ""normal""}"
2026-01-20 16:11:03,control_received,"{""action"": ""normal"", ""speed_limit"": 60, ""reason"": ""normal""}"
2026-01-20 16:11:08,normal,"{""action"": ""normal"", ""speed_limit"": 60, ""reason"": ""normal""}"
2026-01-20 16:11:08,control_received,"{""action"": ""normal"", ""speed_limit"": 60, ""reason"": ""normal""}"
2026-01-20 16:11:13,normal,"{""action"": ""normal"", ""speed_limit"": 60, ""reason"": ""normal""}"
2026-01-20 16:11:13,control_received,"{""action"": ""normal"", ""speed_limit"": 60, ""reason"": ""normal""}"
2026-01-20 16:11:13,control_received,"{""action"": ""normal"", ""speed_limit"": 60, ""reason"": ""normal""}"
2026-01-20 16:11:18,priority_mode,"{""action"": ""priority_mode"", ""signal"": ""green"", ""speed_limit"": 30, ""reason"": ""emergency""}"
2026-01-20 16:11:18,control_received,"{""action"": ""priority_mode"", ""signal"": ""green"", ""speed_limit"": 30, ""reason"": ""emergency""}"
2026-01-20 16:11:23,priority_mode,"{""action"": ""priority_mode"", ""signal"": ""green"", ""speed_limit"": 30, ""reason"": ""emergency""}"
2026-01-20 16:11:23,control_received,"{""action"": ""priority_mode"", ""signal"": ""green"", ""speed_limit"": 30, ""reason"": ""emergency""}"
2026-01-20 16:11:23,control_received,"{""action"": ""priority_mode"", ""signal"": ""green"", ""speed_limit"": 30, ""reason"": ""emergency""}"
2026-01-20 16:11:28,normal,"{""action"": ""normal"", ""speed_limit"": 60, ""reason"": ""normal""}"
2026-01-20 16:11:28,control_received,"{""action"": ""normal"", ""speed_limit"": 60, ""reason"": ""normal""}"
2026-01-20 16:11:28,control_received,"{""action"": ""normal"", ""speed_limit"": 60, ""reason"": ""normal""}"
2026-01-20 16:11:33,normal,"{""action"": ""normal"", ""speed_limit"": 60, ""reason"": ""normal""}"
2026-01-20 16:11:33,control_received,"{""action"": ""normal"", ""speed_limit"": 60, ""reason"": ""normal""}"
2026-01-20 16:11:33,control_received,"{""action"": ""normal"", ""speed_limit"": 60, ""reason"": ""normal""}"
2026-01-20 16:11:38,normal,"{""action"": ""normal"", ""speed_limit"": 60, ""reason"": ""normal""}"
2026-01-20 16:11:38,control_received,"{""action"": ""normal"", ""speed_limit"": 60, ""reason"": ""normal""}"
2026-01-20 16:11:38,control_received,"{""action"": ""normal"", ""speed_limit"": 60, ""reason"": ""normal""}"
2026-01-20 16:11:43,normal,"{""action"": ""normal"", ""speed_limit"": 60, ""reason"": ""normal""}"
2026-01-20 16:11:43,control_received,"{""action"": ""normal"", ""speed_limit"": 60, ""reason"": ""normal""}"
2026-01-20 16:11:48,priority_mode,"{""action"": ""priority_mode"", ""signal"": ""green"", ""speed_limit"": 30, ""reason"": ""emergency""}"
2026-01-20 16:11:48,control_received,"{""action"": ""priority_mode"", ""signal"": ""green"", ""speed_limit"": 30, ""reason"": ""emergency""}"
2026-01-20 16:11:48,control_received,"{""action"": ""priority_mode"", ""signal"": ""green"", ""speed_limit"": 30, ""reason"": ""emergency""}"
2026-01-20 16:11:53,normal,"{""action"": ""normal"", ""speed_limit"": 60, ""reason"": ""normal""}"
2026-01-20 16:11:53,control_received,"{""action"": ""normal"", ""speed_limit"": 60, ""reason"": ""normal""}"
2026-01-20 16:11:53,control_received,"{""action"": ""normal"", ""speed_limit"": 60, ""reason"": ""normal""}"
2026-01-20 16:11:58,normal,"{""action"": ""normal"", ""speed_limit"": 60, ""reason"": ""normal""}"
2026-01-20 16:11:58,control_received,"{""action"": ""normal"", ""speed_limit"": 60, ""reason"": ""normal""}"
2026-01-20 16:11:58,control_received,"{""action"": ""normal"", ""speed_limit"": 60, ""reason"": ""normal""}"
2026-01-20 16:12:03,priority_mode,"{""action"": ""priority_mode"", ""signal"": ""green"", ""speed_limit"": 30, ""reason"": ""emergency""}"
2026-01-20 16:12:03,control_received,"{""action"": ""priority_mode"", ""signal"": ""green"", ""speed_limit"": 30, ""reason"": ""emergency""}"
2026-01-20 16:12:03,control_received,"{""action"": ""priority_mode"", ""signal"": ""green"", ""speed_limit"": 30, ""reason"": ""emergency""}"
2026-01-20 16:12:08,priority_mode,"{""action"": ""priority_mode"", ""signal"": ""green"", ""speed_limit"": 30, ""reason"": ""emergency""}"
2026-01-20 16:12:08,control_received,"{""action"": ""priority_mode"", ""signal"": ""green"", ""speed_limit"": 30, ""reason"": ""emergency""}"
2026-01-20 16:12:08,control_received,"{""action"": ""priority_mode"", ""signal"": ""green"", ""speed_limit"": 30, ""reason"": ""emergency""}"
2026-01-20 16:12:13,normal,"{""action"": ""normal"", ""speed_limit"": 60, ""reason"": ""normal""}"
2026-01-20 16:12:13,control_received,"{""action"": ""normal"", ""speed_limit"": 60, ""reason"": ""normal""}"
2026-01-20 16:12:18,priority_mode,"{""action"": ""priority_mode"", ""signal"": ""green"", ""speed_limit"": 30, ""reason"": ""emergency""}"
2026-01-20 16:12:18,control_received,"{""action"": ""priority_mode"", ""signal"": ""green"", ""speed_limit"": 30, ""reason"": ""emergency""}"
2026-01-20 16:12:18,control_received,"{""action"": ""priority_mode"", ""signal"": ""green"", ""speed_limit"": 30, ""reason"": ""emergency""}"
2026-01-20 16:12:23,normal,"{""action"": ""normal"", ""speed_limit"": 60, ""reason"": ""normal""}"
2026-01-20 16:12:23,control_received,"{""action"": ""normal"", ""speed_limit"": 60, ""reason"": ""normal""}"
2026-01-20 16:12:28,priority_mode,"{""action"": ""priority_mode"", ""signal"": ""green"", ""speed_limit"": 30, ""reason"": ""emergency""}"
2026-01-20 16:12:28,control_received,"{""action"": ""priority_mode"", ""signal"": ""green"", ""speed_limit"": 30, ""reason"": ""emergency""}"
2026-01-20 16:12:28,control_received,"{""action"": ""priority_mode"", ""signal"": ""green"", ""speed_limit"": 30, ""reason"": ""emergency""}"
2026-01-20 16:12:33,priority_mode,"{""action"": ""priority_mode"", ""signal"": ""green"", ""speed_limit"": 30, ""reason"": ""emergency""}"
2026-01-20 16:12:33,control_received,"{""action"": ""priority_mode"", ""signal"": ""green"", ""speed_limit"": 30, ""reason"": ""emergency""}"
2026-01-20 16:12:33,control_received,"{""action"": ""priority_mode"", ""signal"": ""green"", ""speed_limit"": 30, ""reason"": ""emergency""}"
2026-01-20 16:12:38,priority_mode,"{""action"": ""priority_mode"", ""signal"": ""green"", ""speed_limit"": 30, ""reason"": ""emergency""}"
2026-01-20 16:12:38,control_received,"{""action"": ""priority_mode"", ""signal"": ""green"", ""speed_limit"": 30, ""reason"": ""emergency""}"
2026-01-20 16:12:38,control_received,"{""action"": ""priority_mode"", ""signal"": ""green"", ""speed_limit"": 30, ""reason"": ""emergency""}"
2026-01-20 16:12:43,normal,"{""action"": ""normal"", ""speed_limit"": 60, ""reason"": ""normal""}"
2026-01-20 16:12:43,control_received,"{""action"": ""normal"", ""speed_limit"": 60, ""reason"": ""normal""}"
2026-01-20 16:12:48,priority_mode,"{""action"": ""priority_mode"", ""signal"": ""green"", ""speed_limit"": 30, ""reason"": ""emergency""}"
2026-01-20 16:12:48,control_received,"{""action"": ""priority_mode"", ""signal"": ""green"", ""speed_limit"": 30, ""reason"": ""emergency""}"
2026-01-20 16:12:48,control_received,"{""action"": ""priority_mode"", ""signal"": ""green"", ""speed_limit"": 30, ""reason"": ""emergency""}"
2026-01-20 16:12:53,normal,"{""action"": ""normal"", ""speed_limit"": 60, ""reason"": ""normal""}"
2026-01-20 16:12:53,control_received,"{""action"": ""normal"", ""speed_limit"": 60, ""reason"": ""normal""}"
2026-01-20 16:12:53,control_received,"{""action"": ""normal"", ""speed_limit"": 60, ""reason"": ""normal""}"
2026-01-20 16:12:58,normal,"{""action"": ""normal"", ""speed_limit"": 60, ""reason"": ""normal""}"
2026-01-20 16:12:58,control_received,"{""action"": ""normal"", ""speed_limit"": 60, ""reason"": ""normal""}"
2026-01-20 16:13:03,priority_mode,"{""action"": ""priority_mode"", ""signal"": ""green"", ""speed_limit"": 30, ""reason"": ""emergency""}"
2026-01-20 16:13:03,control_received,"{""action"": ""priority_mode"", ""signal"": ""green"", ""speed_limit"": 30, ""reason"": ""emergency""}"
2026-01-20 16:13:03,control_received,"{""action"": ""priority_mode"", ""signal"": ""green"", ""speed_limit"": 30, ""reason"": ""emergency""}"
2026-01-20 16:13:08,normal,"{""action"": ""normal"", ""speed_limit"": 60, ""reason"": ""normal""}"
2026-01-20 16:13:08,control_received,"{""action"": ""normal"", ""speed_limit"": 60, ""reason"": ""normal""}"
2026-01-20 16:13:08,control_received,"{""action"": ""normal"", ""speed_limit"": 60, ""reason"": ""normal""}"
2026-01-20 16:13:13,priority_mode,"{""action"": ""priority_mode"", ""signal"": ""green"", ""speed_limit"": 30, ""reason"": ""emergency""}"
2026-01-20 16:13:13,control_received,"{""action"": ""priority_mode"", ""signal"": ""green"", ""speed_limit"": 30, ""reason"": ""emergency""}"
2026-01-20 16:13:13,control_received,"{""action"": ""priority_mode"", ""signal"": ""green"", ""speed_limit"": 30, ""reason"": ""emergency""}"
2026-01-20 16:13:18,priority_mode,"{""action"": ""priority_mode"", ""signal"": ""green"", ""speed_limit"": 30, ""reason"": ""emergency""}"
2026-01-20 16:13:18,control_received,"{""action"": ""priority_mode"", ""signal"": ""green"", ""speed_limit"": 30, ""reason"": ""emergency""}"
2026-01-20 16:13:18,control_received,"{""action"": ""priority_mode"", ""signal"": ""green"", ""speed_limit"": 30, ""reason"": ""emergency""}"
2026-01-20 16:13:23,normal,"{""action"": ""normal"", ""speed_limit"": 60, ""reason"": ""normal""}"
2026-01-20 16:13:23,control_received,"{""action"": ""normal"", ""speed_limit"": 60, ""reason"": ""normal""}"
2026-01-20 16:13:23,control_received,"{""action"": ""normal"", ""speed_limit"": 60, ""reason"": ""normal""}"
2026-01-20 16:13:28,normal,"{""action"": ""normal"", ""speed_limit"": 60, ""reason"": ""normal""}"
2026-01-20 16:13:28,control_received,"{""action"": ""normal"", ""speed_limit"": 60, ""reason"": ""normal""}"
2026-01-20 16:13:28,control_received,"{""action"": ""normal"", ""speed_limit"": 60, ""reason"": ""normal""}"
2026-01-20 16:13:33,priority_mode,"{""action"": ""priority_mode"", ""signal"": ""green"", ""speed_limit"": 30, ""reason"": ""emergency""}"
2026-01-20 16:13:33,control_received,"{""action"": ""priority_mode"", ""signal"": ""green"", ""speed_limit"": 30, ""reason"": ""emergency""}"
2026-01-20 16:13:38,normal,"{""action"": ""normal"", ""speed_limit"": 60, ""reason"": ""normal""}"
2026-01-20 16:13:38,control_received,"{""action"": ""normal"", ""speed_limit"": 60, ""reason"": ""normal""}"
2026-01-20 16:13:38,control_received,"{""action"": ""normal"", ""speed_limit"": 60, ""reason"": ""normal""}"
2026-01-20 16:13:43,reduce_speed,"{""action"": ""reduce_speed"", ""speed_limit"": 50, ""reason"": ""moderate_congestion""}"
2026-01-20 16:13:43,control_received,"{""action"": ""reduce_speed"", ""speed_limit"": 50, ""reason"": ""moderate_congestion""}"
2026-01-20 16:13:48,normal,"{""action"": ""normal"", ""speed_limit"": 60, ""reason"": ""normal""}"
2026-01-20 16:13:48,control_received,"{""action"": ""normal"", ""speed_limit"": 60, ""reason"": ""normal""}"
2026-01-20 16:13:48,control_received,"{""action"": ""normal"", ""speed_limit"": 60, ""reason"": ""normal""}"
2026-01-20 16:13:53,normal,"{""action"": ""normal"", ""speed_limit"": 60, ""reason"": ""normal""}"
2026-01-20 16:13:53,control_received,"{""action"": ""normal"", ""speed_limit"": 60, ""reason"": ""normal""}"
2026-01-20 16:13:53,control_received,"{""action"": ""normal"", ""speed_limit"": 60, ""reason"": ""normal""}"
2026-01-20 16:13:58,priority_mode,"{""action"": ""priority_mode"", ""signal"": ""green"", ""speed_limit"": 30, ""reason"": ""emergency""}"
2026-01-20 16:13:58,control_received,"{""action"": ""priority_mode"", ""signal"": ""green"", ""speed_limit"": 30, ""reason"": ""emergency""}"
2026-01-20 16:13:58,control_received,"{""action"": ""priority_mode"", ""signal"": ""green"", ""speed_limit"": 30, ""reason"": ""emergency""}"
2026-01-20 16:14:03,priority_mode,"{""action"": ""priority_mode"", ""signal"": ""green"", ""speed_limit"": 30, ""reason"": ""emergency""}"
2026-01-20 16:14:03,control_received,"{""action"": ""priority_mode"", ""signal"": ""green"", ""speed_limit"": 30, ""reason"": ""emergency""}"
2026-01-20 16:14:08,normal,"{""action"": ""normal"", ""speed_limit"": 60, ""reason"": ""normal""}"
2026-01-20 16:14:08,control_received,"{""action"": ""normal"", ""speed_limit"": 60, ""reason"": ""normal""}"
2026-01-20 16:14:08,control_received,"{""action"": ""normal"", ""speed_limit"": 60, ""reason"": ""normal""}"
2026-01-20 16:14:13,normal,"{""action"": ""normal"", ""speed_limit"": 60, ""reason"": ""normal""}"
2026-01-20 16:14:13,control_received,"{""action"": ""normal"", ""speed_limit"": 60, ""reason"": ""normal""}"
2026-01-20 16:14:13,control_received,"{""action"": ""normal"", ""speed_limit"": 60, ""reason"": ""normal""}"
2026-01-20 16:14:18,priority_mode,"{""action"": ""priority_mode"", ""signal"": ""green"", ""speed_limit"": 30, ""reason"": ""emergency""}"
2026-01-20 16:14:18,control_received,"{""action"": ""priority_mode"", ""signal"": ""green"", ""speed_limit"": 30, ""reason"": ""emergency""}"
2026-01-20 16:14:18,control_received,"{""action"": ""priority_mode"", ""signal"": ""green"", ""speed_limit"": 30, ""reason"": ""emergency""}"
2026-01-20 16:14:23,priority_mode,"{""action"": ""priority_mode"", ""signal"": ""green"", ""speed_limit"": 30, ""reason"": ""emergency""}"
2026-01-20 16:14:23,control_received,"{""action"": ""priority_mode"", ""signal"": ""green"", ""speed_limit"": 30, ""reason"": ""emergency""}"
2026-01-20 16:14:23,control_received,"{""action"": ""priority_mode"", ""signal"": ""green"", ""speed_limit"": 30, ""reason"": ""emergency""}"
2026-01-20 16:14:28,priority_mode,"{""action"": ""priority_mode"", ""signal"": ""green"", ""speed_limit"": 30, ""reason"": ""emergency""}"
2026-01-20 16:14:28,control_received,"{""action"": ""priority_mode"", ""signal"": ""green"", ""speed_limit"": 30, ""reason"": ""emergency""}"
2026-01-20 16:14:28,control_received,"{""action"": ""priority_mode"", ""signal"": ""green"", ""speed_limit"": 30, ""reason"": ""emergency""}"
2026-01-20 16:14:33,normal,"{""action"": ""normal"", ""speed_limit"": 60, ""reason"": ""normal""}"
2026-01-20 16:14:33,control_received,"{""action"": ""normal"", ""speed_limit"": 60, ""reason"": ""normal""}"
2026-01-20 16:14:33,control_received,"{""action"": ""normal"", ""speed_limit"": 60, ""reason"": ""normal""}"
2026-01-20 16:14:38,priority_mode,"{""action"": ""priority_mode"", ""signal"": ""green"", ""speed_limit"": 30, ""reason"": ""emergency""}"
2026-01-20 16:14:38,control_received,"{""action"": ""priority_mode"", ""signal"": ""green"", ""speed_limit"": 30, ""reason"": ""emergency""}"
2026-01-20 16:14:38,control_received,"{""action"": ""priority_mode"", ""signal"": ""green"", ""speed_limit"": 30, ""reason"": ""emergency""}"
2026-01-20 16:14:43,normal,"{""action"": ""normal"", ""speed_limit"": 60, ""reason"": ""normal""}"
2026-01-20 16:14:43,control_received,"{""action"": ""normal"", ""speed_limit"": 60, ""reason"": ""normal""}"
2026-01-20 16:14:43,control_received,"{""action"": ""normal"", ""speed_limit"": 60, ""reason"": ""normal""}"
2026-01-20 16:14:48,normal,"{""action"": ""normal"", ""speed_limit"": 60, ""reason"": ""normal""}"
2026-01-20 16:14:48,control_received,"{""action"": ""normal"", ""speed_limit"": 60, ""reason"": ""normal""}"
2026-01-20 16:14:48,control_received,"{""action"": ""normal"", ""speed_limit"": 60, ""reason"": ""normal""}"
2026-01-20 16:14:53,normal,"{""action"": ""normal"", ""speed_limit"": 60, ""reason"": ""normal""}"
2026-01-20 16:14:53,control_received,"{""action"": ""normal"", ""speed_limit"": 60, ""reason"": ""normal""}"
2026-01-20 16:14:53,control_received,"{""action"": ""normal"", ""speed_limit"": 60, ""reason"": ""normal""}"
2026-01-20 16:14:58,priority_mode,"{""action"": ""priority_mode"", ""signal"": ""green"", ""speed_limit"": 30, ""reason"": ""emergency""}"
2026-01-20 16:14:58,control_received,"{""action"": ""priority_mode"", ""signal"": ""green"", ""speed_limit"": 30, ""reason"": ""emergency""}"
2026-01-20 16:15:03,priority_mode,"{""action"": ""priority_mode"", ""signal"": ""green"", ""speed_limit"": 30, ""reason"": ""emergency""}"
2026-01-20 16:15:03,control_received,"{""action"": ""priority_mode"", ""signal"": ""green"", ""speed_limit"": 30, ""reason"": ""emergency""}"
2026-01-20 16:15:03,control_received,"{""action"": ""priority_mode"", ""signal"": ""green"", ""speed_limit"": 30, ""reason"": ""emergency""}"
2026-01-20 16:15:08,priority_mode,"{""action"": ""priority_mode"", ""signal"": ""green"", ""speed_limit"": 30, ""reason"": ""emergency""}"
2026-01-20 16:15:08,control_received,"{""action"": ""priority_mode"", ""signal"": ""green"", ""speed_limit"": 30, ""reason"": ""emergency""}"
2026-01-20 16:15:08,control_received,"{""action"": ""priority_mode"", ""signal"": ""green"", ""speed_limit"": 30, ""reason"": ""emergency""}"
2026-01-20 16:15:13,priority_mode,"{""action"": ""priority_mode"", ""signal"": ""green"", ""speed_limit"": 30, ""reason"": ""emergency""}"
2026-01-20 16:15:13,control_received,"{""action"": ""priority_mode"", ""signal"": ""green"", ""speed_limit"": 30, ""reason"": ""emergency""}"
2026-01-20 16:15:13,control_received,"{""action"": ""priority_mode"", ""signal"": ""green"", ""speed_limit"": 30, ""reason"": ""emergency""}"
2026-01-20 16:15:18,normal,"{""action"": ""normal"", ""speed_limit"": 60, ""reason"": ""normal""}"
2026-01-20 16:15:18,control_received,"{""action"": ""normal"", ""speed_limit"": 60, ""reason"": ""normal""}"
2026-01-20 16:15:18,control_received,"{""action"": ""normal"", ""speed_limit"": 60, ""reason"": ""normal""}"
2026-01-20 16:15:23,priority_mode,"{""action"": ""priority_mode"", ""signal"": ""green"", ""speed_limit"": 30, ""reason"": ""emergency""}"
2026-01-20 16:15:23,control_received,"{""action"": ""priority_mode"", ""signal"": ""green"", ""speed_limit"": 30, ""reason"": ""emergency""}"
2026-01-20 16:15:23,control_received,"{""action"": ""priority_mode"", ""signal"": ""green"", ""speed_limit"": 30, ""reason"": ""emergency""}"
2026-01-20 16:15:28,priority_mode,"{""action"": ""priority_mode"", ""signal"": ""green"", ""speed_limit"": 30, ""reason"": ""emergency""}"
2026-01-20 16:15:28,control_received,"{""action"": ""priority_mode"", ""signal"": ""green"", ""speed_limit"": 30, ""reason"": ""emergency""}"
2026-01-20 16:15:28,control_received,"{""action"": ""priority_mode"", ""signal"": ""green"", ""speed_limit"": 30, ""reason"": ""emergency""}"
2026-01-20 16:15:33,reduce_speed,"{""action"": ""reduce_speed"", ""speed_limit"": 50, ""reason"": ""moderate_congestion""}"
2026-01-20 16:15:33,control_received,"{""action"": ""reduce_speed"", ""speed_limit"": 50, ""reason"": ""moderate_congestion""}"
2026-01-20 16:15:38,normal,"{""action"": ""normal"", ""speed_limit"": 60, ""reason"": ""normal""}"
2026-01-20 16:15:38,control_received,"{""action"": ""normal"", ""speed_limit"": 60, ""reason"": ""normal""}"
2026-01-20 16:15:38,control_received,"{""action"": ""normal"", ""speed_limit"": 60, ""reason"": ""normal""}"
2026-01-20 16:15:43,reduce_speed,"{""action"": ""reduce_speed"", ""speed_limit"": 50, ""reason"": ""moderate_congestion""}"
2026-01-20 16:15:43,control_received,"{""action"": ""reduce_speed"", ""speed_limit"": 50, ""reason"": ""moderate_congestion""}"
2026-01-20 16:15:43,control_received,"{""action"": ""reduce_speed"", ""speed_limit"": 50, ""reason"": ""moderate_congestion""}"
2026-01-20 16:15:48,priority_mode,"{""action"": ""priority_mode"", ""signal"": ""green"", ""speed_limit"": 30, ""reason"": ""emergency""}"
2026-01-20 16:15:48,control_received,"{""action"": ""priority_mode"", ""signal"": ""green"", ""speed_limit"": 30, ""reason"": ""emergency""}"
2026-01-20 16:15:48,control_received,"{""action"": ""priority_mode"", ""signal"": ""green"", ""speed_limit"": 30, ""reason"": ""emergency""}"
2026-01-20 16:15:53,normal,"{""action"": ""normal"", ""speed_limit"": 60, ""reason"": ""normal""}"
2026-01-20 16:15:53,control_received,"{""action"": ""normal"", ""speed_limit"": 60, ""reason"": ""normal""}"
2026-01-20 16:15:53,control_received,"{""action"": ""normal"", ""speed_limit"": 60, ""reason"": ""normal""}"
2026-01-20 16:15:58,normal,"{""action"": ""normal"", ""speed_limit"": 60, ""reason"": ""normal""}"
2026-01-20 16:15:58,control_received,"{""action"": ""normal"", ""speed_limit"": 60, ""reason"": ""normal""}"
2026-01-20 16:16:03,normal,"{""action"": ""normal"", ""speed_limit"": 60, ""reason"": ""normal""}"
2026-01-20 16:16:03,control_received,"{""action"": ""normal"", ""speed_limit"": 60, ""reason"": ""normal""}"
2026-01-20 16:16:03,control_received,"{""action"": ""normal"", ""speed_limit"": 60, ""reason"": ""normal""}"
2026-01-20 16:16:08,normal,"{""action"": ""normal"", ""speed_limit"": 60, ""reason"": ""normal""}"
2026-01-20 16:16:08,control_received,"{""action"": ""normal"", ""speed_limit"": 60, ""reason"": ""normal""}"
2026-01-20 16:16:08,control_received,"{""action"": ""normal"", ""speed_limit"": 60, ""reason"": ""normal""}"
2026-01-20 16:16:13,normal,"{""action"": ""normal"", ""speed_limit"": 60, ""reason"": ""normal""}"
2026-01-20 16:16:13,control_received,"{""action"": ""normal"", ""speed_limit"": 60, ""reason"": ""normal""}"
2026-01-20 16:16:18,priority_mode,"{""action"": ""priority_mode"", ""signal"": ""green"", ""speed_limit"": 30, ""reason"": ""emergency""}"
2026-01-20 16:16:18,control_received,"{""action"": ""priority_mode"", ""signal"": ""green"", ""speed_limit"": 30, ""reason"": ""emergency""}"
2026-01-20 16:16:18,control_received,"{""action"": ""priority_mode"", ""signal"": ""green"", ""speed_limit"": 30, ""reason"": ""emergency""}"
2026-01-20 16:16:23,reduce_speed,"{""action"": ""reduce_speed"", ""speed_limit"": 50, ""reason"": ""moderate_congestion""}"
2026-01-20 16:16:23,control_received,"{""action"": ""reduce_speed"", ""speed_limit"": 50, ""reason"": ""moderate_congestion""}"
2026-01-20 16:16:28,normal,"{""action"": ""normal"", ""speed_limit"": 60, ""reason"": ""normal""}"
2026-01-20 16:16:28,control_received,"{""action"": ""normal"", ""speed_limit"": 60, ""reason"": ""normal""}"
2026-01-20 16:16:33,normal,"{""action"": ""normal"", ""speed_limit"": 60, ""reason"": ""normal""}"
2026-01-20 16:16:33,control_received,"{""action"": ""normal"", ""speed_limit"": 60, ""reason"": ""normal""}"
2026-01-20 16:16:38,normal,"{""action"": ""normal"", ""speed_limit"": 60, ""reason"": ""normal""}"
2026-01-20 16:16:38,control_received,"{""action"": ""normal"", ""speed_limit"": 60, ""reason"": ""normal""}"
2026-01-20 16:16:38,control_received,"{""action"": ""normal"", ""speed_limit"": 60, ""reason"": ""normal""}"
2026-01-20 16:16:43,priority_mode,"{""action"": ""priority_mode"", ""signal"": ""green"", ""speed_limit"": 30, ""reason"": ""emergency""}"
2026-01-20 16:16:43,control_received,"{""action"": ""priority_mode"", ""signal"": ""green"", ""speed_limit"": 30, ""reason"": ""emergency""}"
2026-01-20 16:16:43,control_received,"{""action"": ""priority_mode"", ""signal"": ""green"", ""speed_limit"": 30, ""reason"": ""emergency""}"
2026-01-20 16:16:48,normal,"{""action"": ""normal"", ""speed_limit"": 60, ""reason"": ""normal""}"
2026-01-20 16:16:48,control_received,"{""action"": ""normal"", ""speed_limit"": 60, ""reason"": ""normal""}"
2026-01-20 16:16:48,control_received,"{""action"": ""normal"", ""speed_limit"": 60, ""reason"": ""normal""}"
2026-01-20 16:16:53,normal,"{""action"": ""normal"", ""speed_limit"": 60, ""reason"": ""normal""}"
2026-01-20 16:16:53,control_received,"{""action"": ""normal"", ""speed_limit"": 60, ""reason"": ""normal""}"
2026-01-20 16:16:53,control_received,"{""action"": ""normal"", ""speed_limit"": 60, ""reason"": ""normal""}"
2026-01-20 16:16:58,priority_mode,"{""action"": ""priority_mode"", ""signal"": ""green"", ""speed_limit"": 30, ""reason"": ""emergency""}"
2026-01-20 16:16:58,control_received,"{""action"": ""priority_mode"", ""signal"": ""green"", ""speed_limit"": 30, ""reason"": ""emergency""}"
2026-01-20 16:16:58,control_received,"{""action"": ""priority_mode"", ""signal"": ""green"", ""speed_limit"": 30, ""reason"": ""emergency""}"
2026-01-20 16:17:03,normal,"{""action"": ""normal"", ""speed_limit"": 60, ""reason"": ""normal""}"
2026-01-20 16:17:03,control_received,"{""action"": ""normal"", ""speed_limit"": 60, ""reason"": ""normal""}"
2026-01-20 16:17:08,priority_mode,"{""action"": ""priority_mode"", ""signal"": ""green"", ""speed_limit"": 30, ""reason"": ""emergency""}"
2026-01-20 16:17:08,control_received,"{""action"": ""priority_mode"", ""signal"": ""green"", ""speed_limit"": 30, ""reason"": ""emergency""}"
2026-01-20 16:17:13,normal,"{""action"": ""normal"", ""speed_limit"": 60, ""reason"": ""normal""}"
2026-01-20 16:17:13,control_received,"{""action"": ""normal"", ""speed_limit"": 60, ""reason"": ""normal""}"
2026-01-20 16:17:18,reduce_speed,"{""action"": ""reduce_speed"", ""speed_limit"": 50, ""reason"": ""moderate_congestion""}"
2026-01-20 16:17:18,control_received,"{""action"": ""reduce_speed"", ""speed_limit"": 50, ""reason"": ""moderate_congestion""}"
2026-01-20 16:17:18,control_received,"{""action"": ""reduce_speed"", ""speed_limit"": 50, ""reason"": ""moderate_congestion""}"
2026-01-20 16:17:23,reduce_speed,"{""action"": ""reduce_speed"", ""speed_limit"": 50, ""reason"": ""moderate_congestion""}"
2026-01-20 16:17:23,control_received,"{""action"": ""reduce_speed"", ""speed_limit"": 50, ""reason"": ""moderate_congestion""}"
2026-01-20 16:17:23,control_received,"{""action"": ""reduce_speed"", ""speed_limit"": 50, ""reason"": ""moderate_congestion""}"
2026-01-20 16:17:28,priority_mode,"{""action"": ""priority_mode"", ""signal"": ""green"", ""speed_limit"": 30, ""reason"": ""emergency""}"
2026-01-20 16:17:28,control_received,"{""action"": ""priority_mode"", ""signal"": ""green"", ""speed_limit"": 30, ""reason"": ""emergency""}"
2026-01-20 16:17:33,reduce_speed,"{""action"": ""reduce_speed"", ""speed_limit"": 50, ""reason"": ""moderate_congestion""}"
2026-01-20 16:17:33,control_received,"{""action"": ""reduce_speed"", ""speed_limit"": 50, ""reason"": ""moderate_congestion""}"
2026-01-20 16:17:33,control_received,"{""action"": ""reduce_speed"", ""speed_limit"": 50, ""reason"": ""moderate_congestion""}"
2026-01-20 16:17:38,normal,"{""action"": ""normal"", ""speed_limit"": 60, ""reason"": ""normal""}"
2026-01-20 16:17:38,control_received,"{""action"": ""normal"", ""speed_limit"": 60, ""reason"": ""normal""}"
2026-01-20 16:17:38,control_received,"{""action"": ""normal"", ""speed_limit"": 60, ""reason"": ""normal""}"
2026-01-20 16:17:43,reduce_speed,"{""action"": ""reduce_speed"", ""speed_limit"": 50, ""reason"": ""moderate_congestion""}"
2026-01-20 16:17:43,control_received,"{""action"": ""reduce_speed"", ""speed_limit"": 50, ""reason"": ""moderate_congestion""}"
2026-01-20 16:17:43,control_received,"{""action"": ""reduce_speed"", ""speed_limit"": 50, ""reason"": ""moderate_congestion""}"
2026-01-20 16:17:48,reduce_speed,"{""action"": ""reduce_speed"", ""speed_limit"": 50, ""reason"": ""moderate_congestion""}"
2026-01-20 16:17:48,control_received,"{""action"": ""reduce_speed"", ""speed_limit"": 50, ""reason"": ""moderate_congestion""}"
2026-01-20 16:17:53,reduce_speed,"{""action"": ""reduce_speed"", ""speed_limit"": 50, ""reason"": ""moderate_congestion""}"
2026-01-20 16:17:53,control_received,"{""action"": ""reduce_speed"", ""speed_limit"": 50, ""reason"": ""moderate_congestion""}"
2026-01-20 16:17:53,control_received,"{""action"": ""reduce_speed"", ""speed_limit"": 50, ""reason"": ""moderate_congestion""}"
2026-01-20 16:17:58,normal,"{""action"": ""normal"", ""speed_limit"": 60, ""reason"": ""normal""}"
2026-01-20 16:17:58,control_received,"{""action"": ""normal"", ""speed_limit"": 60, ""reason"": ""normal""}"
2026-01-20 16:17:58,control_received,"{""action"": ""normal"", ""speed_limit"": 60, ""reason"": ""normal""}"
2026-01-20 16:18:03,priority_mode,"{""action"": ""priority_mode"", ""signal"": ""green"", ""speed_limit"": 30, ""reason"": ""emergency""}"
2026-01-20 16:18:03,control_received,"{""action"": ""priority_mode"", ""signal"": ""green"", ""speed_limit"": 30, ""reason"": ""emergency""}"
2026-01-20 16:18:03,control_received,"{""action"": ""priority_mode"", ""signal"": ""green"", ""speed_limit"": 30, ""reason"": ""emergency""}"
2026-01-20 16:18:08,priority_mode,"{""action"": ""priority_mode"", ""signal"": ""green"", ""speed_limit"": 30, ""reason"": ""emergency""}"
2026-01-20 16:18:08,control_received,"{""action"": ""priority_mode"", ""signal"": ""green"", ""speed_limit"": 30, ""reason"": ""emergency""}"
2026-01-20 16:18:08,control_received,"{""action"": ""priority_mode"", ""signal"": ""green"", ""speed_limit"": 30, ""reason"": ""emergency""}"
2026-01-20 16:18:13,priority_mode,"{""action"": ""priority_mode"", ""signal"": ""green"", ""speed_limit"": 30, ""reason"": ""emergency""}"
2026-01-20 16:18:13,control_received,"{""action"": ""priority_mode"", ""signal"": ""green"", ""speed_limit"": 30, ""reason"": ""emergency""}"
2026-01-20 16:18:13,control_received,"{""action"": ""priority_mode"", ""signal"": ""green"", ""speed_limit"": 30, ""reason"": ""emergency""}"
2026-01-20 16:18:18,reduce_speed,"{""action"": ""reduce_speed"", ""speed_limit"": 50, ""reason"": ""moderate_congestion""}"
2026-01-20 16:18:18,control_received,"{""action"": ""reduce_speed"", ""speed_limit"": 50, ""reason"": ""moderate_congestion""}"
2026-01-20 16:18:18,control_received,"{""action"": ""reduce_speed"", ""speed_limit"": 50, ""reason"": ""moderate_congestion""}"
2026-01-20 16:18:23,normal,"{""action"": ""normal"", ""speed_limit"": 60, ""reason"": ""normal""}"
2026-01-20 16:18:23,control_received,"{""action"": ""normal"", ""speed_limit"": 60, ""reason"": ""normal""}"
2026-01-20 16:18:23,control_received,"{""action"": ""normal"", ""speed_limit"": 60, ""reason"": ""normal""}"
2026-01-20 16:18:28,priority_mode,"{""action"": ""priority_mode"", ""signal"": ""green"", ""speed_limit"": 30, ""reason"": ""emergency""}"
2026-01-20 16:18:28,control_received,"{""action"": ""priority_mode"", ""signal"": ""green"", ""speed_limit"": 30, ""reason"": ""emergency""}"
2026-01-20 16:18:28,control_received,"{""action"": ""priority_mode"", ""signal"": ""green"", ""speed_limit"": 30, ""reason"": ""emergency""}"
2026-01-20 16:18:33,normal,"{""action"": ""normal"", ""speed_limit"": 60, ""reason"": ""normal""}"
2026-01-20 16:18:33,control_received,"{""action"": ""normal"", ""speed_limit"": 60, ""reason"": ""normal""}"
2026-01-20 16:18:38,normal,"{""action"": ""normal"", ""speed_limit"": 60, ""reason"": ""normal""}"
2026-01-20 16:18:38,control_received,"{""action"": ""normal"", ""speed_limit"": 60, ""reason"": ""normal""}"
2026-01-20 16:18:38,control_received,"{""action"": ""normal"", ""speed_limit"": 60, ""reason"": ""normal""}"
2026-01-20 16:18:43,priority_mode,"{""action"": ""priority_mode"", ""signal"": ""green"", ""speed_limit"": 30, ""reason"": ""emergency""}"
2026-01-20 16:18:43,control_received,"{""action"": ""priority_mode"", ""signal"": ""green"", ""speed_limit"": 30, ""reason"": ""emergency""}"
2026-01-20 16:18:43,control_received,"{""action"": ""priority_mode"", ""signal"": ""green"", ""speed_limit"": 30, ""reason"": ""emergency""}"
2026-01-20 16:18:48,priority_mode,"{""action"": ""priority_mode"", ""signal"": ""green"", ""speed_limit"": 30, ""reason"": ""emergency""}"
2026-01-20 16:18:48,control_received,"{""action"": ""priority_mode"", ""signal"": ""green"", ""speed_limit"": 30, ""reason"": ""emergency""}"
2026-01-20 16:18:48,control_received,"{""action"": ""priority_mode"", ""signal"": ""green"", ""speed_limit"": 30, ""reason"": ""emergency""}"
2026-01-20 16:18:53,priority_mode,"{""action"": ""priority_mode"", ""signal"": ""green"", ""speed_limit"": 30, ""reason"": ""emergency""}"
2026-01-20 16:18:53,control_received,"{""action"": ""priority_mode"", ""signal"": ""green"", ""speed_limit"": 30, ""reason"": ""emergency""}"
2026-01-20 16:18:53,control_received,"{""action"": ""priority_mode"", ""signal"": ""green"", ""speed_limit"": 30, ""reason"": ""emergency""}"
2026-01-20 16:18:58,normal,"{""action"": ""normal"", ""speed_limit"": 60, ""reason"": ""normal""}"
2026-01-20 16:18:58,control_received,"{""action"": ""normal"", ""speed_limit"": 60, ""reason"": ""normal""}"
2026-01-20 16:18:58,control_received,"{""action"": ""normal"", ""speed_limit"": 60, ""reason"": ""normal""}"
2026-01-20 16:19:03,normal,"{""action"": ""normal"", ""speed_limit"": 60, ""reason"": ""normal""}"
2026-01-20 16:19:03,control_received,"{""action"": ""normal"", ""speed_limit"": 60, ""reason"": ""normal""}"
2026-01-20 16:19:03,control_received,"{""action"": ""normal"", ""speed_limit"": 60, ""reason"": ""normal""}"
2026-01-20 16:19:08,normal,"{""action"": ""normal"", ""speed_limit"": 60, ""reason"": ""normal""}"
2026-01-20 16:19:08,control_received,"{""action"": ""normal"", ""speed_limit"": 60, ""reason"": ""normal""}"
2026-01-20 16:19:08,control_received,"{""action"": ""normal"", ""speed_limit"": 60, ""reason"": ""normal""}"
2026-01-20 16:19:13,normal,"{""action"": ""normal"", ""speed_limit"": 60, ""reason"": ""normal""}"
2026-01-20 16:19:13,control_received,"{""action"": ""normal"", ""speed_limit"": 60, ""reason"": ""normal""}"
2026-01-20 16:19:13,control_received,"{""action"": ""normal"", ""speed_limit"": 60, ""reason"": ""normal""}"
2026-01-20 16:19:18,reduce_speed,"{""action"": ""reduce_speed"", ""speed_limit"": 50, ""reason"": ""moderate_congestion""}"
2026-01-20 16:19:18,control_received,"{""action"": ""reduce_speed"", ""speed_limit"": 50, ""reason"": ""moderate_congestion""}"
2026-01-20 16:19:23,normal,"{""action"": ""normal"", ""speed_limit"": 60, ""reason"": ""normal""}"
2026-01-20 16:19:23,control_received,"{""action"": ""normal"", ""speed_limit"": 60, ""reason"": ""normal""}"
2026-01-20 16:19:23,control_received,"{""action"": ""normal"", ""speed_limit"": 60, ""reason"": ""normal""}"
2026-01-20 16:19:28,priority_mode,"{""action"": ""priority_mode"", ""signal"": ""green"", ""speed_limit"": 30, ""reason"": ""emergency""}"
2026-01-20 16:19:28,control_received,"{""action"": ""priority_mode"", ""signal"": ""green"", ""speed_limit"": 30, ""reason"": ""emergency""}"
2026-01-20 16:19:33,normal,"{""action"": ""normal"", ""speed_limit"": 60, ""reason"": ""normal""}"
2026-01-20 16:19:33,control_received,"{""action"": ""normal"", ""speed_limit"": 60, ""reason"": ""normal""}"
2026-01-20 16:19:33,control_received,"{""action"": ""normal"", ""speed_limit"": 60, ""reason"": ""normal""}"
2026-01-20 16:19:38,priority_mode,"{""action"": ""priority_mode"", ""signal"": ""green"", ""speed_limit"": 30, ""reason"": ""emergency""}"
2026-01-20 16:19:38,control_received,"{""action"": ""priority_mode"", ""signal"": ""green"", ""speed_limit"": 30, ""reason"": ""emergency""}"
2026-01-20 16:19:38,control_received,"{""action"": ""priority_mode"", ""signal"": ""green"", ""speed_limit"": 30, ""reason"": ""emergency""}"
2026-01-20 16:19:43,normal,"{""action"": ""normal"", ""speed_limit"": 60, ""reason"": ""normal""}"
2026-01-20 16:19:43,control_received,"{""action"": ""normal"", ""speed_limit"": 60, ""reason"": ""normal""}"
2026-01-20 16:19:43,control_received,"{""action"": ""normal"", ""speed_limit"": 60, ""reason"": ""normal""}"
2026-01-20 16:19:48,priority_mode,"{""action"": ""priority_mode"", ""signal"": ""green"", ""speed_limit"": 30, ""reason"": ""emergency""}"
2026-01-20 16:19:48,control_received,"{""action"": ""priority_mode"", ""signal"": ""green"", ""speed_limit"": 30, ""reason"": ""emergency""}"
2026-01-20 16:19:48,control_received,"{""action"": ""priority_mode"", ""signal"": ""green"", ""speed_limit"": 30, ""reason"": ""emergency""}"
2026-01-20 16:19:53,priority_mode,"{""action"": ""priority_mode"", ""signal"": ""green"", ""speed_limit"": 30, ""reason"": ""emergency""}"
2026-01-20 16:19:53,control_received,"{""action"": ""priority_mode"", ""signal"": ""green"", ""speed_limit"": 30, ""reason"": ""emergency""}"
2026-01-20 16:19:58,priority_mode,"{""action"": ""priority_mode"", ""signal"": ""green"", ""speed_limit"": 30, ""reason"": ""emergency""}"
2026-01-20 16:19:58,control_received,"{""action"": ""priority_mode"", ""signal"": ""green"", ""speed_limit"": 30, ""reason"": ""emergency""}"
2026-01-20 16:19:58,control_received,"{""action"": ""priority_mode"", ""signal"": ""green"", ""speed_limit"": 30, ""reason"": ""emergency""}"
2026-01-20 16:20:03,normal,"{""action"": ""normal"", ""speed_limit"": 60, ""reason"": ""normal""}"
2026-01-20 16:20:03,control_received,"{""action"": ""normal"", ""speed_limit"": 60, ""reason"": ""normal""}"
2026-01-20 16:20:03,control_received,"{""action"": ""normal"", ""speed_limit"": 60, ""reason"": ""normal""}"
2026-01-20 16:20:08,normal,"{""action"": ""normal"", ""speed_limit"": 60, ""reason"": ""normal""}"
2026-01-20 16:20:08,control_received,"{""action"": ""normal"", ""speed_limit"": 60, ""reason"": ""normal""}"
2026-01-20 16:20:08,control_received,"{""action"": ""normal"", ""speed_limit"": 60, ""reason"": ""normal""}"
2026-01-20 16:20:13,normal,"{""action"": ""normal"", ""speed_limit"": 60, ""reason"": ""normal""}"
2026-01-20 16:20:13,control_received,"{""action"": ""normal"", ""speed_limit"": 60, ""reason"": ""normal""}"
2026-01-20 16:20:13,control_received,"{""action"": ""normal"", ""speed_limit"": 60, ""reason"": ""normal""}"
2026-01-20 16:20:18,priority_mode,"{""action"": ""priority_mode"", ""signal"": ""green"", ""speed_limit"": 30, ""reason"": ""emergency""}"
2026-01-20 16:20:18,control_received,"{""action"": ""priority_mode"", ""signal"": ""green"", ""speed_limit"": 30, ""reason"": ""emergency""}"
2026-01-20 16:20:18,control_received,"{""action"": ""priority_mode"", ""signal"": ""green"", ""speed_limit"": 30, ""reason"": ""emergency""}"
2026-01-20 16:20:23,normal,"{""action"": ""normal"", ""speed_limit"": 60, ""reason"": ""normal""}"
2026-01-20 16:20:23,control_received,"{""action"": ""normal"", ""speed_limit"": 60, ""reason"": ""normal""}"
2026-01-20 16:20:23,control_received,"{""action"": ""normal"", ""speed_limit"": 60, ""reason"": ""normal""}"
2026-01-20 16:20:28,normal,"{""action"": ""normal"", ""speed_limit"": 60, ""reason"": ""normal""}"
2026-01-20 16:20:28,control_received,"{""action"": ""normal"", ""speed_limit"": 60, ""reason"": ""normal""}"
2026-01-20 16:20:28,control_received,"{""action"": ""normal"", ""speed_limit"": 60, ""reason"": ""normal""}"
2026-01-20 16:20:33,normal,"{""action"": ""normal"", ""speed_limit"": 60, ""reason"": ""normal""}"
2026-01-20 16:20:33,control_received,"{""action"": ""normal"", ""speed_limit"": 60, ""reason"": ""normal""}"
2026-01-20 16:20:33,control_received,"{""action"": ""normal"", ""speed_limit"": 60, ""reason"": ""normal""}"
2026-01-20 16:20:38,normal,"{""action"": ""normal"", ""speed_limit"": 60, ""reason"": ""normal""}"
2026-01-20 16:20:38,control_received,"{""action"": ""normal"", ""speed_limit"": 60, ""reason"": ""normal""}"
2026-01-20 16:20:43,priority_mode,"{""action"": ""priority_mode"", ""signal"": ""green"", ""speed_limit"": 30, ""reason"": ""emergency""}"
2026-01-20 16:20:43,control_received,"{""action"": ""priority_mode"", ""signal"": ""green"", ""speed_limit"": 30, ""reason"": ""emergency""}"
2026-01-20 16:20:43,control_received,"{""action"": ""priority_mode"", ""signal"": ""green"", ""speed_limit"": 30, ""reason"": ""emergency""}"
2026-01-20 16:20:48,priority_mode,"{""action"": ""priority_mode"", ""signal"": ""green"", ""speed_limit"": 30, ""reason"": ""emergency""}"
2026-01-20 16:20:48,control_received,"{""action"": ""priority_mode"", ""signal"": ""green"", ""speed_limit"": 30, ""reason"": ""emergency""}"
2026-01-20 16:20:48,control_received,"{""action"": ""priority_mode"", ""signal"": ""green"", ""speed_limit"": 30, ""reason"": ""emergency""}"
2026-01-20 16:20:53,reduce_speed,"{""action"": ""reduce_speed"", ""speed_limit"": 50, ""reason"": ""moderate_congestion""}"
2026-01-20 16:20:53,control_received,"{""action"": ""reduce_speed"", ""speed_limit"": 50, ""reason"": ""moderate_congestion""}"
2026-01-20 16:20:53,control_received,"{""action"": ""reduce_speed"", ""speed_limit"": 50, ""reason"": ""moderate_congestion""}"
2026-01-20 16:20:58,normal,"{""action"": ""normal"", ""speed_limit"": 60, ""reason"": ""normal""}"
2026-01-20 16:20:58,control_received,"{""action"": ""normal"", ""speed_limit"": 60, ""reason"": ""normal""}"
2026-01-20 16:20:58,control_received,"{""action"": ""normal"", ""speed_limit"": 60, ""reason"": ""normal""}"
2026-01-20 16:21:03,priority_mode,"{""action"": ""priority_mode"", ""signal"": ""green"", ""speed_limit"": 30, ""reason"": ""emergency""}"
2026-01-20 16:21:03,control_received,"{""action"": ""priority_mode"", ""signal"": ""green"", ""speed_limit"": 30, ""reason"": ""emergency""}"
2026-01-20 16:21:03,control_received,"{""action"": ""priority_mode"", ""signal"": ""green"", ""speed_limit"": 30, ""reason"": ""emergency""}"
2026-01-20 16:21:08,normal,"{""action"": ""normal"", ""speed_limit"": 60, ""reason"": ""normal""}"
2026-01-20 16:21:08,control_received,"{""action"": ""normal"", ""speed_limit"": 60, ""reason"": ""normal""}"
2026-01-20 16:21:08,control_received,"{""action"": ""normal"", ""speed_limit"": 60, ""reason"": ""normal""}"
2026-01-20 16:21:13,normal,"{""action"": ""normal"", ""speed_limit"": 60, ""reason"": ""normal""}"
2026-01-20 16:21:13,control_received,"{""action"": ""normal"", ""speed_limit"": 60, ""reason"": ""normal""}"
2026-01-20 16:21:18,priority_mode,"{""action"": ""priority_mode"", ""signal"": ""green"", ""speed_limit"": 30, ""reason"": ""emergency""}"
2026-01-20 16:21:18,control_received,"{""action"": ""priority_mode"", ""signal"": ""green"", ""speed_limit"": 30, ""reason"": ""emergency""}"
2026-01-20 16:21:18,control_received,"{""action"": ""priority_mode"", ""signal"": ""green"", ""speed_limit"": 30, ""reason"": ""emergency""}"
2026-01-20 16:21:23,normal,"{""action"": ""normal"", ""speed_limit"": 60, ""reason"": ""normal""}"
2026-01-20 16:21:23,control_received,"{""action"": ""normal"", ""speed_limit"": 60, ""reason"": ""normal""}"
2026-01-20 16:21:23,control_received,"{""action"": ""normal"", ""speed_limit"": 60, ""reason"": ""normal""}"
2026-01-20 16:21:28,normal,"{""action"": ""normal"", ""speed_limit"": 60, ""reason"": ""normal""}"
2026-01-20 16:21:28,control_received,"{""action"": ""normal"", ""speed_limit"": 60, ""reason"": ""normal""}"
2026-01-20 16:21:28,control_received,"{""action"": ""normal"", ""speed_limit"": 60, ""reason"": ""normal""}"
2026-01-20 16:21:33,priority_mode,"{""action"": ""priority_mode"", ""signal"": ""green"", ""speed_limit"": 30, ""reason"": ""emergency""}"
2026-01-20 16:21:33,control_received,"{""action"": ""priority_mode"", ""signal"": ""green"", ""speed_limit"": 30, ""reason"": ""emergency""}"
2026-01-20 16:21:33,control_received,"{""action"": ""priority_mode"", ""signal"": ""green"", ""speed_limit"": 30, ""reason"": ""emergency""}"
2026-01-20 16:21:38,priority_mode,"{""action"": ""priority_mode"", ""signal"": ""green"", ""speed_limit"": 30, ""reason"": ""emergency""}"
2026-01-20 16:21:38,control_received,"{""action"": ""priority_mode"", ""signal"": ""green"", ""speed_limit"": 30, ""reason"": ""emergency""}"
2026-01-20 16:21:38,control_received,"{""action"": ""priority_mode"", ""signal"": ""green"", ""speed_limit"": 30, ""reason"": ""emergency""}"
2026-01-20 16:21:43,normal,"{""action"": ""normal"", ""speed_limit"": 60, ""reason"": ""normal""}"
2026-01-20 16:21:43,control_received,"{""action"": ""normal"", ""speed_limit"": 60, ""reason"": ""normal""}"
2026-01-20 16:21:48,priority_mode,"{""action"": ""priority_mode"", ""signal"": ""green"", ""speed_limit"": 30, ""reason"": ""emergency""}"
2026-01-20 16:21:48,control_received,"{""action"": ""priority_mode"", ""signal"": ""green"", ""speed_limit"": 30, ""reason"": ""emergency""}"
2026-01-20 16:21:48,control_received,"{""action"": ""priority_mode"", ""signal"": ""green"", ""speed_limit"": 30, ""reason"": ""emergency""}"
2026-01-20 16:21:53,normal,"{""action"": ""normal"", ""speed_limit"": 60, ""reason"": ""normal""}"
2026-01-20 16:21:53,control_received,"{""action"": ""normal"", ""speed_limit"": 60, ""reason"": ""normal""}"
2026-01-20 16:21:58,normal,"{""action"": ""normal"", ""speed_limit"": 60, ""reason"": ""normal""}"
2026-01-20 16:21:58,control_received,"{""action"": ""normal"", ""speed_limit"": 60, ""reason"": ""normal""}"
2026-01-20 16:22:03,priority_mode,"{""action"": ""priority_mode"", ""signal"": ""green"", ""speed_limit"": 30, ""reason"": ""emergency""}"
2026-01-20 16:22:03,control_received,"{""action"": ""priority_mode"", ""signal"": ""green"", ""speed_limit"": 30, ""reason"": ""emergency""}"
2026-01-20 16:22:03,control_received,"{""action"": ""priority_mode"", ""signal"": ""green"", ""speed_limit"": 30, ""reason"": ""emergency""}"
2026-01-20 16:22:08,normal,"{""action"": ""normal"", ""speed_limit"": 60, ""reason"": ""normal""}"
2026-01-20 16:22:08,control_received,"{""action"": ""normal"", ""speed_limit"": 60, ""reason"": ""normal""}"
2026-01-20 16:22:08,control_received,"{""action"": ""normal"", ""speed_limit"": 60, ""reason"": ""normal""}"
2026-01-20 16:22:13,priority_mode,"{""action"": ""priority_mode"", ""signal"": ""green"", ""speed_limit"": 30, ""reason"": ""emergency""}"
2026-01-20 16:22:13,control_received,"{""action"": ""priority_mode"", ""signal"": ""green"", ""speed_limit"": 30, ""reason"": ""emergency""}"
2026-01-20 16:22:13,control_received,"{""action"": ""priority_mode"", ""signal"": ""green"", ""speed_limit"": 30, ""reason"": ""emergency""}"
2026-01-20 16:22:18,priority_mode,"{""action"": ""priority_mode"", ""signal"": ""green"", ""speed_limit"": 30, ""reason"": ""emergency""}"
2026-01-20 16:22:18,control_received,"{""action"": ""priority_mode"", ""signal"": ""green"", ""speed_limit"": 30, ""reason"": ""emergency""}"
2026-01-20 16:22:23,normal,"{""action"": ""normal"", ""speed_limit"": 60, ""reason"": ""normal""}"
2026-01-20 16:22:23,control_received,"{""action"": ""normal"", ""speed_limit"": 60, ""reason"": ""normal""}"
2026-01-20 16:22:23,control_received,"{""action"": ""normal"", ""speed_limit"": 60, ""reason"": ""normal""}"
2026-01-20 16:22:28,priority_mode,"{""action"": ""priority_mode"", ""signal"": ""green"", ""speed_limit"": 30, ""reason"": ""emergency""}"
2026-01-20 16:22:28,control_received,"{""action"": ""priority_mode"", ""signal"": ""green"", ""speed_limit"": 30, ""reason"": ""emergency""}"
2026-01-20 16:22:33,normal,"{""action"": ""normal"", ""speed_limit"": 60, ""reason"": ""normal""}"
2026-01-20 16:22:33,control_received,"{""action"": ""normal"", ""speed_limit"": 60, ""reason"": ""normal""}"
2026-01-20 16:22:33,control_received,"{""action"": ""normal"", ""speed_limit"": 60, ""reason"": ""normal""}"
2026-01-20 16:22:38,normal,"{""action"": ""normal"", ""speed_limit"": 60, ""reason"": ""normal""}"
2026-01-20 16:22:38,control_received,"{""action"": ""normal"", ""speed_limit"": 60, ""reason"": ""normal""}"
2026-01-20 16:22:38,control_received,"{""action"": ""normal"", ""speed_limit"": 60, ""reason"": ""normal""}"
2026-01-20 16:22:43,normal,"{""action"": ""normal"", ""speed_limit"": 60, ""reason"": ""normal""}"
2026-01-20 16:22:43,control_received,"{""action"": ""normal"", ""speed_limit"": 60, ""reason"": ""normal""}"
2026-01-20 16:22:43,control_received,"{""action"": ""normal"", ""speed_limit"": 60, ""reason"": ""normal""}"
2026-01-20 16:22:48,normal,"{""action"": ""normal"", ""speed_limit"": 60, ""reason"": ""normal""}"
2026-01-20 16:22:48,control_received,"{""action"": ""normal"", ""speed_limit"": 60, ""reason"": ""normal""}"
2026-01-20 16:22:48,control_received,"{""action"": ""normal"", ""speed_limit"": 60, ""reason"": ""normal""}"
2026-01-20 16:22:53,priority_mode,"{""action"": ""priority_mode"", ""signal"": ""green"", ""speed_limit"": 30, ""reason"": ""emergency""}"
2026-01-20 16:22:53,control_received,"{""action"": ""priority_mode"", ""signal"": ""green"", ""speed_limit"": 30, ""reason"": ""emergency""}"
2026-01-20 16:22:58,priority_mode,"{""action"": ""priority_mode"", ""signal"": ""green"", ""speed_limit"": 30, ""reason"": ""emergency""}"
2026-01-20 16:22:58,control_received,"{""action"": ""priority_mode"", ""signal"": ""green"", ""speed_limit"": 30, ""reason"": ""emergency""}"
2026-01-20 16:22:58,control_received,"{""action"": ""priority_mode"", ""signal"": ""green"", ""speed_limit"": 30, ""reason"": ""emergency""}"
2026-01-20 16:23:03,normal,"{""action"": ""normal"", ""speed_limit"": 60, ""reason"": ""normal""}"
2026-01-20 16:23:03,control_received,"{""action"": ""normal"", ""speed_limit"": 60, ""reason"": ""normal""}"
2026-01-20 16:23:08,priority_mode,"{""action"": ""priority_mode"", ""signal"": ""green"", ""speed_limit"": 30, ""reason"": ""emergency""}"
2026-01-20 16:23:08,control_received,"{""action"": ""priority_mode"", ""signal"": ""green"", ""speed_limit"": 30, ""reason"": ""emergency""}"
2026-01-20 16:23:08,control_received,"{""action"": ""priority_mode"", ""signal"": ""green"", ""speed_limit"": 30, ""reason"": ""emergency""}"
2026-01-20 16:23:13,reduce_speed,"{""action"": ""reduce_speed"", ""speed_limit"": 50, ""reason"": ""moderate_congestion""}"
2026-01-20 16:23:13,control_received,"{""action"": ""reduce_speed"", ""speed_limit"": 50, ""reason"": ""moderate_congestion""}"
2026-01-20 16:23:13,control_received,"{""action"": ""reduce_speed"", ""speed_limit"": 50, ""reason"": ""moderate_congestion""}"
2026-01-20 16:23:18,normal,"{""action"": ""normal"", ""speed_limit"": 60, ""reason"": ""normal""}"
2026-01-20 16:23:18,control_received,"{""action"": ""normal"", ""speed_limit"": 60, ""reason"": ""normal""}"
2026-01-20 16:23:23,reduce_speed,"{""action"": ""reduce_speed"", ""speed_limit"": 50, ""reason"": ""moderate_congestion""}"
2026-01-20 16:23:23,control_received,"{""action"": ""reduce_speed"", ""speed_limit"": 50, ""reason"": ""moderate_congestion""}"
2026-01-20 16:23:23,control_received,"{""action"": ""reduce_speed"", ""speed_limit"": 50, ""reason"": ""moderate_congestion""}"
2026-01-20 16:23:28,reduce_speed,"{""action"": ""reduce_speed"", ""speed_limit"": 50, ""reason"": ""moderate_congestion""}"
2026-01-20 16:23:28,control_received,"{""action"": ""reduce_speed"", ""speed_limit"": 50, ""reason"": ""moderate_congestion""}"
2026-01-20 16:23:28,control_received,"{""action"": ""reduce_speed"", ""speed_limit"": 50, ""reason"": ""moderate_congestion""}"
2026-01-20 16:23:33,priority_mode,"{""action"": ""priority_mode"", ""signal"": ""green"", ""speed_limit"": 30, ""reason"": ""emergency""}"
2026-01-20 16:23:33,control_received,"{""action"": ""priority_mode"", ""signal"": ""green"", ""speed_limit"": 30, ""reason"": ""emergency""}"
2026-01-20 16:23:33,control_received,"{""action"": ""priority_mode"", ""signal"": ""green"", ""speed_limit"": 30, ""reason"": ""emergency""}"
2026-01-20 16:23:38,priority_mode,"{""action"": ""priority_mode"", ""signal"": ""green"", ""speed_limit"": 30, ""reason"": ""emergency""}"
2026-01-20 16:23:38,control_received,"{""action"": ""priority_mode"", ""signal"": ""green"", ""speed_limit"": 30, ""reason"": ""emergency""}"
2026-01-20 16:23:38,control_received,"{""action"": ""priority_mode"", ""signal"": ""green"", ""speed_limit"": 30, ""reason"": ""emergency""}"
2026-01-20 16:23:43,normal,"{""action"": ""normal"", ""speed_limit"": 60, ""reason"": ""normal""}"
2026-01-20 16:23:43,control_received,"{""action"": ""normal"", ""speed_limit"": 60, ""reason"": ""normal""}"
2026-01-20 16:23:43,control_received,"{""action"": ""normal"", ""speed_limit"": 60, ""reason"": ""normal""}"
2026-01-20 16:23:48,reduce_speed,"{""action"": ""reduce_speed"", ""speed_limit"": 50, ""reason"": ""moderate_congestion""}"
2026-01-20 16:23:48,control_received,"{""action"": ""reduce_speed"", ""speed_limit"": 50, ""reason"": ""moderate_congestion""}"
2026-01-20 16:23:48,control_received,"{""action"": ""reduce_speed"", ""speed_limit"": 50, ""reason"": ""moderate_congestion""}"
2026-01-20 16:23:53,normal,"{""action"": ""normal"", ""speed_limit"": 60, ""reason"": ""normal""}"
2026-01-20 16:23:53,control_received,"{""action"": ""normal"", ""speed_limit"": 60, ""reason"": ""normal""}"
2026-01-20 16:23:58,priority_mode,"{""action"": ""priority_mode"", ""signal"": ""green"", ""speed_limit"": 30, ""reason"": ""emergency""}"
2026-01-20 16:23:58,control_received,"{""action"": ""priority_mode"", ""signal"": ""green"", ""speed_limit"": 30, ""reason"": ""emergency""}"
2026-01-20 16:23:58,control_received,"{""action"": ""priority_mode"", ""signal"": ""green"", ""speed_limit"": 30, ""reason"": ""emergency""}"
2026-01-20 16:24:03,priority_mode,"{""action"": ""priority_mode"", ""signal"": ""green"", ""speed_limit"": 30, ""reason"": ""emergency""}"
2026-01-20 16:24:03,control_received,"{""action"": ""priority_mode"", ""signal"": ""green"", ""speed_limit"": 30, ""reason"": ""emergency""}"
2026-01-20 16:24:08,normal,"{""action"": ""normal"", ""speed_limit"": 60, ""reason"": ""normal""}"
2026-01-20 16:24:08,control_received,"{""action"": ""normal"", ""speed_limit"": 60, ""reason"": ""normal""}"
2026-01-20 16:24:13,normal,"{""action"": ""normal"", ""speed_limit"": 60, ""reason"": ""normal""}"
2026-01-20 16:24:13,control_received,"{""action"": ""normal"", ""speed_limit"": 60, ""reason"": ""normal""}"
2026-01-20 16:24:13,control_received,"{""action"": ""normal"", ""speed_limit"": 60, ""reason"": ""normal""}"
2026-01-20 16:24:18,normal,"{""action"": ""normal"", ""speed_limit"": 60, ""reason"": ""normal""}"
2026-01-20 16:24:18,control_received,"{""action"": ""normal"", ""speed_limit"": 60, ""reason"": ""normal""}"
2026-01-20 16:24:18,control_received,"{""action"": ""normal"", ""speed_limit"": 60, ""reason"": ""normal""}"
2026-01-20 16:24:23,normal,"{""action"": ""normal"", ""speed_limit"": 60, ""reason"": ""normal""}"
2026-01-20 16:24:23,control_received,"{""action"": ""normal"", ""speed_limit"": 60, ""reason"": ""normal""}"
2026-01-20 16:24:23,control_received,"{""action"": ""normal"", ""speed_limit"": 60, ""reason"": ""normal""}"
2026-01-20 16:24:28,reduce_speed,"{""action"": ""reduce_speed"", ""speed_limit"": 50, ""reason"": ""moderate_congestion""}"
2026-01-20 16:24:28,control_received,"{""action"": ""reduce_speed"", ""speed_limit"": 50, ""reason"": ""moderate_congestion""}"
2026-01-20 16:24:28,control_received,"{""action"": ""reduce_speed"", ""speed_limit"": 50, ""reason"": ""moderate_congestion""}"
2026-01-20 16:24:33,normal,"{""action"": ""normal"", ""speed_limit"": 60, ""reason"": ""normal""}"
2026-01-20 16:24:33,control_received,"{""action"": ""normal"", ""speed_limit"": 60, ""reason"": ""normal""}"
2026-01-20 16:24:38,priority_mode,"{""action"": ""priority_mode"", ""signal"": ""green"", ""speed_limit"": 30, ""reason"": ""emergency""}"
2026-01-20 16:24:38,control_received,"{""action"": ""priority_mode"", ""signal"": ""green"", ""speed_limit"": 30, ""reason"": ""emergency""}"
2026-01-20 16:24:38,control_received,"{""action"": ""priority_mode"", ""signal"": ""green"", ""speed_limit"": 30, ""reason"": ""emergency""}"
2026-01-20 16:24:43,normal,"{""action"": ""normal"", ""speed_limit"": 60, ""reason"": ""normal""}"
2026-01-20 16:24:43,control_received,"{""action"": ""normal"", ""speed_limit"": 60, ""reason"": ""normal""}"
2026-01-20 16:24:43,control_received,"{""action"": ""normal"", ""speed_limit"": 60, ""reason"": ""normal""}"
2026-01-20 16:24:48,priority_mode,"{""action"": ""priority_mode"", ""signal"": ""green"", ""speed_limit"": 30, ""reason"": ""emergency""}"
2026-01-20 16:24:48,control_received,"{""action"": ""priority_mode"", ""signal"": ""green"", ""speed_limit"": 30, ""reason"": ""emergency""}"
2026-01-20 16:24:53,priority_mode,"{""action"": ""priority_mode"", ""signal"": ""green"", ""speed_limit"": 30, ""reason"": ""emergency""}"
2026-01-20 16:24:53,control_received,"{""action"": ""priority_mode"", ""signal"": ""green"", ""speed_limit"": 30, ""reason"": ""emergency""}"
2026-01-20 16:24:53,control_received,"{""action"": ""priority_mode"", ""signal"": ""green"", ""speed_limit"": 30, ""reason"": ""emergency""}"
2026-01-20 16:24:58,priority_mode,"{""action"": ""priority_mode"", ""signal"": ""green"", ""speed_limit"": 30, ""reason"": ""emergency""}"
2026-01-20 16:24:58,control_received,"{""action"": ""priority_mode"", ""signal"": ""green"", ""speed_limit"": 30, ""reason"": ""emergency""}"
2026-01-20 16:24:58,control_received,"{""action"": ""priority_mode"", ""signal"": ""green"", ""speed_limit"": 30, ""reason"": ""emergency""}"
2026-01-20 16:25:03,normal,"{""action"": ""normal"", ""speed_limit"": 60, ""reason"": ""normal""}"
2026-01-20 16:25:03,control_received,"{""action"": ""normal"", ""speed_limit"": 60, ""reason"": ""normal""}"
2026-01-20 16:25:03,control_received,"{""action"": ""normal"", ""speed_limit"": 60, ""reason"": ""normal""}"
2026-01-20 16:25:08,priority_mode,"{""action"": ""priority_mode"", ""signal"": ""green"", ""speed_limit"": 30, ""reason"": ""emergency""}"
2026-01-20 16:25:08,control_received,"{""action"": ""priority_mode"", ""signal"": ""green"", ""speed_limit"": 30, ""reason"": ""emergency""}"
2026-01-20 16:25:13,normal,"{""action"": ""normal"", ""speed_limit"": 60, ""reason"": ""normal""}"
2026-01-20 16:25:13,control_received,"{""action"": ""normal"", ""speed_limit"": 60, ""reason"": ""normal""}"
2026-01-20 16:25:18,priority_mode,"{""action"": ""priority_mode"", ""signal"": ""green"", ""speed_limit"": 30, ""reason"": ""emergency""}"
2026-01-20 16:25:18,control_received,"{""action"": ""priority_mode"", ""signal"": ""green"", ""speed_limit"": 30, ""reason"": ""emergency""}"
2026-01-20 16:25:23,normal,"{""action"": ""normal"", ""speed_limit"": 60, ""reason"": ""normal""}"
2026-01-20 16:25:23,control_received,"{""action"": ""normal"", ""speed_limit"": 60, ""reason"": ""normal""}"
2026-01-20 16:25:23,control_received,"{""action"": ""normal"", ""speed_limit"": 60, ""reason"": ""normal""}"
2026-01-20 16:25:28,priority_mode,"{""action"": ""priority_mode"", ""signal"": ""green"", ""speed_limit"": 30, ""reason"": ""emergency""}"
2026-01-20 16:25:28,control_received,"{""action"": ""priority_mode"", ""signal"": ""green"", ""speed_limit"": 30, ""reason"": ""emergency""}"
2026-01-20 16:25:28,control_received,"{""action"": ""priority_mode"", ""signal"": ""green"", ""speed_limit"": 30, ""reason"": ""emergency""}"
2026-01-20 16:25:33,normal,"{""action"": ""normal"", ""speed_limit"": 60, ""reason"": ""normal""}"
2026-01-20 16:25:33,control_received,"{""action"": ""normal"", ""speed_limit"": 60, ""reason"": ""normal""}"
2026-01-20 16:25:33,control_received,"{""action"": ""normal"", ""speed_limit"": 60, ""reason"": ""normal""}"
2026-01-20 16:25:38,priority_mode,"{""action"": ""priority_mode"", ""signal"": ""green"", ""speed_limit"": 30, ""reason"": ""emergency""}"
2026-01-20 16:25:38,control_received,"{""action"": ""priority_mode"", ""signal"": ""green"", ""speed_limit"": 30, ""reason"": ""emergency""}"
2026-01-20 16:25:38,control_received,"{""action"": ""priority_mode"", ""signal"": ""green"", ""speed_limit"": 30, ""reason"": ""emergency""}"
2026-01-20 16:25:43,normal,"{""action"": ""normal"", ""speed_limit"": 60, ""reason"": ""normal""}"
2026-01-20 16:25:43,control_received,"{""action"": ""normal"", ""speed_limit"": 60, ""reason"": ""normal""}"
2026-01-20 16:25:48,priority_mode,"{""action"": ""priority_mode"", ""signal"": ""green"", ""speed_limit"": 30, ""reason"": ""emergency""}"
2026-01-20 16:25:48,control_received,"{""action"": ""priority_mode"", ""signal"": ""green"", ""speed_limit"": 30, ""reason"": ""emergency""}"
2026-01-20 16:25:48,control_received,"{""action"": ""priority_mode"", ""signal"": ""green"", ""speed_limit"": 30, ""reason"": ""emergency""}"
2026-01-20 16:25:53,normal,"{""action"": ""normal"", ""speed_limit"": 60, ""reason"": ""normal""}"
2026-01-20 16:25:53,control_received,"{""action"": ""normal"", ""speed_limit"": 60, ""reason"": ""normal""}"
2026-01-20 16:25:58,priority_mode,"{""action"": ""priority_mode"", ""signal"": ""green"", ""speed_limit"": 30, ""reason"": ""emergency""}"
2026-01-20 16:25:58,control_received,"{""action"": ""priority_mode"", ""signal"": ""green"", ""speed_limit"": 30, ""reason"": ""emergency""}"
2026-01-20 16:25:58,control_received,"{""action"": ""priority_mode"", ""signal"": ""green"", ""speed_limit"": 30, ""reason"": ""emergency""}"
2026-01-20 16:26:03,normal,"{""action"": ""normal"", ""speed_limit"": 60, ""reason"": ""normal""}"
2026-01-20 16:26:03,control_received,"{""action"": ""normal"", ""speed_limit"": 60, ""reason"": ""normal""}"
2026-01-20 16:26:03,control_received,"{""action"": ""normal"", ""speed_limit"": 60, ""reason"": ""normal""}"
2026-01-20 16:26:08,priority_mode,"{""action"": ""priority_mode"", ""signal"": ""green"", ""speed_limit"": 30, ""reason"": ""emergency""}"
2026-01-20 16:26:08,control_received,"{""action"": ""priority_mode"", ""signal"": ""green"", ""speed_limit"": 30, ""reason"": ""emergency""}"
2026-01-20 16:26:13,priority_mode,"{""action"": ""priority_mode"", ""signal"": ""green"", ""speed_limit"": 30, ""reason"": ""emergency""}"
2026-01-20 16:26:13,control_received,"{""action"": ""priority_mode"", ""signal"": ""green"", ""speed_limit"": 30, ""reason"": ""emergency""}"
2026-01-20 16:26:13,control_received,"{""action"": ""priority_mode"", ""signal"": ""green"", ""speed_limit"": 30, ""reason"": ""emergency""}"
2026-01-20 16:26:18,normal,"{""action"": ""normal"", ""speed_limit"": 60, ""reason"": ""normal""}"
2026-01-20 16:26:18,control_received,"{""action"": ""normal"", ""speed_limit"": 60, ""reason"": ""normal""}"
2026-01-20 16:26:18,control_received,"{""action"": ""normal"", ""speed_limit"": 60, ""reason"": ""normal""}"
2026-01-20 16:26:23,priority_mode,"{""action"": ""priority_mode"", ""signal"": ""green"", ""speed_limit"": 30, ""reason"": ""emergency""}"
2026-01-20 16:26:23,control_received,"{""action"": ""priority_mode"", ""signal"": ""green"", ""speed_limit"": 30, ""reason"": ""emergency""}"
2026-01-20 16:26:23,control_received,"{""action"": ""priority_mode"", ""signal"": ""green"", ""speed_limit"": 30, ""reason"": ""emergency""}"
2026-01-20 16:26:28,normal,"{""action"": ""normal"", ""speed_limit"": 60, ""reason"": ""normal""}"
2026-01-20 16:26:28,control_received,"{""action"": ""normal"", ""speed_limit"": 60, ""reason"": ""normal""}"
2026-01-20 16:26:28,control_received,"{""action"": ""normal"", ""speed_limit"": 60, ""reason"": ""normal""}"
2026-01-20 16:26:33,normal,"{""action"": ""normal"", ""speed_limit"": 60, ""reason"": ""normal""}"
2026-01-20 16:26:33,control_received,"{""action"": ""normal"", ""speed_limit"": 60, ""reason"": ""normal""}"
2026-01-20 16:26:33,control_received,"{""action"": ""normal"", ""speed_limit"": 60, ""reason"": ""normal""}"
2026-01-20 16:26:38,priority_mode,"{""action"": ""priority_mode"", ""signal"": ""green"", ""speed_limit"": 30, ""reason"": ""emergency""}"
2026-01-20 16:26:38,control_received,"{""action"": ""priority_mode"", ""signal"": ""green"", ""speed_limit"": 30, ""reason"": ""emergency""}"
2026-01-20 16:26:43,normal,"{""action"": ""normal"", ""speed_limit"": 60, ""reason"": ""normal""}"
2026-01-20 16:26:43,control_received,"{""action"": ""normal"", ""speed_limit"": 60, ""reason"": ""normal""}"
2026-01-20 16:26:48,normal,"{""action"": ""normal"", ""speed_limit"": 60, ""reason"": ""normal""}"
2026-01-20 16:26:48,control_received,"{""action"": ""normal"", ""speed_limit"": 60, ""reason"": ""normal""}"
2026-01-20 16:26:53,priority_mode,"{""action"": ""priority_mode"", ""signal"": ""green"", ""speed_limit"": 30, ""reason"": ""emergency""}"
2026-01-20 16:26:53,control_received,"{""action"": ""priority_mode"", ""signal"": ""green"", ""speed_limit"": 30, ""reason"": ""emergency""}"
2026-01-20 16:26:58,normal,"{""action"": ""normal"", ""speed_limit"": 60, ""reason"": ""normal""}"
2026-01-20 16:26:58,control_received,"{""action"": ""normal"", ""speed_limit"": 60, ""reason"": ""normal""}"
2026-01-20 16:26:58,control_received,"{""action"": ""normal"", ""speed_limit"": 60, ""reason"": ""normal""}"
2026-01-20 16:27:03,reduce_speed,"{""action"": ""reduce_speed"", ""speed_limit"": 50, ""reason"": ""moderate_congestion""}"
2026-01-20 16:27:03,control_received,"{""action"": ""reduce_speed"", ""speed_limit"": 50, ""reason"": ""moderate_congestion""}"
2026-01-20 16:27:03,control_received,"{""action"": ""reduce_speed"", ""speed_limit"": 50, ""reason"": ""moderate_congestion""}"
2026-01-20 16:27:08,normal,"{""action"": ""normal"", ""speed_limit"": 60, ""reason"": ""normal""}"
2026-01-20 16:27:08,control_received,"{""action"": ""normal"", ""speed_limit"": 60, ""reason"": ""normal""}"
2026-01-20 16:27:13,normal,"{""action"": ""normal"", ""speed_limit"": 60, ""reason"": ""normal""}"
2026-01-20 16:27:13,control_received,"{""action"": ""normal"", ""speed_limit"": 60, ""reason"": ""normal""}"
2026-01-20 16:27:13,control_received,"{""action"": ""normal"", ""speed_limit"": 60, ""reason"": ""normal""}"
2026-01-20 16:27:18,priority_mode,"{""action"": ""priority_mode"", ""signal"": ""green"", ""speed_limit"": 30, ""reason"": ""emergency""}"
2026-01-20 16:27:18,control_received,"{""action"": ""priority_mode"", ""signal"": ""green"", ""speed_limit"": 30, ""reason"": ""emergency""}"
2026-01-20 16:27:23,normal,"{""action"": ""normal"", ""speed_limit"": 60, ""reason"": ""normal""}"
2026-01-20 16:27:23,control_received,"{""action"": ""normal"", ""speed_limit"": 60, ""reason"": ""normal""}"
2026-01-20 16:27:23,control_received,"{""action"": ""normal"", ""speed_limit"": 60, ""reason"": ""normal""}"
2026-01-20 16:27:28,normal,"{""action"": ""normal"", ""speed_limit"": 60, ""reason"": ""normal""}"
2026-01-20 16:27:28,control_received,"{""action"": ""normal"", ""speed_limit"": 60, ""reason"": ""normal""}"
2026-01-20 16:27:28,control_received,"{""action"": ""normal"", ""speed_limit"": 60, ""reason"": ""normal""}"
2026-01-20 16:27:33,normal,"{""action"": ""normal"", ""speed_limit"": 60, ""reason"": ""normal""}"
2026-01-20 16:27:33,control_received,"{""action"": ""normal"", ""speed_limit"": 60, ""reason"": ""normal""}"
2026-01-20 16:27:38,normal,"{""action"": ""normal"", ""speed_limit"": 60, ""reason"": ""normal""}"
2026-01-20 16:27:38,control_received,"{""action"": ""normal"", ""speed_limit"": 60, ""reason"": ""normal""}"
2026-01-20 16:27:38,control_received,"{""action"": ""normal"", ""speed_limit"": 60, ""reason"": ""normal""}"
2026-01-20 16:27:43,normal,"{""action"": ""normal"", ""speed_limit"": 60, ""reason"": ""normal""}"
2026-01-20 16:27:43,control_received,"{""action"": ""normal"", ""speed_limit"": 60, ""reason"": ""normal""}"
2026-01-20 16:27:43,control_received,"{""action"": ""normal"", ""speed_limit"": 60, ""reason"": ""normal""}"
2026-01-20 16:27:48,normal,"{""action"": ""normal"", ""speed_limit"": 60, ""reason"": ""normal""}"
2026-01-20 16:27:48,control_received,"{""action"": ""normal"", ""speed_limit"": 60, ""reason"": ""normal""}"
2026-01-20 16:27:48,control_received,"{""action"": ""normal"", ""speed_limit"": 60, ""reason"": ""normal""}"
2026-01-20 16:27:53,priority_mode,"{""action"": ""priority_mode"", ""signal"": ""green"", ""speed_limit"": 30, ""reason"": ""emergency""}"
2026-01-20 16:27:53,control_received,"{""action"": ""priority_mode"", ""signal"": ""green"", ""speed_limit"": 30, ""reason"": ""emergency""}"
2026-01-20 16:27:53,control_received,"{""action"": ""priority_mode"", ""signal"": ""green"", ""speed_limit"": 30, ""reason"": ""emergency""}"
2026-01-20 16:27:58,normal,"{""action"": ""normal"", ""speed_limit"": 60, ""reason"": ""normal""}"
2026-01-20 16:27:58,control_received,"{""action"": ""normal"", ""speed_limit"": 60, ""reason"": ""normal""}"
2026-01-20 16:27:58,control_received,"{""action"": ""normal"", ""speed_limit"": 60, ""reason"": ""normal""}"
2026-01-20 16:28:03,normal,"{""action"": ""normal"", ""speed_limit"": 60, ""reason"": ""normal""}"
2026-01-20 16:28:03,control_received,"{""action"": ""normal"", ""speed_limit"": 60, ""reason"": ""normal""}"
2026-01-20 16:28:08,reduce_speed,"{""action"": ""reduce_speed"", ""speed_limit"": 50, ""reason"": ""moderate_congestion""}"
2026-01-20 16:28:08,control_received,"{""action"": ""reduce_speed"", ""speed_limit"": 50, ""reason"": ""moderate_congestion""}"
2026-01-20 16:28:13,normal,"{""action"": ""normal"", ""speed_limit"": 60, ""reason"": ""normal""}"
2026-01-20 16:28:13,control_received,"{""action"": ""normal"", ""speed_limit"": 60, ""reason"": ""normal""}"
2026-01-20 16:28:18,reduce_speed,"{""action"": ""reduce_speed"", ""speed_limit"": 50, ""reason"": ""moderate_congestion""}"
2026-01-20 16:28:18,control_received,"{""action"": ""reduce_speed"", ""speed_limit"": 50, ""reason"": ""moderate_congestion""}"
2026-01-20 16:28:18,control_received,"{""action"": ""reduce_speed"", ""speed_limit"": 50, ""reason"": ""moderate_congestion""}"
2026-01-20 16:28:23,priority_mode,"{""action"": ""priority_mode"", ""signal"": ""green"", ""speed_limit"": 30, ""reason"": ""emergency""}"
2026-01-20 16:28:23,control_received,"{""action"": ""priority_mode"", ""signal"": ""green"", ""speed_limit"": 30, ""reason"": ""emergency""}"
2026-01-20 16:28:23,control_received,"{""action"": ""priority_mode"", ""signal"": ""green"", ""speed_limit"": 30, ""reason"": ""emergency""}"
2026-01-20 16:28:28,priority_mode,"{""action"": ""priority_mode"", ""signal"": ""green"", ""speed_limit"": 30, ""reason"": ""emergency""}"
2026-01-20 16:28:28,control_received,"{""action"": ""priority_mode"", ""signal"": ""green"", ""speed_limit"": 30, ""reason"": ""emergency""}"
2026-01-20 16:28:28,control_received,"{""action"": ""priority_mode"", ""signal"": ""green"", ""speed_limit"": 30, ""reason"": ""emergency""}"
2026-01-20 16:28:33,normal,"{""action"": ""normal"", ""speed_limit"": 60, ""reason"": ""normal""}"
2026-01-20 16:28:33,control_received,"{""action"": ""normal"", ""speed_limit"": 60, ""reason"": ""normal""}"
2026-01-20 16:28:33,control_received,"{""action"": ""normal"", ""speed_limit"": 60, ""reason"": ""normal""}"
2026-01-20 16:28:38,reduce_speed,"{""action"": ""reduce_speed"", ""speed_limit"": 50, ""reason"": ""moderate_congestion""}"
2026-01-20 16:28:38,control_received,"{""action"": ""reduce_speed"", ""speed_limit"": 50, ""reason"": ""moderate_congestion""}"
2026-01-20 16:28:43,reduce_speed,"{""action"": ""reduce_speed"", ""speed_limit"": 50, ""reason"": ""moderate_congestion""}"
2026-01-20 16:28:43,control_received,"{""action"": ""reduce_speed"", ""speed_limit"": 50, ""reason"": ""moderate_congestion""}"
2026-01-20 16:28:48,reduce_speed,"{""action"": ""reduce_speed"", ""speed_limit"": 50, ""reason"": ""moderate_congestion""}"
2026-01-20 16:28:48,control_received,"{""action"": ""reduce_speed"", ""speed_limit"": 50, ""reason"": ""moderate_congestion""}"
2026-01-20 16:28:48,control_received,"{""action"": ""reduce_speed"", ""speed_limit"": 50, ""reason"": ""moderate_congestion""}"
2026-01-20 16:28:53,priority_mode,"{""action"": ""priority_mode"", ""signal"": ""green"", ""speed_limit"": 30, ""reason"": ""emergency""}"
2026-01-20 16:28:53,control_received,"{""action"": ""priority_mode"", ""signal"": ""green"", ""speed_limit"": 30, ""reason"": ""emergency""}"
2026-01-20 16:28:58,normal,"{""action"": ""normal"", ""speed_limit"": 60, ""reason"": ""normal""}"
2026-01-20 16:28:58,control_received,"{""action"": ""normal"", ""speed_limit"": 60, ""reason"": ""normal""}"
2026-01-20 16:28:58,control_received,"{""action"": ""normal"", ""speed_limit"": 60, ""reason"": ""normal""}"
2026-01-20 16:29:03,normal,"{""action"": ""normal"", ""speed_limit"": 60, ""reason"": ""normal""}"
2026-01-20 16:29:03,control_received,"{""action"": ""normal"", ""speed_limit"": 60, ""reason"": ""normal""}"
2026-01-20 16:29:03,control_received,"{""action"": ""normal"", ""speed_limit"": 60, ""reason"": ""normal""}"
2026-01-20 16:29:08,priority_mode,"{""action"": ""priority_mode"", ""signal"": ""green"", ""speed_limit"": 30, ""reason"": ""emergency""}"
2026-01-20 16:29:08,control_received,"{""action"": ""priority_mode"", ""signal"": ""green"", ""speed_limit"": 30, ""reason"": ""emergency""}"
2026-01-20 16:29:08,control_received,"{""action"": ""priority_mode"", ""signal"": ""green"", ""speed_limit"": 30, ""reason"": ""emergency""}"
2026-01-20 16:29:13,normal,"{""action"": ""normal"", ""speed_limit"": 60, ""reason"": ""normal""}"
2026-01-20 16:29:13,control_received,"{""action"": ""normal"", ""speed_limit"": 60, ""reason"": ""normal""}"
2026-01-20 16:29:18,normal,"{""action"": ""normal"", ""speed_limit"": 60, ""reason"": ""normal""}"
2026-01-20 16:29:18,control_received,"{""action"": ""normal"", ""speed_limit"": 60, ""reason"": ""normal""}"
2026-01-20 16:29:18,control_received,"{""action"": ""normal"", ""speed_limit"": 60, ""reason"": ""normal""}"
2026-01-20 16:29:23,normal,"{""action"": ""normal"", ""speed_limit"": 60, ""reason"": ""normal""}"
2026-01-20 16:29:23,control_received,"{""action"": ""normal"", ""speed_limit"": 60, ""reason"": ""normal""}"
2026-01-20 16:29:28,normal,"{""action"": ""normal"", ""speed_limit"": 60, ""reason"": ""normal""}"
2026-01-20 16:29:28,control_received,"{""action"": ""normal"", ""speed_limit"": 60, ""reason"": ""normal""}"
2026-01-20 16:29:28,control_received,"{""action"": ""normal"", ""speed_limit"": 60, ""reason"": ""normal""}"
2026-01-20 16:29:33,priority_mode,"{""action"": ""priority_mode"", ""signal"": ""green"", ""speed_limit"": 30, ""reason"": ""emergency""}"
2026-01-20 16:29:33,control_received,"{""action"": ""priority_mode"", ""signal"": ""green"", ""speed_limit"": 30, ""reason"": ""emergency""}"
2026-01-20 16:29:33,control_received,"{""action"": ""priority_mode"", ""signal"": ""green"", ""speed_limit"": 30, ""reason"": ""emergency""}"
2026-01-20 16:29:38,priority_mode,"{""action"": ""priority_mode"", ""signal"": ""green"", ""speed_limit"": 30, ""reason"": ""emergency""}"
2026-01-20 16:29:38,control_received,"{""action"": ""priority_mode"", ""signal"": ""green"", ""speed_limit"": 30, ""reason"": ""emergency""}"
2026-01-20 16:29:38,control_received,"{""action"": ""priority_mode"", ""signal"": ""green"", ""speed_limit"": 30, ""reason"": ""emergency""}"
2026-01-20 16:29:43,normal,"{""action"": ""normal"", ""speed_limit"": 60, ""reason"": ""normal""}"
2026-01-20 16:29:43,control_received,"{""action"": ""normal"", ""speed_limit"": 60, ""reason"": ""normal""}"
2026-01-20 16:29:48,reduce_speed,"{""action"": ""reduce_speed"", ""speed_limit"": 50, ""reason"": ""moderate_congestion""}"
2026-01-20 16:29:48,control_received,"{""action"": ""reduce_speed"", ""speed_limit"": 50, ""reason"": ""moderate_congestion""}"
2026-01-20 16:29:48,control_received,"{""action"": ""reduce_speed"", ""speed_limit"": 50, ""reason"": ""moderate_congestion""}"
2026-01-20 16:29:53,normal,"{""action"": ""normal"", ""speed_limit"": 60, ""reason"": ""normal""}"
2026-01-20 16:29:53,control_received,"{""action"": ""normal"", ""speed_limit"": 60, ""reason"": ""normal""}"
2026-01-20 16:29:58,normal,"{""action"": ""normal"", ""speed_limit"": 60, ""reason"": ""normal""}"
2026-01-20 16:29:58,control_received,"{""action"": ""normal"", ""speed_limit"": 60, ""reason"": ""normal""}"
2026-01-20 16:29:58,control_received,"{""action"": ""normal"", ""speed_limit"": 60, ""reason"": ""normal""}"
2026-01-20 16:30:03,normal,"{""action"": ""normal"", ""speed_limit"": 60, ""reason"": ""normal""}"
2026-01-20 16:30:03,control_received,"{""action"": ""normal"", ""speed_limit"": 60, ""reason"": ""normal""}"
2026-01-20 16:30:03,control_received,"{""action"": ""normal"", ""speed_limit"": 60, ""reason"": ""normal""}"
2026-01-20 16:30:08,normal,"{""action"": ""normal"", ""speed_limit"": 60, ""reason"": ""normal""}"
2026-01-20 16:30:08,control_received,"{""action"": ""normal"", ""speed_limit"": 60, ""reason"": ""normal""}"
2026-01-20 16:30:13,normal,"{""action"": ""normal"", ""speed_limit"": 60, ""reason"": ""normal""}"
2026-01-20 16:30:13,control_received,"{""action"": ""normal"", ""speed_limit"": 60, ""reason"": ""normal""}"
2026-01-20 16:30:13,control_received,"{""action"": ""normal"", ""speed_limit"": 60, ""reason"": ""normal""}"
2026-01-20 16:30:18,normal,"{""action"": ""normal"", ""speed_limit"": 60, ""reason"": ""normal""}"
2026-01-20 16:30:18,control_received,"{""action"": ""normal"", ""speed_limit"": 60, ""reason"": ""normal""}"
2026-01-20 16:30:23,normal,"{""action"": ""normal"", ""speed_limit"": 60, ""reason"": ""normal""}"
2026-01-20 16:30:23,control_received,"{""action"": ""normal"", ""speed_limit"": 60, ""reason"": ""normal""}"
2026-01-20 16:30:28,normal,"{""action"": ""normal"", ""speed_limit"": 60, ""reason"": ""normal""}"
2026-01-20 16:30:28,control_received,"{""action"": ""normal"", ""speed_limit"": 60, ""reason"": ""normal""}"
2026-01-20 16:30:28,control_received,"{""action"": ""normal"", ""speed_limit"": 60, ""reason"": ""normal""}"
2026-01-20 16:30:33,normal,"{""action"": ""normal"", ""speed_limit"": 60, ""reason"": ""normal""}"
2026-01-20 16:30:33,control_received,"{""action"": ""normal"", ""speed_limit"": 60, ""reason"": ""normal""}"
2026-01-20 16:30:33,control_received,"{""action"": ""normal"", ""speed_limit"": 60, ""reason"": ""normal""}"
2026-01-20 16:30:38,normal,"{""action"": ""normal"", ""speed_limit"": 60, ""reason"": ""normal""}"
2026-01-20 16:30:38,control_received,"{""action"": ""normal"", ""speed_limit"": 60, ""reason"": ""normal""}"
2026-01-20 16:30:38,control_received,"{""action"": ""normal"", ""speed_limit"": 60, ""reason"": ""normal""}"
2026-01-20 16:30:43,normal,"{""action"": ""normal"", ""speed_limit"": 60, ""reason"": ""normal""}"
2026-01-20 16:30:43,control_received,"{""action"": ""normal"", ""speed_limit"": 60, ""reason"": ""normal""}"
2026-01-20 16:30:43,control_received,"{""action"": ""normal"", ""speed_limit"": 60, ""reason"": ""normal""}"
2026-01-20 16:30:48,normal,"{""action"": ""normal"", ""speed_limit"": 60, ""reason"": ""normal""}"
2026-01-20 16:30:48,control_received,"{""action"": ""normal"", ""speed_limit"": 60, ""reason"": ""normal""}"
2026-01-20 16:30:53,priority_mode,"{""action"": ""priority_mode"", ""signal"": ""green"", ""speed_limit"": 30, ""reason"": ""emergency""}"
2026-01-20 16:30:53,control_received,"{""action"": ""priority_mode"", ""signal"": ""green"", ""speed_limit"": 30, ""reason"": ""emergency""}"
2026-01-20 16:30:58,reduce_speed,"{""action"": ""reduce_speed"", ""speed_limit"": 50, ""reason"": ""moderate_congestion""}"
2026-01-20 16:30:58,control_received,"{""action"": ""reduce_speed"", ""speed_limit"": 50, ""reason"": ""moderate_congestion""}"
2026-01-20 16:30:58,control_received,"{""action"": ""reduce_speed"", ""speed_limit"": 50, ""reason"": ""moderate_congestion""}"
2026-01-20 16:31:03,normal,"{""action"": ""normal"", ""speed_limit"": 60, ""reason"": ""normal""}"
2026-01-20 16:31:03,control_received,"{""action"": ""normal"", ""speed_limit"": 60, ""reason"": ""normal""}"
2026-01-20 16:31:03,control_received,"{""action"": ""normal"", ""speed_limit"": 60, ""reason"": ""normal""}"
2026-01-20 16:31:08,normal,"{""action"": ""normal"", ""speed_limit"": 60, ""reason"": ""normal""}"
2026-01-20 16:31:08,control_received,"{""action"": ""normal"", ""speed_limit"": 60, ""reason"": ""normal""}"
2026-01-20 16:31:08,control_received,"{""action"": ""normal"", ""speed_limit"": 60, ""reason"": ""normal""}"
2026-01-20 16:31:13,normal,"{""action"": ""normal"", ""speed_limit"": 60, ""reason"": ""normal""}"
2026-01-20 16:31:13,control_received,"{""action"": ""normal"", ""speed_limit"": 60, ""reason"": ""normal""}"
2026-01-20 16:31:13,control_received,"{""action"": ""normal"", ""speed_limit"": 60, ""reason"": ""normal""}"
2026-01-20 16:31:18,priority_mode,"{""action"": ""priority_mode"", ""signal"": ""green"", ""speed_limit"": 30, ""reason"": ""emergency""}"
2026-01-20 16:31:18,control_received,"{""action"": ""priority_mode"", ""signal"": ""green"", ""speed_limit"": 30, ""reason"": ""emergency""}"
2026-01-20 16:31:18,control_received,"{""action"": ""priority_mode"", ""signal"": ""green"", ""speed_limit"": 30, ""reason"": ""emergency""}"
2026-01-20 16:31:23,priority_mode,"{""action"": ""priority_mode"", ""signal"": ""green"", ""speed_limit"": 30, ""reason"": ""emergency""}"
2026-01-20 16:31:23,control_received,"{""action"": ""priority_mode"", ""signal"": ""green"", ""speed_limit"": 30, ""reason"": ""emergency""}"
2026-01-20 16:31:23,control_received,"{""action"": ""priority_mode"", ""signal"": ""green"", ""speed_limit"": 30, ""reason"": ""emergency""}"
2026-01-20 16:31:28,normal,"{""action"": ""normal"", ""speed_limit"": 60, ""reason"": ""normal""}"
2026-01-20 16:31:28,control_received,"{""action"": ""normal"", ""speed_limit"": 60, ""reason"": ""normal""}"
2026-01-20 16:31:28,control_received,"{""action"": ""normal"", ""speed_limit"": 60, ""reason"": ""normal""}"
2026-01-20 16:31:33,normal,"{""action"": ""normal"", ""speed_limit"": 60, ""reason"": ""normal""}"
2026-01-20 16:31:33,control_received,"{""action"": ""normal"", ""speed_limit"": 60, ""reason"": ""normal""}"
2026-01-20 16:31:33,control_received,"{""action"": ""normal"", ""speed_limit"": 60, ""reason"": ""normal""}"
2026-01-20 16:31:38,priority_mode,"{""action"": ""priority_mode"", ""signal"": ""green"", ""speed_limit"": 30, ""reason"": ""emergency""}"
2026-01-20 16:31:38,control_received,"{""action"": ""priority_mode"", ""signal"": ""green"", ""speed_limit"": 30, ""reason"": ""emergency""}"
2026-01-20 16:31:38,control_received,"{""action"": ""priority_mode"", ""signal"": ""green"", ""speed_limit"": 30, ""reason"": ""emergency""}"
2026-01-20 16:31:43,normal,"{""action"": ""normal"", ""speed_limit"": 60, ""reason"": ""normal""}"
2026-01-20 16:31:43,control_received,"{""action"": ""normal"", ""speed_limit"": 60, ""reason"": ""normal""}"
2026-01-20 16:31:43,control_received,"{""action"": ""normal"", ""speed_limit"": 60, ""reason"": ""normal""}"
2026-01-20 16:31:48,normal,"{""action"": ""normal"", ""speed_limit"": 60, ""reason"": ""normal""}"
2026-01-20 16:31:48,control_received,"{""action"": ""normal"", ""speed_limit"": 60, ""reason"": ""normal""}"
2026-01-20 16:31:48,control_received,"{""action"": ""normal"", ""speed_limit"": 60, ""reason"": ""normal""}"
2026-01-20 16:31:53,priority_mode,"{""action"": ""priority_mode"", ""signal"": ""green"", ""speed_limit"": 30, ""reason"": ""emergency""}"
2026-01-20 16:31:53,control_received,"{""action"": ""priority_mode"", ""signal"": ""green"", ""speed_limit"": 30, ""reason"": ""emergency""}"
2026-01-20 16:31:53,control_received,"{""action"": ""priority_mode"", ""signal"": ""green"", ""speed_limit"": 30, ""reason"": ""emergency""}"
2026-01-20 16:31:58,normal,"{""action"": ""normal"", ""speed_limit"": 60, ""reason"": ""normal""}"
2026-01-20 16:31:58,control_received,"{""action"": ""normal"", ""speed_limit"": 60, ""reason"": ""normal""}"
2026-01-20 16:32:03,normal,"{""action"": ""normal"", ""speed_limit"": 60, ""reason"": ""normal""}"
2026-01-20 16:32:03,control_received,"{""action"": ""normal"", ""speed_limit"": 60, ""reason"": ""normal""}"
2026-01-20 16:32:03,control_received,"{""action"": ""normal"", ""speed_limit"": 60, ""reason"": ""normal""}"
2026-01-20 16:32:08,normal,"{""action"": ""normal"", ""speed_limit"": 60, ""reason"": ""normal""}"
2026-01-20 16:32:08,control_received,"{""action"": ""normal"", ""speed_limit"": 60, ""reason"": ""normal""}"
2026-01-20 16:32:08,control_received,"{""action"": ""normal"", ""speed_limit"": 60, ""reason"": ""normal""}"
2026-01-20 16:32:13,normal,"{""action"": ""normal"", ""speed_limit"": 60, ""reason"": ""normal""}"
2026-01-20 16:32:13,control_received,"{""action"": ""normal"", ""speed_limit"": 60, ""reason"": ""normal""}"
2026-01-20 16:32:13,control_received,"{""action"": ""normal"", ""speed_limit"": 60, ""reason"": ""normal""}"
2026-01-20 16:32:18,priority_mode,"{""action"": ""priority_mode"", ""signal"": ""green"", ""speed_limit"": 30, ""reason"": ""emergency""}"
2026-01-20 16:32:18,control_received,"{""action"": ""priority_mode"", ""signal"": ""green"", ""speed_limit"": 30, ""reason"": ""emergency""}"
2026-01-20 16:32:18,control_received,"{""action"": ""priority_mode"", ""signal"": ""green"", ""speed_limit"": 30, ""reason"": ""emergency""}"
2026-01-20 16:32:23,normal,"{""action"": ""normal"", ""speed_limit"": 60, ""reason"": ""normal""}"
2026-01-20 16:32:23,control_received,"{""action"": ""normal"", ""speed_limit"": 60, ""reason"": ""normal""}"
2026-01-20 16:32:23,control_received,"{""action"": ""normal"", ""speed_limit"": 60, ""reason"": ""normal""}"
2026-01-20 16:32:28,priority_mode,"{""action"": ""priority_mode"", ""signal"": ""green"", ""speed_limit"": 30, ""reason"": ""emergency""}"
2026-01-20 16:32:28,control_received,"{""action"": ""priority_mode"", ""signal"": ""green"", ""speed_limit"": 30, ""reason"": ""emergency""}"
2026-01-20 16:32:28,control_received,"{""action"": ""priority_mode"", ""signal"": ""green"", ""speed_limit"": 30, ""reason"": ""emergency""}"
2026-01-20 16:32:33,normal,"{""action"": ""normal"", ""speed_limit"": 60, ""reason"": ""normal""}"
2026-01-20 16:32:33,control_received,"{""action"": ""normal"", ""speed_limit"": 60, ""reason"": ""normal""}"
2026-01-20 16:32:33,control_received,"{""action"": ""normal"", ""speed_limit"": 60, ""reason"": ""normal""}"
2026-01-20 16:32:38,normal,"{""action"": ""normal"", ""speed_limit"": 60, ""reason"": ""normal""}"
2026-01-20 16:32:38,control_received,"{""action"": ""normal"", ""speed_limit"": 60, ""reason"": ""normal""}"
2026-01-20 16:32:38,control_received,"{""action"": ""normal"", ""speed_limit"": 60, ""reason"": ""normal""}"
2026-01-20 16:32:43,priority_mode,"{""action"": ""priority_mode"", ""signal"": ""green"", ""speed_limit"": 30, ""reason"": ""emergency""}"
2026-01-20 16:32:43,control_received,"{""action"": ""priority_mode"", ""signal"": ""green"", ""speed_limit"": 30, ""reason"": ""emergency""}"
2026-01-20 16:32:43,control_received,"{""action"": ""priority_mode"", ""signal"": ""green"", ""speed_limit"": 30, ""reason"": ""emergency""}"
2026-01-20 16:32:48,priority_mode,"{""action"": ""priority_mode"", ""signal"": ""green"", ""speed_limit"": 30, ""reason"": ""emergency""}"
2026-01-20 16:32:48,control_received,"{""action"": ""priority_mode"", ""signal"": ""green"", ""speed_limit"": 30, ""reason"": ""emergency""}"
2026-01-20 16:32:48,control_received,"{""action"": ""priority_mode"", ""signal"": ""green"", ""speed_limit"": 30, ""reason"": ""emergency""}"
2026-01-20 16:32:53,normal,"{""action"": ""normal"", ""speed_limit"": 60, ""reason"": ""normal""}"
2026-01-20 16:32:53,control_received,"{""action"": ""normal"", ""speed_limit"": 60, ""reason"": ""normal""}"
2026-01-20 16:32:53,control_received,"{""action"": ""normal"", ""speed_limit"": 60, ""reason"": ""normal""}"
2026-01-20 16:32:58,normal,"{""action"": ""normal"", ""speed_limit"": 60, ""reason"": ""normal""}"
2026-01-20 16:32:58,control_received,"{""action"": ""normal"", ""speed_limit"": 60, ""reason"": ""normal""}"
2026-01-20 16:32:58,control_received,"{""action"": ""normal"", ""speed_limit"": 60, ""reason"": ""normal""}"
2026-01-20 16:33:03,reduce_speed,"{""action"": ""reduce_speed"", ""speed_limit"": 50, ""reason"": ""moderate_congestion""}"
2026-01-20 16:33:03,control_received,"{""action"": ""reduce_speed"", ""speed_limit"": 50, ""reason"": ""moderate_congestion""}"
2026-01-20 16:33:08,normal,"{""action"": ""normal"", ""speed_limit"": 60, ""reason"": ""normal""}"
2026-01-20 16:33:08,control_received,"{""action"": ""normal"", ""speed_limit"": 60, ""reason"": ""normal""}"
2026-01-20 16:33:08,control_received,"{""action"": ""normal"", ""speed_limit"": 60, ""reason"": ""normal""}"
2026-01-20 16:33:13,normal,"{""action"": ""normal"", ""speed_limit"": 60, ""reason"": ""normal""}"
2026-01-20 16:33:13,control_received,"{""action"": ""normal"", ""speed_limit"": 60, ""reason"": ""normal""}"
2026-01-20 16:33:13,control_received,"{""action"": ""normal"", ""speed_limit"": 60, ""reason"": ""normal""}"
2026-01-20 16:33:18,priority_mode,"{""action"": ""priority_mode"", ""signal"": ""green"", ""speed_limit"": 30, ""reason"": ""emergency""}"
2026-01-20 16:33:18,control_received,"{""action"": ""priority_mode"", ""signal"": ""green"", ""speed_limit"": 30, ""reason"": ""emergency""}"
2026-01-20 16:33:18,control_received,"{""action"": ""priority_mode"", ""signal"": ""green"", ""speed_limit"": 30, ""reason"": ""emergency""}"
2026-01-20 16:33:23,normal,"{""action"": ""normal"", ""speed_limit"": 60, ""reason"": ""normal""}"
2026-01-20 16:33:23,control_received,"{""action"": ""normal"", ""speed_limit"": 60, ""reason"": ""normal""}"
2026-01-20 16:33:28,normal,"{""action"": ""normal"", ""speed_limit"": 60, ""reason"": ""normal""}"
2026-01-20 16:33:28,control_received,"{""action"": ""normal"", ""speed_limit"": 60, ""reason"": ""normal""}"
2026-01-20 16:33:28,control_received,"{""action"": ""normal"", ""speed_limit"": 60, ""reason"": ""normal""}"
2026-01-20 16:33:33,priority_mode,"{""action"": ""priority_mode"", ""signal"": ""green"", ""speed_limit"": 30, ""reason"": ""emergency""}"
2026-01-20 16:33:33,control_received,"{""action"": ""priority_mode"", ""signal"": ""green"", ""speed_limit"": 30, ""reason"": ""emergency""}"
2026-01-20 16:33:38,priority_mode,"{""action"": ""priority_mode"", ""signal"": ""green"", ""speed_limit"": 30, ""reason"": ""emergency""}"
2026-01-20 16:33:38,control_received,"{""action"": ""priority_mode"", ""signal"": ""green"", ""speed_limit"": 30, ""reason"": ""emergency""}"
2026-01-20 16:33:43,reduce_speed,"{""action"": ""reduce_speed"", ""speed_limit"": 50, ""reason"": ""moderate_congestion""}"
2026-01-20 16:33:43,control_received,"{""action"": ""reduce_speed"", ""speed_limit"": 50, ""reason"": ""moderate_congestion""}"
2026-01-20 16:33:43,control_received,"{""action"": ""reduce_speed"", ""speed_limit"": 50, ""reason"": ""moderate_congestion""}"
2026-01-20 16:33:48,priority_mode,"{""action"": ""priority_mode"", ""signal"": ""green"", ""speed_limit"": 30, ""reason"": ""emergency""}"
2026-01-20 16:33:48,control_received,"{""action"": ""priority_mode"", ""signal"": ""green"", ""speed_limit"": 30, ""reason"": ""emergency""}"
2026-01-20 16:33:53,normal,"{""action"": ""normal"", ""speed_limit"": 60, ""reason"": ""normal""}"
2026-01-20 16:33:53,control_received,"{""action"": ""normal"", ""speed_limit"": 60, ""reason"": ""normal""}"
2026-01-20 16:33:58,reduce_speed,"{""action"": ""reduce_speed"", ""speed_limit"": 50, ""reason"": ""moderate_congestion""}"
2026-01-20 16:33:58,control_received,"{""action"": ""reduce_speed"", ""speed_limit"": 50, ""reason"": ""moderate_congestion""}"
2026-01-20 16:33:58,control_received,"{""action"": ""reduce_speed"", ""speed_limit"": 50, ""reason"": ""moderate_congestion""}"
2026-01-20 16:34:03,priority_mode,"{""action"": ""priority_mode"", ""signal"": ""green"", ""speed_limit"": 30, ""reason"": ""emergency""}"
2026-01-20 16:34:03,control_received,"{""action"": ""priority_mode"", ""signal"": ""green"", ""speed_limit"": 30, ""reason"": ""emergency""}"
2026-01-20 16:34:03,control_received,"{""action"": ""priority_mode"", ""signal"": ""green"", ""speed_limit"": 30, ""reason"": ""emergency""}"
2026-01-20 16:34:08,normal,"{""action"": ""normal"", ""speed_limit"": 60, ""reason"": ""normal""}"
2026-01-20 16:34:08,control_received,"{""action"": ""normal"", ""speed_limit"": 60, ""reason"": ""normal""}"
2026-01-20 16:34:13,normal,"{""action"": ""normal"", ""speed_limit"": 60, ""reason"": ""normal""}"
2026-01-20 16:34:13,control_received,"{""action"": ""normal"", ""speed_limit"": 60, ""reason"": ""normal""}"
2026-01-20 16:34:13,control_received,"{""action"": ""normal"", ""speed_limit"": 60, ""reason"": ""normal""}"
2026-01-20 16:34:18,reduce_speed,"{""action"": ""reduce_speed"", ""speed_limit"": 50, ""reason"": ""moderate_congestion""}"
2026-01-20 16:34:18,control_received,"{""action"": ""reduce_speed"", ""speed_limit"": 50, ""reason"": ""moderate_congestion""}"
2026-01-20 16:34:18,control_received,"{""action"": ""reduce_speed"", ""speed_limit"": 50, ""reason"": ""moderate_congestion""}"
2026-01-20 16:34:23,normal,"{""action"": ""normal"", ""speed_limit"": 60, ""reason"": ""normal""}"
2026-01-20 16:34:23,control_received,"{""action"": ""normal"", ""speed_limit"": 60, ""reason"": ""normal""}"
2026-01-20 16:34:23,control_received,"{""action"": ""normal"", ""speed_limit"": 60, ""reason"": ""normal""}"
2026-01-20 16:34:28,normal,"{""action"": ""normal"", ""speed_limit"": 60, ""reason"": ""normal""}"
2026-01-20 16:34:28,control_received,"{""action"": ""normal"", ""speed_limit"": 60, ""reason"": ""normal""}"
2026-01-20 16:34:33,priority_mode,"{""action"": ""priority_mode"", ""signal"": ""green"", ""speed_limit"": 30, ""reason"": ""emergency""}"
2026-01-20 16:34:33,control_received,"{""action"": ""priority_mode"", ""signal"": ""green"", ""speed_limit"": 30, ""reason"": ""emergency""}"
2026-01-20 16:34:33,control_received,"{""action"": ""priority_mode"", ""signal"": ""green"", ""speed_limit"": 30, ""reason"": ""emergency""}"
2026-01-20 16:34:38,priority_mode,"{""action"": ""priority_mode"", ""signal"": ""green"", ""speed_limit"": 30, ""reason"": ""emergency""}"
2026-01-20 16:34:38,control_received,"{""action"": ""priority_mode"", ""signal"": ""green"", ""speed_limit"": 30, ""reason"": ""emergency""}"
2026-01-20 16:34:43,reduce_speed,"{""action"": ""reduce_speed"", ""speed_limit"": 50, ""reason"": ""moderate_congestion""}"
2026-01-20 16:34:43,control_received,"{""action"": ""reduce_speed"", ""speed_limit"": 50, ""reason"": ""moderate_congestion""}"
2026-01-20 16:34:48,normal,"{""action"": ""normal"", ""speed_limit"": 60, ""reason"": ""normal""}"
2026-01-20 16:34:48,control_received,"{""action"": ""normal"", ""speed_limit"": 60, ""reason"": ""normal""}"
2026-01-20 16:34:53,normal,"{""action"": ""normal"", ""speed_limit"": 60, ""reason"": ""normal""}"
2026-01-20 16:34:53,control_received,"{""action"": ""normal"", ""speed_limit"": 60, ""reason"": ""normal""}"
2026-01-20 16:34:53,control_received,"{""action"": ""normal"", ""speed_limit"": 60, ""reason"": ""normal""}"
2026-01-20 16:34:58,normal,"{""action"": ""normal"", ""speed_limit"": 60, ""reason"": ""normal""}"
2026-01-20 16:34:58,control_received,"{""action"": ""normal"", ""speed_limit"": 60, ""reason"": ""normal""}"
2026-01-20 16:35:03,normal,"{""action"": ""normal"", ""speed_limit"": 60, ""reason"": ""normal""}"
2026-01-20 16:35:03,control_received,"{""action"": ""normal"", ""speed_limit"": 60, ""reason"": ""normal""}"
2026-01-20 16:35:03,control_received,"{""action"": ""normal"", ""speed_limit"": 60, ""reason"": ""normal""}"
2026-01-20 16:35:08,normal,"{""action"": ""normal"", ""speed_limit"": 60, ""reason"": ""normal""}"
2026-01-20 16:35:08,control_received,"{""action"": ""normal"", ""speed_limit"": 60, ""reason"": ""normal""}"
2026-01-20 16:35:08,control_received,"{""action"": ""normal"", ""speed_limit"": 60, ""reason"": ""normal""}"
2026-01-20 16:35:13,priority_mode,"{""action"": ""priority_mode"", ""signal"": ""green"", ""speed_limit"": 30, ""reason"": ""emergency""}"
2026-01-20 16:35:13,control_received,"{""action"": ""priority_mode"", ""signal"": ""green"", ""speed_limit"": 30, ""reason"": ""emergency""}"
2026-01-20 16:35:18,priority_mode,"{""action"": ""priority_mode"", ""signal"": ""green"", ""speed_limit"": 30, ""reason"": ""emergency""}"
2026-01-20 16:35:18,control_received,"{""action"": ""priority_mode"", ""signal"": ""green"", ""speed_limit"": 30, ""reason"": ""emergency""}"
2026-01-20 16:35:18,control_received,"{""action"": ""priority_mode"", ""signal"": ""green"", ""speed_limit"": 30, ""reason"": ""emergency""}"
2026-01-20 16:35:23,normal,"{""action"": ""normal"", ""speed_limit"": 60, ""reason"": ""normal""}"
2026-01-20 16:35:23,control_received,"{""action"": ""normal"", ""speed_limit"": 60, ""reason"": ""normal""}"
2026-01-20 16:35:28,priority_mode,"{""action"": ""priority_mode"", ""signal"": ""green"", ""speed_limit"": 30, ""reason"": ""emergency""}"
2026-01-20 16:35:28,control_received,"{""action"": ""priority_mode"", ""signal"": ""green"", ""speed_limit"": 30, ""reason"": ""emergency""}"
2026-01-20 16:35:28,control_received,"{""action"": ""priority_mode"", ""signal"": ""green"", ""speed_limit"": 30, ""reason"": ""emergency""}"
2026-01-20 16:35:33,normal,"{""action"": ""normal"", ""speed_limit"": 60, ""reason"": ""normal""}"
2026-01-20 16:35:33,control_received,"{""action"": ""normal"", ""speed_limit"": 60, ""reason"": ""normal""}"
2026-01-20 16:35:33,control_received,"{""action"": ""normal"", ""speed_limit"": 60, ""reason"": ""normal""}"
2026-01-20 16:35:38,normal,"{""action"": ""normal"", ""speed_limit"": 60, ""reason"": ""normal""}"
2026-01-20 16:35:38,control_received,"{""action"": ""normal"", ""speed_limit"": 60, ""reason"": ""normal""}"
2026-01-20 16:35:38,control_received,"{""action"": ""normal"", ""speed_limit"": 60, ""reason"": ""normal""}"
2026-01-20 16:35:43,priority_mode,"{""action"": ""priority_mode"", ""signal"": ""green"", ""speed_limit"": 30, ""reason"": ""emergency""}"
2026-01-20 16:35:43,control_received,"{""action"": ""priority_mode"", ""signal"": ""green"", ""speed_limit"": 30, ""reason"": ""emergency""}"
2026-01-20 16:35:48,priority_mode,"{""action"": ""priority_mode"", ""signal"": ""green"", ""speed_limit"": 30, ""reason"": ""emergency""}"
2026-01-20 16:35:48,control_received,"{""action"": ""priority_mode"", ""signal"": ""green"", ""speed_limit"": 30, ""reason"": ""emergency""}"
2026-01-20 16:35:48,control_received,"{""action"": ""priority_mode"", ""signal"": ""green"", ""speed_limit"": 30, ""reason"": ""emergency""}"
2026-01-20 16:35:53,priority_mode,"{""action"": ""priority_mode"", ""signal"": ""green"", ""speed_limit"": 30, ""reason"": ""emergency""}"
2026-01-20 16:35:53,control_received,"{""action"": ""priority_mode"", ""signal"": ""green"", ""speed_limit"": 30, ""reason"": ""emergency""}"
2026-01-20 16:35:53,control_received,"{""action"": ""priority_mode"", ""signal"": ""green"", ""speed_limit"": 30, ""reason"": ""emergency""}"
2026-01-20 16:35:58,priority_mode,"{""action"": ""priority_mode"", ""signal"": ""green"", ""speed_limit"": 30, ""reason"": ""emergency""}"
2026-01-20 16:35:58,control_received,"{""action"": ""priority_mode"", ""signal"": ""green"", ""speed_limit"": 30, ""reason"": ""emergency""}"
2026-01-20 16:35:58,control_received,"{""action"": ""priority_mode"", ""signal"": ""green"", ""speed_limit"": 30, ""reason"": ""emergency""}"
2026-01-20 16:36:03,normal,"{""action"": ""normal"", ""speed_limit"": 60, ""reason"": ""normal""}"
2026-01-20 16:36:03,control_received,"{""action"": ""normal"", ""speed_limit"": 60, ""reason"": ""normal""}"
2026-01-20 16:36:03,control_received,"{""action"": ""normal"", ""speed_limit"": 60, ""reason"": ""normal""}"
2026-01-20 16:36:08,normal,"{""action"": ""normal"", ""speed_limit"": 60, ""reason"": ""normal""}"
2026-01-20 16:36:08,control_received,"{""action"": ""normal"", ""speed_limit"": 60, ""reason"": ""normal""}"
2026-01-20 16:36:08,control_received,"{""action"": ""normal"", ""speed_limit"": 60, ""reason"": ""normal""}"
2026-01-20 16:36:13,normal,"{""action"": ""normal"", ""speed_limit"": 60, ""reason"": ""normal""}"
2026-01-20 16:36:13,control_received,"{""action"": ""normal"", ""speed_limit"": 60, ""reason"": ""normal""}"
2026-01-20 16:36:18,normal,"{""action"": ""normal"", ""speed_limit"": 60, ""reason"": ""normal""}"
2026-01-20 16:36:18,control_received,"{""action"": ""normal"", ""speed_limit"": 60, ""reason"": ""normal""}"
2026-01-20 16:36:18,control_received,"{""action"": ""normal"", ""speed_limit"": 60, ""reason"": ""normal""}"
2026-01-20 16:36:23,reduce_speed,"{""action"": ""reduce_speed"", ""speed_limit"": 50, ""reason"": ""moderate_congestion""}"
2026-01-20 16:36:23,control_received,"{""action"": ""reduce_speed"", ""speed_limit"": 50, ""reason"": ""moderate_congestion""}"
2026-01-20 16:36:23,control_received,"{""action"": ""reduce_speed"", ""speed_limit"": 50, ""reason"": ""moderate_congestion""}"
2026-01-20 16:36:28,normal,"{""action"": ""normal"", ""speed_limit"": 60, ""reason"": ""normal""}"
2026-01-20 16:36:28,control_received,"{""action"": ""normal"", ""speed_limit"": 60, ""reason"": ""normal""}"
2026-01-20 16:36:33,priority_mode,"{""action"": ""priority_mode"", ""signal"": ""green"", ""speed_limit"": 30, ""reason"": ""emergency""}"
2026-01-20 16:36:33,control_received,"{""action"": ""priority_mode"", ""signal"": ""green"", ""speed_limit"": 30, ""reason"": ""emergency""}"
2026-01-20 16:36:33,control_received,"{""action"": ""priority_mode"", ""signal"": ""green"", ""speed_limit"": 30, ""reason"": ""emergency""}"
2026-01-20 16:36:38,normal,"{""action"": ""normal"", ""speed_limit"": 60, ""reason"": ""normal""}"
2026-01-20 16:36:38,control_received,"{""action"": ""normal"", ""speed_limit"": 60, ""reason"": ""normal""}"
2026-01-20 16:36:38,control_received,"{""action"": ""normal"", ""speed_limit"": 60, ""reason"": ""normal""}"
2026-01-20 16:36:43,normal,"{""action"": ""normal"", ""speed_limit"": 60, ""reason"": ""normal""}"
2026-01-20 16:36:43,control_received,"{""action"": ""normal"", ""speed_limit"": 60, ""reason"": ""normal""}"
2026-01-20 16:36:43,control_received,"{""action"": ""normal"", ""speed_limit"": 60, ""reason"": ""normal""}"
2026-01-20 16:36:48,priority_mode,"{""action"": ""priority_mode"", ""signal"": ""green"", ""speed_limit"": 30, ""reason"": ""emergency""}"
2026-01-20 16:36:48,control_received,"{""action"": ""priority_mode"", ""signal"": ""green"", ""speed_limit"": 30, ""reason"": ""emergency""}"
2026-01-20 16:36:53,normal,"{""action"": ""normal"", ""speed_limit"": 60, ""reason"": ""normal""}"
2026-01-20 16:36:53,control_received,"{""action"": ""normal"", ""speed_limit"": 60, ""reason"": ""normal""}"
2026-01-20 16:36:53,control_received,"{""action"": ""normal"", ""speed_limit"": 60, ""reason"": ""normal""}"
2026-01-20 16:36:58,normal,"{""action"": ""normal"", ""speed_limit"": 60, ""reason"": ""normal""}"
2026-01-20 16:36:58,control_received,"{""action"": ""normal"", ""speed_limit"": 60, ""reason"": ""normal""}"
2026-01-20 16:36:58,control_received,"{""action"": ""normal"", ""speed_limit"": 60, ""reason"": ""normal""}"
2026-01-20 16:37:03,normal,"{""action"": ""normal"", ""speed_limit"": 60, ""reason"": ""normal""}"
2026-01-20 16:37:03,control_received,"{""action"": ""normal"", ""speed_limit"": 60, ""reason"": ""normal""}"
2026-01-20 16:37:03,control_received,"{""action"": ""normal"", ""speed_limit"": 60, ""reason"": ""normal""}"
2026-01-20 16:37:08,priority_mode,"{""action"": ""priority_mode"", ""signal"": ""green"", ""speed_limit"": 30, ""reason"": ""emergency""}"
2026-01-20 16:37:08,control_received,"{""action"": ""priority_mode"", ""signal"": ""green"", ""speed_limit"": 30, ""reason"": ""emergency""}"
2026-01-20 16:37:08,control_received,"{""action"": ""priority_mode"", ""signal"": ""green"", ""speed_limit"": 30, ""reason"": ""emergency""}"
2026-01-20 16:37:13,priority_mode,"{""action"": ""priority_mode"", ""signal"": ""green"", ""speed_limit"": 30, ""reason"": ""emergency""}"
2026-01-20 16:37:13,control_received,"{""action"": ""priority_mode"", ""signal"": ""green"", ""speed_limit"": 30, ""reason"": ""emergency""}"
2026-01-20 16:37:18,normal,"{""action"": ""normal"", ""speed_limit"": 60, ""reason"": ""normal""}"
2026-01-20 16:37:18,control_received,"{""action"": ""normal"", ""speed_limit"": 60, ""reason"": ""normal""}"
2026-01-20 16:37:23,normal,"{""action"": ""normal"", ""speed_limit"": 60, ""reason"": ""normal""}"
2026-01-20 16:37:23,control_received,"{""action"": ""normal"", ""speed_limit"": 60, ""reason"": ""normal""}"
2026-01-20 16:37:23,control_received,"{""action"": ""normal"", ""speed_limit"": 60, ""reason"": ""normal""}"
2026-01-20 16:37:28,normal,"{""action"": ""normal"", ""speed_limit"": 60, ""reason"": ""normal""}"
2026-01-20 16:37:28,control_received,"{""action"": ""normal"", ""speed_limit"": 60, ""reason"": ""normal""}"
2026-01-20 16:37:33,normal,"{""action"": ""normal"", ""speed_limit"": 60, ""reason"": ""normal""}"
2026-01-20 16:37:33,control_received,"{""action"": ""normal"", ""speed_limit"": 60, ""reason"": ""normal""}"
2026-01-20 16:37:33,control_received,"{""action"": ""normal"", ""speed_limit"": 60, ""reason"": ""normal""}"
2026-01-20 16:37:38,reduce_speed,"{""action"": ""reduce_speed"", ""speed_limit"": 50, ""reason"": ""moderate_congestion""}"
2026-01-20 16:37:38,control_received,"{""action"": ""reduce_speed"", ""speed_limit"": 50, ""reason"": ""moderate_congestion""}"
2026-01-20 16:37:38,control_received,"{""action"": ""reduce_speed"", ""speed_limit"": 50, ""reason"": ""moderate_congestion""}"
2026-01-20 16:37:43,reduce_speed,"{""action"": ""reduce_speed"", ""speed_limit"": 50, ""reason"": ""moderate_congestion""}"
2026-01-20 16:37:43,control_received,"{""action"": ""reduce_speed"", ""speed_limit"": 50, ""reason"": ""moderate_congestion""}"
2026-01-20 16:37:43,control_received,"{""action"": ""reduce_speed"", ""speed_limit"": 50, ""reason"": ""moderate_congestion""}"
2026-01-20 16:37:48,normal,"{""action"": ""normal"", ""speed_limit"": 60, ""reason"": ""normal""}"
2026-01-20 16:37:48,control_received,"{""action"": ""normal"", ""speed_limit"": 60, ""reason"": ""normal""}"
2026-01-20 16:37:48,control_received,"{""action"": ""normal"", ""speed_limit"": 60, ""reason"": ""normal""}"
2026-01-20 16:37:53,priority_mode,"{""action"": ""priority_mode"", ""signal"": ""green"", ""speed_limit"": 30, ""reason"": ""emergency""}"
2026-01-20 16:37:53,control_received,"{""action"": ""priority_mode"", ""signal"": ""green"", ""speed_limit"": 30, ""reason"": ""emergency""}"
2026-01-20 16:37:53,control_received,"{""action"": ""priority_mode"", ""signal"": ""green"", ""speed_limit"": 30, ""reason"": ""emergency""}"
2026-01-20 16:37:58,normal,"{""action"": ""normal"", ""speed_limit"": 60, ""reason"": ""normal""}"
2026-01-20 16:37:58,control_received,"{""action"": ""normal"", ""speed_limit"": 60, ""reason"": ""normal""}"
2026-01-20 16:38:03,normal,"{""action"": ""normal"", ""speed_limit"": 60, ""reason"": ""normal""}"
2026-01-20 16:38:03,control_received,"{""action"": ""normal"", ""speed_limit"": 60, ""reason"": ""normal""}"
2026-01-20 16:38:08,normal,"{""action"": ""normal"", ""speed_limit"": 60, ""reason"": ""normal""}"
2026-01-20 16:38:08,control_received,"{""action"": ""normal"", ""speed_limit"": 60, ""reason"": ""normal""}"
2026-01-20 16:38:08,control_received,"{""action"": ""normal"", ""speed_limit"": 60, ""reason"": ""normal""}"
2026-01-20 16:38:13,priority_mode,"{""action"": ""priority_mode"", ""signal"": ""green"", ""speed_limit"": 30, ""reason"": ""emergency""}"
2026-01-20 16:38:13,control_received,"{""action"": ""priority_mode"", ""signal"": ""green"", ""speed_limit"": 30, ""reason"": ""emergency""}"
2026-01-20 16:38:13,control_received,"{""action"": ""priority_mode"", ""signal"": ""green"", ""speed_limit"": 30, ""reason"": ""emergency""}"
2026-01-20 16:38:18,priority_mode,"{""action"": ""priority_mode"", ""signal"": ""green"", ""speed_limit"": 30, ""reason"": ""emergency""}"
2026-01-20 16:38:18,control_received,"{""action"": ""priority_mode"", ""signal"": ""green"", ""speed_limit"": 30, ""reason"": ""emergency""}"
2026-01-20 16:38:23,priority_mode,"{""action"": ""priority_mode"", ""signal"": ""green"", ""speed_limit"": 30, ""reason"": ""emergency""}"
2026-01-20 16:38:23,control_received,"{""action"": ""priority_mode"", ""signal"": ""green"", ""speed_limit"": 30, ""reason"": ""emergency""}"
2026-01-20 16:38:23,control_received,"{""action"": ""priority_mode"", ""signal"": ""green"", ""speed_limit"": 30, ""reason"": ""emergency""}"
2026-01-20 16:38:28,normal,"{""action"": ""normal"", ""speed_limit"": 60, ""reason"": ""normal""}"
2026-01-20 16:38:28,control_received,"{""action"": ""normal"", ""speed_limit"": 60, ""reason"": ""normal""}"
2026-01-20 16:38:28,control_received,"{""action"": ""normal"", ""speed_limit"": 60, ""reason"": ""normal""}"
2026-01-20 16:38:33,normal,"{""action"": ""normal"", ""speed_limit"": 60, ""reason"": ""normal""}"
2026-01-20 16:38:33,control_received,"{""action"": ""normal"", ""speed_limit"": 60, ""reason"": ""normal""}"
2026-01-20 16:38:33,control_received,"{""action"": ""normal"", ""speed_limit"": 60, ""reason"": ""normal""}"
2026-01-20 16:38:38,reduce_speed,"{""action"": ""reduce_speed"", ""speed_limit"": 50, ""reason"": ""moderate_congestion""}"
2026-01-20 16:38:38,control_received,"{""action"": ""reduce_speed"", ""speed_limit"": 50, ""reason"": ""moderate_congestion""}"
2026-01-20 16:38:43,normal,"{""action"": ""normal"", ""speed_limit"": 60, ""reason"": ""normal""}"
2026-01-20 16:38:43,control_received,"{""action"": ""normal"", ""speed_limit"": 60, ""reason"": ""normal""}"
2026-01-20 16:38:48,priority_mode,"{""action"": ""priority_mode"", ""signal"": ""green"", ""speed_limit"": 30, ""reason"": ""emergency""}"
2026-01-20 16:38:48,control_received,"{""action"": ""priority_mode"", ""signal"": ""green"", ""speed_limit"": 30, ""reason"": ""emergency""}"
2026-01-20 16:38:53,priority_mode,"{""action"": ""priority_mode"", ""signal"": ""green"", ""speed_limit"": 30, ""reason"": ""emergency""}"
2026-01-20 16:38:53,control_received,"{""action"": ""priority_mode"", ""signal"": ""green"", ""speed_limit"": 30, ""reason"": ""emergency""}"
2026-01-20 16:38:53,control_received,"{""action"": ""priority_mode"", ""signal"": ""green"", ""speed_limit"": 30, ""reason"": ""emergency""}"
2026-01-20 16:38:58,priority_mode,"{""action"": ""priority_mode"", ""signal"": ""green"", ""speed_limit"": 30, ""reason"": ""emergency""}"
2026-01-20 16:38:58,control_received,"{""action"": ""priority_mode"", ""signal"": ""green"", ""speed_limit"": 30, ""reason"": ""emergency""}"
2026-01-20 16:39:03,normal,"{""action"": ""normal"", ""speed_limit"": 60, ""reason"": ""normal""}"
2026-01-20 16:39:03,control_received,"{""action"": ""normal"", ""speed_limit"": 60, ""reason"": ""normal""}"
2026-01-20 16:39:08,normal,"{""action"": ""normal"", ""speed_limit"": 60, ""reason"": ""normal""}"
2026-01-20 16:39:08,control_received,"{""action"": ""normal"", ""speed_limit"": 60, ""reason"": ""normal""}"
2026-01-20 16:39:13,normal,"{""action"": ""normal"", ""speed_limit"": 60, ""reason"": ""normal""}"
2026-01-20 16:39:13,control_received,"{""action"": ""normal"", ""speed_limit"": 60, ""reason"": ""normal""}"
2026-01-20 16:39:13,control_received,"{""action"": ""normal"", ""speed_limit"": 60, ""reason"": ""normal""}"
2026-01-20 16:39:18,priority_mode,"{""action"": ""priority_mode"", ""signal"": ""green"", ""speed_limit"": 30, ""reason"": ""emergency""}"
2026-01-20 16:39:18,control_received,"{""action"": ""priority_mode"", ""signal"": ""green"", ""speed_limit"": 30, ""reason"": ""emergency""}"
2026-01-20 16:39:18,control_received,"{""action"": ""priority_mode"", ""signal"": ""green"", ""speed_limit"": 30, ""reason"": ""emergency""}"
2026-01-20 16:39:23,reduce_speed,"{""action"": ""reduce_speed"", ""speed_limit"": 50, ""reason"": ""moderate_congestion""}"
2026-01-20 16:39:23,control_received,"{""action"": ""reduce_speed"", ""speed_limit"": 50, ""reason"": ""moderate_congestion""}"
2026-01-20 16:39:23,control_received,"{""action"": ""reduce_speed"", ""speed_limit"": 50, ""reason"": ""moderate_congestion""}"
2026-01-20 16:39:28,normal,"{""action"": ""normal"", ""speed_limit"": 60, ""reason"": ""normal""}"
2026-01-20 16:39:28,control_received,"{""action"": ""normal"", ""speed_limit"": 60, ""reason"": ""normal""}"
2026-01-20 16:39:28,control_received,"{""action"": ""normal"", ""speed_limit"": 60, ""reason"": ""normal""}"
2026-01-20 16:39:33,normal,"{""action"": ""normal"", ""speed_limit"": 60, ""reason"": ""normal""}"
2026-01-20 16:39:33,control_received,"{""action"": ""normal"", ""speed_limit"": 60, ""reason"": ""normal""}"
2026-01-20 16:39:38,normal,"{""action"": ""normal"", ""speed_limit"": 60, ""reason"": ""normal""}"
2026-01-20 16:39:38,control_received,"{""action"": ""normal"", ""speed_limit"": 60, ""reason"": ""normal""}"
2026-01-20 16:39:43,priority_mode,"{""action"": ""priority_mode"", ""signal"": ""green"", ""speed_limit"": 30, ""reason"": ""emergency""}"
2026-01-20 16:39:43,control_received,"{""action"": ""priority_mode"", ""signal"": ""green"", ""speed_limit"": 30, ""reason"": ""emergency""}"
2026-01-20 16:39:43,control_received,"{""action"": ""priority_mode"", ""signal"": ""green"", ""speed_limit"": 30, ""reason"": ""emergency""}"
2026-01-20 16:39:48,priority_mode,"{""action"": ""priority_mode"", ""signal"": ""green"", ""speed_limit"": 30, ""reason"": ""emergency""}"
2026-01-20 16:39:48,control_received,"{""action"": ""priority_mode"", ""signal"": ""green"", ""speed_limit"": 30, ""reason"": ""emergency""}"
2026-01-20 16:39:48,control_received,"{""action"": ""priority_mode"", ""signal"": ""green"", ""speed_limit"": 30, ""reason"": ""emergency""}"
2026-01-20 16:39:53,normal,"{""action"": ""normal"", ""speed_limit"": 60, ""reason"": ""normal""}"
2026-01-20 16:39:53,control_received,"{""action"": ""normal"", ""speed_limit"": 60, ""reason"": ""normal""}"
2026-01-20 16:39:58,priority_mode,"{""action"": ""priority_mode"", ""signal"": ""green"", ""speed_limit"": 30, ""reason"": ""emergency""}"
2026-01-20 16:39:58,control_received,"{""action"": ""priority_mode"", ""signal"": ""green"", ""speed_limit"": 30, ""reason"": ""emergency""}"
2026-01-20 16:39:58,control_received,"{""action"": ""priority_mode"", ""signal"": ""green"", ""speed_limit"": 30, ""reason"": ""emergency""}"
2026-01-20 16:40:03,priority_mode,"{""action"": ""priority_mode"", ""signal"": ""green"", ""speed_limit"": 30, ""reason"": ""emergency""}"
2026-01-20 16:40:03,control_received,"{""action"": ""priority_mode"", ""signal"": ""green"", ""speed_limit"": 30, ""reason"": ""emergency""}"
2026-01-20 16:40:03,control_received,"{""action"": ""priority_mode"", ""signal"": ""green"", ""speed_limit"": 30, ""reason"": ""emergency""}"
2026-01-20 16:40:08,normal,"{""action"": ""normal"", ""speed_limit"": 60, ""reason"": ""normal""}"
2026-01-20 16:40:08,control_received,"{""action"": ""normal"", ""speed_limit"": 60, ""reason"": ""normal""}"
2026-01-20 16:40:08,control_received,"{""action"": ""normal"", ""speed_limit"": 60, ""reason"": ""normal""}"
2026-01-20 16:40:13,normal,"{""action"": ""normal"", ""speed_limit"": 60, ""reason"": ""normal""}"
2026-01-20 16:40:13,control_received,"{""action"": ""normal"", ""speed_limit"": 60, ""reason"": ""normal""}"
2026-01-20 16:40:18,normal,"{""action"": ""normal"", ""speed_limit"": 60, ""reason"": ""normal""}"
2026-01-20 16:40:18,control_received,"{""action"": ""normal"", ""speed_limit"": 60, ""reason"": ""normal""}"
2026-01-20 16:40:18,control_received,"{""action"": ""normal"", ""speed_limit"": 60, ""reason"": ""normal""}"
2026-01-20 16:40:23,priority_mode,"{""action"": ""priority_mode"", ""signal"": ""green"", ""speed_limit"": 30, ""reason"": ""emergency""}"
2026-01-20 16:40:23,control_received,"{""action"": ""priority_mode"", ""signal"": ""green"", ""speed_limit"": 30, ""reason"": ""emergency""}"
2026-01-20 16:40:23,control_received,"{""action"": ""priority_mode"", ""signal"": ""green"", ""speed_limit"": 30, ""reason"": ""emergency""}"
2026-01-20 16:40:28,normal,"{""action"": ""normal"", ""speed_limit"": 60, ""reason"": ""normal""}"
2026-01-20 16:40:28,control_received,"{""action"": ""normal"", ""speed_limit"": 60, ""reason"": ""normal""}"
2026-01-20 16:40:33,priority_mode,"{""action"": ""priority_mode"", ""signal"": ""green"", ""speed_limit"": 30, ""reason"": ""emergency""}"
2026-01-20 16:40:33,control_received,"{""action"": ""priority_mode"", ""signal"": ""green"", ""speed_limit"": 30, ""reason"": ""emergency""}"
2026-01-20 16:40:33,control_received,"{""action"": ""priority_mode"", ""signal"": ""green"", ""speed_limit"": 30, ""reason"": ""emergency""}"
2026-01-20 16:40:38,reduce_speed,"{""action"": ""reduce_speed"", ""speed_limit"": 50, ""reason"": ""moderate_congestion""}"
2026-01-20 16:40:38,control_received,"{""action"": ""reduce_speed"", ""speed_limit"": 50, ""reason"": ""moderate_congestion""}"
2026-01-20 16:40:43,priority_mode,"{""action"": ""priority_mode"", ""signal"": ""green"", ""speed_limit"": 30, ""reason"": ""emergency""}"
2026-01-20 16:40:43,control_received,"{""action"": ""priority_mode"", ""signal"": ""green"", ""speed_limit"": 30, ""reason"": ""emergency""}"
2026-01-20 16:40:48,priority_mode,"{""action"": ""priority_mode"", ""signal"": ""green"", ""speed_limit"": 30, ""reason"": ""emergency""}"
2026-01-20 16:40:48,control_received,"{""action"": ""priority_mode"", ""signal"": ""green"", ""speed_limit"": 30, ""reason"": ""emergency""}"
2026-01-20 16:40:48,control_received,"{""action"": ""priority_mode"", ""signal"": ""green"", ""speed_limit"": 30, ""reason"": ""emergency""}"
2026-01-20 16:40:53,normal,"{""action"": ""normal"", ""speed_limit"": 60, ""reason"": ""normal""}"
2026-01-20 16:40:53,control_received,"{""action"": ""normal"", ""speed_limit"": 60, ""reason"": ""normal""}"
2026-01-20 16:40:53,control_received,"{""action"": ""normal"", ""speed_limit"": 60, ""reason"": ""normal""}"
2026-01-20 16:40:58,normal,"{""action"": ""normal"", ""speed_limit"": 60, ""reason"": ""normal""}"
2026-01-20 16:40:58,control_received,"{""action"": ""normal"", ""speed_limit"": 60, ""reason"": ""normal""}"
2026-01-20 16:40:58,control_received,"{""action"": ""normal"", ""speed_limit"": 60, ""reason"": ""normal""}"
2026-01-20 16:41:03,normal,"{""action"": ""normal"", ""speed_limit"": 60, ""reason"": ""normal""}"
2026-01-20 16:41:03,control_received,"{""action"": ""normal"", ""speed_limit"": 60, ""reason"": ""normal""}"
2026-01-20 16:41:08,normal,"{""action"": ""normal"", ""speed_limit"": 60, ""reason"": ""normal""}"
2026-01-20 16:41:08,control_received,"{""action"": ""normal"", ""speed_limit"": 60, ""reason"": ""normal""}"
2026-01-20 16:41:08,control_received,"{""action"": ""normal"", ""speed_limit"": 60, ""reason"": ""normal""}"
2026-01-20 16:41:13,normal,"{""action"": ""normal"", ""speed_limit"": 60, ""reason"": ""normal""}"
2026-01-20 16:41:13,control_received,"{""action"": ""normal"", ""speed_limit"": 60, ""reason"": ""normal""}"
2026-01-20 16:41:13,control_received,"{""action"": ""normal"", ""speed_limit"": 60, ""reason"": ""normal""}"
2026-01-20 16:41:18,priority_mode,"{""action"": ""priority_mode"", ""signal"": ""green"", ""speed_limit"": 30, ""reason"": ""emergency""}"
2026-01-20 16:41:18,control_received,"{""action"": ""priority_mode"", ""signal"": ""green"", ""speed_limit"": 30, ""reason"": ""emergency""}"
2026-01-20 16:41:18,control_received,"{""action"": ""priority_mode"", ""signal"": ""green"", ""speed_limit"": 30, ""reason"": ""emergency""}"
2026-01-20 16:41:23,normal,"{""action"": ""normal"", ""speed_limit"": 60, ""reason"": ""normal""}"
2026-01-20 16:41:23,control_received,"{""action"": ""normal"", ""speed_limit"": 60, ""reason"": ""normal""}"
2026-01-20 16:41:28,normal,"{""action"": ""normal"", ""speed_limit"": 60, ""reason"": ""normal""}"
2026-01-20 16:41:28,control_received,"{""action"": ""normal"", ""speed_limit"": 60, ""reason"": ""normal""}"
2026-01-20 16:41:28,control_received,"{""action"": ""normal"", ""speed_limit"": 60, ""reason"": ""normal""}"
2026-01-20 16:41:33,priority_mode,"{""action"": ""priority_mode"", ""signal"": ""green"", ""speed_limit"": 30, ""reason"": ""emergency""}"
2026-01-20 16:41:33,control_received,"{""action"": ""priority_mode"", ""signal"": ""green"", ""speed_limit"": 30, ""reason"": ""emergency""}"
2026-01-20 16:41:38,priority_mode,"{""action"": ""priority_mode"", ""signal"": ""green"", ""speed_limit"": 30, ""reason"": ""emergency""}"
2026-01-20 16:41:38,control_received,"{""action"": ""priority_mode"", ""signal"": ""green"", ""speed_limit"": 30, ""reason"": ""emergency""}"
2026-01-20 16:41:38,control_received,"{""action"": ""priority_mode"", ""signal"": ""green"", ""speed_limit"": 30, ""reason"": ""emergency""}"
2026-01-20 16:41:43,priority_mode,"{""action"": ""priority_mode"", ""signal"": ""green"", ""speed_limit"": 30, ""reason"": ""emergency""}"
2026-01-20 16:41:43,control_received,"{""action"": ""priority_mode"", ""signal"": ""green"", ""speed_limit"": 30, ""reason"": ""emergency""}"
2026-01-20 16:41:43,control_received,"{""action"": ""priority_mode"", ""signal"": ""green"", ""speed_limit"": 30, ""reason"": ""emergency""}"
2026-01-20 16:41:48,reduce_speed,"{""action"": ""reduce_speed"", ""speed_limit"": 50, ""reason"": ""moderate_congestion""}"
2026-01-20 16:41:48,control_received,"{""action"": ""reduce_speed"", ""speed_limit"": 50, ""reason"": ""moderate_congestion""}"
2026-01-20 16:41:48,control_received,"{""action"": ""reduce_speed"", ""speed_limit"": 50, ""reason"": ""moderate_congestion""}"
2026-01-20 16:41:53,normal,"{""action"": ""normal"", ""speed_limit"": 60, ""reason"": ""normal""}"
2026-01-20 16:41:53,control_received,"{""action"": ""normal"", ""speed_limit"": 60, ""reason"": ""normal""}"
2026-01-20 16:41:58,priority_mode,"{""action"": ""priority_mode"", ""signal"": ""green"", ""speed_limit"": 30, ""reason"": ""emergency""}"
2026-01-20 16:41:58,control_received,"{""action"": ""priority_mode"", ""signal"": ""green"", ""speed_limit"": 30, ""reason"": ""emergency""}"
2026-01-20 16:41:58,control_received,"{""action"": ""priority_mode"", ""signal"": ""green"", ""speed_limit"": 30, ""reason"": ""emergency""}"
2026-01-20 16:42:03,normal,"{""action"": ""normal"", ""speed_limit"": 60, ""reason"": ""normal""}"
2026-01-20 16:42:03,control_received,"{""action"": ""normal"", ""speed_limit"": 60, ""reason"": ""normal""}"
2026-01-20 16:42:08,priority_mode,"{""action"": ""priority_mode"", ""signal"": ""green"", ""speed_limit"": 30, ""reason"": ""emergency""}"
2026-01-20 16:42:08,control_received,"{""action"": ""priority_mode"", ""signal"": ""green"", ""speed_limit"": 30, ""reason"": ""emergency""}"
2026-01-20 16:42:13,priority_mode,"{""action"": ""priority_mode"", ""signal"": ""green"", ""speed_limit"": 30, ""reason"": ""emergency""}"
2026-01-20 16:42:13,control_received,"{""action"": ""priority_mode"", ""signal"": ""green"", ""speed_limit"": 30, ""reason"": ""emergency""}"
2026-01-20 16:42:13,control_received,"{""action"": ""priority_mode"", ""signal"": ""green"", ""speed_limit"": 30, ""reason"": ""emergency""}"
2026-01-20 16:42:18,normal,"{""action"": ""normal"", ""speed_limit"": 60, ""reason"": ""normal""}"
2026-01-20 16:42:18,control_received,"{""action"": ""normal"", ""speed_limit"": 60, ""reason"": ""normal""}"
2026-01-20 16:42:18,control_received,"{""action"": ""normal"", ""speed_limit"": 60, ""reason"": ""normal""}"
2026-01-20 16:42:23,reduce_speed,"{""action"": ""reduce_speed"", ""speed_limit"": 50, ""reason"": ""moderate_congestion""}"
2026-01-20 16:42:23,control_received,"{""action"": ""reduce_speed"", ""speed_limit"": 50, ""reason"": ""moderate_congestion""}"
2026-01-20 16:42:23,control_received,"{""action"": ""reduce_speed"", ""speed_limit"": 50, ""reason"": ""moderate_congestion""}"
2026-01-20 16:42:28,normal,"{""action"": ""normal"", ""speed_limit"": 60, ""reason"": ""normal""}"
2026-01-20 16:42:28,control_received,"{""action"": ""normal"", ""speed_limit"": 60, ""reason"": ""normal""}"
2026-01-20 16:42:28,control_received,"{""action"": ""normal"", ""speed_limit"": 60, ""reason"": ""normal""}"
2026-01-20 16:42:33,priority_mode,"{""action"": ""priority_mode"", ""signal"": ""green"", ""speed_limit"": 30, ""reason"": ""emergency""}"
2026-01-20 16:42:33,control_received,"{""action"": ""priority_mode"", ""signal"": ""green"", ""speed_limit"": 30, ""reason"": ""emergency""}"
2026-01-20 16:42:38,priority_mode,"{""action"": ""priority_mode"", ""signal"": ""green"", ""speed_limit"": 30, ""reason"": ""emergency""}"
2026-01-20 16:42:38,control_received,"{""action"": ""priority_mode"", ""signal"": ""green"", ""speed_limit"": 30, ""reason"": ""emergency""}"
2026-01-20 16:42:38,control_received,"{""action"": ""priority_mode"", ""signal"": ""green"", ""speed_limit"": 30, ""reason"": ""emergency""}"
2026-01-20 16:42:43,normal,"{""action"": ""normal"", ""speed_limit"": 60, ""reason"": ""normal""}"
2026-01-20 16:42:43,control_received,"{""action"": ""normal"", ""speed_limit"": 60, ""reason"": ""normal""}"
2026-01-20 16:42:43,control_received,"{""action"": ""normal"", ""speed_limit"": 60, ""reason"": ""normal""}"
2026-01-20 16:42:48,reduce_speed,"{""action"": ""reduce_speed"", ""speed_limit"": 50, ""reason"": ""moderate_congestion""}"
2026-01-20 16:42:48,control_received,"{""action"": ""reduce_speed"", ""speed_limit"": 50, ""reason"": ""moderate_congestion""}"
2026-01-20 16:42:48,control_received,"{""action"": ""reduce_speed"", ""speed_limit"": 50, ""reason"": ""moderate_congestion""}"
2026-01-20 16:42:53,normal,"{""action"": ""normal"", ""speed_limit"": 60, ""reason"": ""normal""}"
2026-01-20 16:42:53,control_received,"{""action"": ""normal"", ""speed_limit"": 60, ""reason"": ""normal""}"
2026-01-20 16:42:58,normal,"{""action"": ""normal"", ""speed_limit"": 60, ""reason"": ""normal""}"
2026-01-20 16:42:58,control_received,"{""action"": ""normal"", ""speed_limit"": 60, ""reason"": ""normal""}"
2026-01-20 16:42:58,control_received,"{""action"": ""normal"", ""speed_limit"": 60, ""reason"": ""normal""}"
2026-01-20 16:43:03,reduce_speed,"{""action"": ""reduce_speed"", ""speed_limit"": 50, ""reason"": ""moderate_congestion""}"
2026-01-20 16:43:03,control_received,"{""action"": ""reduce_speed"", ""speed_limit"": 50, ""reason"": ""moderate_congestion""}"
2026-01-20 16:43:03,control_received,"{""action"": ""reduce_speed"", ""speed_limit"": 50, ""reason"": ""moderate_congestion""}"
2026-01-20 16:43:08,normal,"{""action"": ""normal"", ""speed_limit"": 60, ""reason"": ""normal""}"
2026-01-20 16:43:08,control_received,"{""action"": ""normal"", ""speed_limit"": 60, ""reason"": ""normal""}"
2026-01-20 16:43:08,control_received,"{""action"": ""normal"", ""speed_limit"": 60, ""reason"": ""normal""}"
2026-01-20 16:43:13,normal,"{""action"": ""normal"", ""speed_limit"": 60, ""reason"": ""normal""}"
2026-01-20 16:43:13,control_received,"{""action"": ""normal"", ""speed_limit"": 60, ""reason"": ""normal""}"
2026-01-20 16:43:13,control_received,"{""action"": ""normal"", ""speed_limit"": 60, ""reason"": ""normal""}"
2026-01-20 16:43:18,normal,"{""action"": ""normal"", ""speed_limit"": 60, ""reason"": ""normal""}"
2026-01-20 16:43:18,control_received,"{""action"": ""normal"", ""speed_limit"": 60, ""reason"": ""normal""}"
2026-01-20 16:43:18,control_received,"{""action"": ""normal"", ""speed_limit"": 60, ""reason"": ""normal""}"
2026-01-20 16:43:23,priority_mode,"{""action"": ""priority_mode"", ""signal"": ""green"", ""speed_limit"": 30, ""reason"": ""emergency""}"
2026-01-20 16:43:23,control_received,"{""action"": ""priority_mode"", ""signal"": ""green"", ""speed_limit"": 30, ""reason"": ""emergency""}"
2026-01-20 16:43:28,priority_mode,"{""action"": ""priority_mode"", ""signal"": ""green"", ""speed_limit"": 30, ""reason"": ""emergency""}"
2026-01-20 16:43:28,control_received,"{""action"": ""priority_mode"", ""signal"": ""green"", ""speed_limit"": 30, ""reason"": ""emergency""}"
2026-01-20 16:43:33,normal,"{""action"": ""normal"", ""speed_limit"": 60, ""reason"": ""normal""}"
2026-01-20 16:43:33,control_received,"{""action"": ""normal"", ""speed_limit"": 60, ""reason"": ""normal""}"
2026-01-20 16:43:33,control_received,"{""action"": ""normal"", ""speed_limit"": 60, ""reason"": ""normal""}"
2026-01-20 16:43:38,normal,"{""action"": ""normal"", ""speed_limit"": 60, ""reason"": ""normal""}"
2026-01-20 16:43:38,control_received,"{""action"": ""normal"", ""speed_limit"": 60, ""reason"": ""normal""}"
2026-01-20 16:43:43,priority_mode,"{""action"": ""priority_mode"", ""signal"": ""green"", ""speed_limit"": 30, ""reason"": ""emergency""}"
2026-01-20 16:43:43,control_received,"{""action"": ""priority_mode"", ""signal"": ""green"", ""speed_limit"": 30, ""reason"": ""emergency""}"
2026-01-20 16:43:48,normal,"{""action"": ""normal"", ""speed_limit"": 60, ""reason"": ""normal""}"
2026-01-20 16:43:48,control_received,"{""action"": ""normal"", ""speed_limit"": 60, ""reason"": ""normal""}"
2026-01-20 16:43:48,control_received,"{""action"": ""normal"", ""speed_limit"": 60, ""reason"": ""normal""}"
2026-01-20 16:43:53,normal,"{""action"": ""normal"", ""speed_limit"": 60, ""reason"": ""normal""}"
2026-01-20 16:43:53,control_received,"{""action"": ""normal"", ""speed_limit"": 60, ""reason"": ""normal""}"
2026-01-20 16:43:53,control_received,"{""action"": ""normal"", ""speed_limit"": 60, ""reason"": ""normal""}"
2026-01-20 16:43:58,normal,"{""action"": ""normal"", ""speed_limit"": 60, ""reason"": ""normal""}"
2026-01-20 16:43:58,control_received,"{""action"": ""normal"", ""speed_limit"": 60, ""reason"": ""normal""}"
2026-01-20 16:43:58,control_received,"{""action"": ""normal"", ""speed_limit"": 60, ""reason"": ""normal""}"
2026-01-20 16:44:03,normal,"{""action"": ""normal"", ""speed_limit"": 60, ""reason"": ""normal""}"
2026-01-20 16:44:03,control_received,"{""action"": ""normal"", ""speed_limit"": 60, ""reason"": ""normal""}"
2026-01-20 16:44:08,priority_mode,"{""action"": ""priority_mode"", ""signal"": ""green"", ""speed_limit"": 30, ""reason"": ""emergency""}"
2026-01-20 16:44:08,control_received,"{""action"": ""priority_mode"", ""signal"": ""green"", ""speed_limit"": 30, ""reason"": ""emergency""}"
2026-01-20 16:44:13,normal,"{""action"": ""normal"", ""speed_limit"": 60, ""reason"": ""normal""}"
2026-01-20 16:44:13,control_received,"{""action"": ""normal"", ""speed_limit"": 60, ""reason"": ""normal""}"
2026-01-20 16:44:13,control_received,"{""action"": ""normal"", ""speed_limit"": 60, ""reason"": ""normal""}"
2026-01-20 16:44:18,priority_mode,"{""action"": ""priority_mode"", ""signal"": ""green"", ""speed_limit"": 30, ""reason"": ""emergency""}"
2026-01-20 16:44:18,control_received,"{""action"": ""priority_mode"", ""signal"": ""green"", ""speed_limit"": 30, ""reason"": ""emergency""}"
2026-01-20 16:44:23,normal,"{""action"": ""normal"", ""speed_limit"": 60, ""reason"": ""normal""}"
2026-01-20 16:44:23,control_received,"{""action"": ""normal"", ""speed_limit"": 60, ""reason"": ""normal""}"
2026-01-20 16:44:28,normal,"{""action"": ""normal"", ""speed_limit"": 60, ""reason"": ""normal""}"
2026-01-20 16:44:28,control_received,"{""action"": ""normal"", ""speed_limit"": 60, ""reason"": ""normal""}"
2026-01-20 16:44:28,control_received,"{""action"": ""normal"", ""speed_limit"": 60, ""reason"": ""normal""}"
2026-01-20 16:44:33,normal,"{""action"": ""normal"", ""speed_limit"": 60, ""reason"": ""normal""}"
2026-01-20 16:44:33,control_received,"{""action"": ""normal"", ""speed_limit"": 60, ""reason"": ""normal""}"
2026-01-20 16:44:33,control_received,"{""action"": ""normal"", ""speed_limit"": 60, ""reason"": ""normal""}"
2026-01-20 16:44:38,normal,"{""action"": ""normal"", ""speed_limit"": 60, ""reason"": ""normal""}"
2026-01-20 16:44:38,control_received,"{""action"": ""normal"", ""speed_limit"": 60, ""reason"": ""normal""}"
2026-01-20 16:44:38,control_received,"{""action"": ""normal"", ""speed_limit"": 60, ""reason"": ""normal""}"
2026-01-20 16:44:43,normal,"{""action"": ""normal"", ""speed_limit"": 60, ""reason"": ""normal""}"
2026-01-20 16:44:43,control_received,"{""action"": ""normal"", ""speed_limit"": 60, ""reason"": ""normal""}"
2026-01-20 16:44:48,reduce_speed,"{""action"": ""reduce_speed"", ""speed_limit"": 50, ""reason"": ""moderate_congestion""}"
2026-01-20 16:44:48,control_received,"{""action"": ""reduce_speed"", ""speed_limit"": 50, ""reason"": ""moderate_congestion""}"
2026-01-20 16:44:48,control_received,"{""action"": ""reduce_speed"", ""speed_limit"": 50, ""reason"": ""moderate_congestion""}"
2026-01-20 16:44:53,priority_mode,"{""action"": ""priority_mode"", ""signal"": ""green"", ""speed_limit"": 30, ""reason"": ""emergency""}"
2026-01-20 16:44:53,control_received,"{""action"": ""priority_mode"", ""signal"": ""green"", ""speed_limit"": 30, ""reason"": ""emergency""}"
2026-01-20 16:44:58,priority_mode,"{""action"": ""priority_mode"", ""signal"": ""green"", ""speed_limit"": 30, ""reason"": ""emergency""}"
2026-01-20 16:44:58,control_received,"{""action"": ""priority_mode"", ""signal"": ""green"", ""speed_limit"": 30, ""reason"": ""emergency""}"
2026-01-20 16:44:58,control_received,"{""action"": ""priority_mode"", ""signal"": ""green"", ""speed_limit"": 30, ""reason"": ""emergency""}"
2026-01-20 16:45:03,normal,"{""action"": ""normal"", ""speed_limit"": 60, ""reason"": ""normal""}"
2026-01-20 16:45:03,control_received,"{""action"": ""normal"", ""speed_limit"": 60, ""reason"": ""normal""}"
2026-01-20 16:45:03,control_received,"{""action"": ""normal"", ""speed_limit"": 60, ""reason"": ""normal""}"
2026-01-20 16:45:08,normal,"{""action"": ""normal"", ""speed_limit"": 60, ""reason"": ""normal""}"
2026-01-20 16:45:08,control_received,"{""action"": ""normal"", ""speed_limit"": 60, ""reason"": ""normal""}"
2026-01-20 16:45:08,control_received,"{""action"": ""normal"", ""speed_limit"": 60, ""reason"": ""normal""}"
2026-01-20 16:45:13,normal,"{""action"": ""normal"", ""speed_limit"": 60, ""reason"": ""normal""}"
2026-01-20 16:45:13,control_received,"{""action"": ""normal"", ""speed_limit"": 60, ""reason"": ""normal""}"
2026-01-20 16:45:18,priority_mode,"{""action"": ""priority_mode"", ""signal"": ""green"", ""speed_limit"": 30, ""reason"": ""emergency""}"
2026-01-20 16:45:18,control_received,"{""action"": ""priority_mode"", ""signal"": ""green"", ""speed_limit"": 30, ""reason"": ""emergency""}"
2026-01-20 16:45:23,reduce_speed,"{""action"": ""reduce_speed"", ""speed_limit"": 50, ""reason"": ""moderate_congestion""}"
2026-01-20 16:45:23,control_received,"{""action"": ""reduce_speed"", ""speed_limit"": 50, ""reason"": ""moderate_congestion""}"
2026-01-20 16:45:23,control_received,"{""action"": ""reduce_speed"", ""speed_limit"": 50, ""reason"": ""moderate_congestion""}"
2026-01-20 16:45:28,normal,"{""action"": ""normal"", ""speed_limit"": 60, ""reason"": ""normal""}"
2026-01-20 16:45:28,control_received,"{""action"": ""normal"", ""speed_limit"": 60, ""reason"": ""normal""}"
2026-01-20 16:45:33,normal,"{""action"": ""normal"", ""speed_limit"": 60, ""reason"": ""normal""}"
2026-01-20 16:45:33,control_received,"{""action"": ""normal"", ""speed_limit"": 60, ""reason"": ""normal""}"
2026-01-20 16:45:33,control_received,"{""action"": ""normal"", ""speed_limit"": 60, ""reason"": ""normal""}"
2026-01-20 16:45:38,reduce_speed,"{""action"": ""reduce_speed"", ""speed_limit"": 50, ""reason"": ""moderate_congestion""}"
2026-01-20 16:45:38,control_received,"{""action"": ""reduce_speed"", ""speed_limit"": 50, ""reason"": ""moderate_congestion""}"
2026-01-20 16:45:38,control_received,"{""action"": ""reduce_speed"", ""speed_limit"": 50, ""reason"": ""moderate_congestion""}"
2026-01-20 16:45:43,normal,"{""action"": ""normal"", ""speed_limit"": 60, ""reason"": ""normal""}"
2026-01-20 16:45:43,control_received,"{""action"": ""normal"", ""speed_limit"": 60, ""reason"": ""normal""}"
2026-01-20 16:45:48,reduce_speed,"{""action"": ""reduce_speed"", ""speed_limit"": 50, ""reason"": ""moderate_congestion""}"
2026-01-20 16:45:48,control_received,"{""action"": ""reduce_speed"", ""speed_limit"": 50, ""reason"": ""moderate_congestion""}"
2026-01-20 16:45:53,priority_mode,"{""action"": ""priority_mode"", ""signal"": ""green"", ""speed_limit"": 30, ""reason"": ""emergency""}"
2026-01-20 16:45:53,control_received,"{""action"": ""priority_mode"", ""signal"": ""green"", ""speed_limit"": 30, ""reason"": ""emergency""}"
2026-01-20 16:45:58,normal,"{""action"": ""normal"", ""speed_limit"": 60, ""reason"": ""normal""}"
2026-01-20 16:45:58,control_received,"{""action"": ""normal"", ""speed_limit"": 60, ""reason"": ""normal""}"
2026-01-20 16:45:58,control_received,"{""action"": ""normal"", ""speed_limit"": 60, ""reason"": ""normal""}"
2026-01-20 16:46:03,normal,"{""action"": ""normal"", ""speed_limit"": 60, ""reason"": ""normal""}"
2026-01-20 16:46:03,control_received,"{""action"": ""normal"", ""speed_limit"": 60, ""reason"": ""normal""}"
2026-01-20 16:46:03,control_received,"{""action"": ""normal"", ""speed_limit"": 60, ""reason"": ""normal""}"
2026-01-20 16:46:08,priority_mode,"{""action"": ""priority_mode"", ""signal"": ""green"", ""speed_limit"": 30, ""reason"": ""emergency""}"
2026-01-20 16:46:08,control_received,"{""action"": ""priority_mode"", ""signal"": ""green"", ""speed_limit"": 30, ""reason"": ""emergency""}"
2026-01-20 16:46:08,control_received,"{""action"": ""priority_mode"", ""signal"": ""green"", ""speed_limit"": 30, ""reason"": ""emergency""}"
2026-01-20 16:46:13,priority_mode,"{""action"": ""priority_mode"", ""signal"": ""green"", ""speed_limit"": 30, ""reason"": ""emergency""}"
2026-01-20 16:46:13,control_received,"{""action"": ""priority_mode"", ""signal"": ""green"", ""speed_limit"": 30, ""reason"": ""emergency""}"
2026-01-20 16:46:13,control_received,"{""action"": ""priority_mode"", ""signal"": ""green"", ""speed_limit"": 30, ""reason"": ""emergency""}"
2026-01-20 16:46:18,normal,"{""action"": ""normal"", ""speed_limit"": 60, ""reason"": ""normal""}"
2026-01-20 16:46:18,control_received,"{""action"": ""normal"", ""speed_limit"": 60, ""reason"": ""normal""}"
2026-01-20 16:46:23,priority_mode,"{""action"": ""priority_mode"", ""signal"": ""green"", ""speed_limit"": 30, ""reason"": ""emergency""}"
2026-01-20 16:46:23,control_received,"{""action"": ""priority_mode"", ""signal"": ""green"", ""speed_limit"": 30, ""reason"": ""emergency""}"
2026-01-20 16:46:23,control_received,"{""action"": ""priority_mode"", ""signal"": ""green"", ""speed_limit"": 30, ""reason"": ""emergency""}"
2026-01-20 16:46:28,normal,"{""action"": ""normal"", ""speed_limit"": 60, ""reason"": ""normal""}"
2026-01-20 16:46:28,control_received,"{""action"": ""normal"", ""speed_limit"": 60, ""reason"": ""normal""}"
2026-01-20 16:46:28,control_received,"{""action"": ""normal"", ""speed_limit"": 60, ""reason"": ""normal""}"
2026-01-20 16:46:33,priority_mode,"{""action"": ""priority_mode"", ""signal"": ""green"", ""speed_limit"": 30, ""reason"": ""emergency""}"
2026-01-20 16:46:33,control_received,"{""action"": ""priority_mode"", ""signal"": ""green"", ""speed_limit"": 30, ""reason"": ""emergency""}"
2026-01-20 16:46:33,control_received,"{""action"": ""priority_mode"", ""signal"": ""green"", ""speed_limit"": 30, ""reason"": ""emergency""}"
2026-01-20 16:46:38,priority_mode,"{""action"": ""priority_mode"", ""signal"": ""green"", ""speed_limit"": 30, ""reason"": ""emergency""}"
2026-01-20 16:46:38,control_received,"{""action"": ""priority_mode"", ""signal"": ""green"", ""speed_limit"": 30, ""reason"": ""emergency""}"
2026-01-20 16:46:38,control_received,"{""action"": ""priority_mode"", ""signal"": ""green"", ""speed_limit"": 30, ""reason"": ""emergency""}"
2026-01-20 16:46:43,normal,"{""action"": ""normal"", ""speed_limit"": 60, ""reason"": ""normal""}"
2026-01-20 16:46:43,control_received,"{""action"": ""normal"", ""speed_limit"": 60, ""reason"": ""normal""}"
2026-01-20 16:46:48,normal,"{""action"": ""normal"", ""speed_limit"": 60, ""reason"": ""normal""}"
2026-01-20 16:46:48,control_received,"{""action"": ""normal"", ""speed_limit"": 60, ""reason"": ""normal""}"
2026-01-20 16:46:48,control_received,"{""action"": ""normal"", ""speed_limit"": 60, ""reason"": ""normal""}"
2026-01-20 16:46:53,priority_mode,"{""action"": ""priority_mode"", ""signal"": ""green"", ""speed_limit"": 30, ""reason"": ""emergency""}"
2026-01-20 16:46:53,control_received,"{""action"": ""priority_mode"", ""signal"": ""green"", ""speed_limit"": 30, ""reason"": ""emergency""}"
2026-01-20 16:46:58,normal,"{""action"": ""normal"", ""speed_limit"": 60, ""reason"": ""normal""}"
2026-01-20 16:46:58,control_received,"{""action"": ""normal"", ""speed_limit"": 60, ""reason"": ""normal""}"
2026-01-20 16:46:58,control_received,"{""action"": ""normal"", ""speed_limit"": 60, ""reason"": ""normal""}"
2026-01-20 16:47:03,normal,"{""action"": ""normal"", ""speed_limit"": 60, ""reason"": ""normal""}"
2026-01-20 16:47:03,control_received,"{""action"": ""normal"", ""speed_limit"": 60, ""reason"": ""normal""}"
2026-01-20 16:47:03,control_received,"{""action"": ""normal"", ""speed_limit"": 60, ""reason"": ""normal""}"
2026-01-20 16:47:08,normal,"{""action"": ""normal"", ""speed_limit"": 60, ""reason"": ""normal""}"
2026-01-20 16:47:08,control_received,"{""action"": ""normal"", ""speed_limit"": 60, ""reason"": ""normal""}"
2026-01-20 16:47:08,control_received,"{""action"": ""normal"", ""speed_limit"": 60, ""reason"": ""normal""}"
2026-01-20 16:47:13,normal,"{""action"": ""normal"", ""speed_limit"": 60, ""reason"": ""normal""}"
2026-01-20 16:47:13,control_received,"{""action"": ""normal"", ""speed_limit"": 60, ""reason"": ""normal""}"
2026-01-20 16:47:13,control_received,"{""action"": ""normal"", ""speed_limit"": 60, ""reason"": ""normal""}"
2026-01-20 16:47:18,reduce_speed,"{""action"": ""reduce_speed"", ""speed_limit"": 50, ""reason"": ""moderate_congestion""}"
2026-01-20 16:47:18,control_received,"{""action"": ""reduce_speed"", ""speed_limit"": 50, ""reason"": ""moderate_congestion""}"
2026-01-20 16:47:18,control_received,"{""action"": ""reduce_speed"", ""speed_limit"": 50, ""reason"": ""moderate_congestion""}"
2026-01-20 16:47:23,normal,"{""action"": ""normal"", ""speed_limit"": 60, ""reason"": ""normal""}"
2026-01-20 16:47:23,control_received,"{""action"": ""normal"", ""speed_limit"": 60, ""reason"": ""normal""}"
2026-01-20 16:47:28,normal,"{""action"": ""normal"", ""speed_limit"": 60, ""reason"": ""normal""}"
2026-01-20 16:47:28,control_received,"{""action"": ""normal"", ""speed_limit"": 60, ""reason"": ""normal""}"
2026-01-20 16:47:28,control_received,"{""action"": ""normal"", ""speed_limit"": 60, ""reason"": ""normal""}"
2026-01-20 16:47:33,normal,"{""action"": ""normal"", ""speed_limit"": 60, ""reason"": ""normal""}"
2026-01-20 16:47:33,control_received,"{""action"": ""normal"", ""speed_limit"": 60, ""reason"": ""normal""}"
2026-01-20 16:47:33,control_received,"{""action"": ""normal"", ""speed_limit"": 60, ""reason"": ""normal""}"
2026-01-20 16:47:38,normal,"{""action"": ""normal"", ""speed_limit"": 60, ""reason"": ""normal""}"
2026-01-20 16:47:38,control_received,"{""action"": ""normal"", ""speed_limit"": 60, ""reason"": ""normal""}"
2026-01-20 16:47:38,control_received,"{""action"": ""normal"", ""speed_limit"": 60, ""reason"": ""normal""}"
2026-01-20 16:47:43,priority_mode,"{""action"": ""priority_mode"", ""signal"": ""green"", ""speed_limit"": 30, ""reason"": ""emergency""}"
2026-01-20 16:47:43,control_received,"{""action"": ""priority_mode"", ""signal"": ""green"", ""speed_limit"": 30, ""reason"": ""emergency""}"
2026-01-20 16:47:43,control_received,"{""action"": ""priority_mode"", ""signal"": ""green"", ""speed_limit"": 30, ""reason"": ""emergency""}"
2026-01-20 16:47:48,priority_mode,"{""action"": ""priority_mode"", ""signal"": ""green"", ""speed_limit"": 30, ""reason"": ""emergency""}"
2026-01-20 16:47:48,control_received,"{""action"": ""priority_mode"", ""signal"": ""green"", ""speed_limit"": 30, ""reason"": ""emergency""}"
2026-01-20 16:47:48,control_received,"{""action"": ""priority_mode"", ""signal"": ""green"", ""speed_limit"": 30, ""reason"": ""emergency""}"
2026-01-20 16:47:53,priority_mode,"{""action"": ""priority_mode"", ""signal"": ""green"", ""speed_limit"": 30, ""reason"": ""emergency""}"
2026-01-20 16:47:53,control_received,"{""action"": ""priority_mode"", ""signal"": ""green"", ""speed_limit"": 30, ""reason"": ""emergency""}"
2026-01-20 16:47:58,normal,"{""action"": ""normal"", ""speed_limit"": 60, ""reason"": ""normal""}"
2026-01-20 16:47:58,control_received,"{""action"": ""normal"", ""speed_limit"": 60, ""reason"": ""normal""}"
2026-01-20 16:47:58,control_received,"{""action"": ""normal"", ""speed_limit"": 60, ""reason"": ""normal""}"
2026-01-20 16:48:03,normal,"{""action"": ""normal"", ""speed_limit"": 60, ""reason"": ""normal""}"
2026-01-20 16:48:03,control_received,"{""action"": ""normal"", ""speed_limit"": 60, ""reason"": ""normal""}"
2026-01-20 16:48:03,control_received,"{""action"": ""normal"", ""speed_limit"": 60, ""reason"": ""normal""}"
2026-01-20 16:48:08,normal,"{""action"": ""normal"", ""speed_limit"": 60, ""reason"": ""normal""}"
2026-01-20 16:48:08,control_received,"{""action"": ""normal"", ""speed_limit"": 60, ""reason"": ""normal""}"
2026-01-20 16:48:08,control_received,"{""action"": ""normal"", ""speed_limit"": 60, ""reason"": ""normal""}"
2026-01-20 16:48:13,normal,"{""action"": ""normal"", ""speed_limit"": 60, ""reason"": ""normal""}"
2026-01-20 16:48:13,control_received,"{""action"": ""normal"", ""speed_limit"": 60, ""reason"": ""normal""}"
2026-01-20 16:48:13,control_received,"{""action"": ""normal"", ""speed_limit"": 60, ""reason"": ""normal""}"
2026-01-20 16:48:18,normal,"{""action"": ""normal"", ""speed_limit"": 60, ""reason"": ""normal""}"
2026-01-20 16:48:18,control_received,"{""action"": ""normal"", ""speed_limit"": 60, ""reason"": ""normal""}"
2026-01-20 16:48:18,control_received,"{""action"": ""normal"", ""speed_limit"": 60, ""reason"": ""normal""}"
2026-01-20 16:48:23,priority_mode,"{""action"": ""priority_mode"", ""signal"": ""green"", ""speed_limit"": 30, ""reason"": ""emergency""}"
2026-01-20 16:48:23,control_received,"{""action"": ""priority_mode"", ""signal"": ""green"", ""speed_limit"": 30, ""reason"": ""emergency""}"
2026-01-20 16:48:23,control_received,"{""action"": ""priority_mode"", ""signal"": ""green"", ""speed_limit"": 30, ""reason"": ""emergency""}"
2026-01-20 16:48:28,priority_mode,"{""action"": ""priority_mode"", ""signal"": ""green"", ""speed_limit"": 30, ""reason"": ""emergency""}"
2026-01-20 16:48:28,control_received,"{""action"": ""priority_mode"", ""signal"": ""green"", ""speed_limit"": 30, ""reason"": ""emergency""}"
2026-01-20 16:48:28,control_received,"{""action"": ""priority_mode"", ""signal"": ""green"", ""speed_limit"": 30, ""reason"": ""emergency""}"
2026-01-20 16:48:33,priority_mode,"{""action"": ""priority_mode"", ""signal"": ""green"", ""speed_limit"": 30, ""reason"": ""emergency""}"
2026-01-20 16:48:33,control_received,"{""action"": ""priority_mode"", ""signal"": ""green"", ""speed_limit"": 30, ""reason"": ""emergency""}"
2026-01-20 16:48:33,control_received,"{""action"": ""priority_mode"", ""signal"": ""green"", ""speed_limit"": 30, ""reason"": ""emergency""}"
2026-01-20 16:48:38,normal,"{""action"": ""normal"", ""speed_limit"": 60, ""reason"": ""normal""}"
2026-01-20 16:48:38,control_received,"{""action"": ""normal"", ""speed_limit"": 60, ""reason"": ""normal""}"
2026-01-20 16:48:38,control_received,"{""action"": ""normal"", ""speed_limit"": 60, ""reason"": ""normal""}"
2026-01-20 16:48:43,normal,"{""action"": ""normal"", ""speed_limit"": 60, ""reason"": ""normal""}"
2026-01-20 16:48:43,control_received,"{""action"": ""normal"", ""speed_limit"": 60, ""reason"": ""normal""}"
2026-01-20 16:48:43,control_received,"{""action"": ""normal"", ""speed_limit"": 60, ""reason"": ""normal""}"
2026-01-20 16:48:48,priority_mode,"{""action"": ""priority_mode"", ""signal"": ""green"", ""speed_limit"": 30, ""reason"": ""emergency""}"
2026-01-20 16:48:48,control_received,"{""action"": ""priority_mode"", ""signal"": ""green"", ""speed_limit"": 30, ""reason"": ""emergency""}"
2026-01-20 16:48:48,control_received,"{""action"": ""priority_mode"", ""signal"": ""green"", ""speed_limit"": 30, ""reason"": ""emergency""}"
2026-01-20 16:48:53,priority_mode,"{""action"": ""priority_mode"", ""signal"": ""green"", ""speed_limit"": 30, ""reason"": ""emergency""}"
2026-01-20 16:48:53,control_received,"{""action"": ""priority_mode"", ""signal"": ""green"", ""speed_limit"": 30, ""reason"": ""emergency""}"
2026-01-20 16:48:53,control_received,"{""action"": ""priority_mode"", ""signal"": ""green"", ""speed_limit"": 30, ""reason"": ""emergency""}"
2026-01-20 16:48:58,priority_mode,"{""action"": ""priority_mode"", ""signal"": ""green"", ""speed_limit"": 30, ""reason"": ""emergency""}"
2026-01-20 16:48:58,control_received,"{""action"": ""priority_mode"", ""signal"": ""green"", ""speed_limit"": 30, ""reason"": ""emergency""}"
2026-01-20 16:48:58,control_received,"{""action"": ""priority_mode"", ""signal"": ""green"", ""speed_limit"": 30, ""reason"": ""emergency""}"
2026-01-20 16:49:03,priority_mode,"{""action"": ""priority_mode"", ""signal"": ""green"", ""speed_limit"": 30, ""reason"": ""emergency""}"
2026-01-20 16:49:03,control_received,"{""action"": ""priority_mode"", ""signal"": ""green"", ""speed_limit"": 30, ""reason"": ""emergency""}"
2026-01-20 16:49:03,control_received,"{""action"": ""priority_mode"", ""signal"": ""green"", ""speed_limit"": 30, ""reason"": ""emergency""}"
2026-01-20 16:49:08,priority_mode,"{""action"": ""priority_mode"", ""signal"": ""green"", ""speed_limit"": 30, ""reason"": ""emergency""}"
2026-01-20 16:49:08,control_received,"{""action"": ""priority_mode"", ""signal"": ""green"", ""speed_limit"": 30, ""reason"": ""emergency""}"
2026-01-20 16:49:13,normal,"{""action"": ""normal"", ""speed_limit"": 60, ""reason"": ""normal""}"
2026-01-20 16:49:13,control_received,"{""action"": ""normal"", ""speed_limit"": 60, ""reason"": ""normal""}"
2026-01-20 16:49:18,normal,"{""action"": ""normal"", ""speed_limit"": 60, ""reason"": ""normal""}"
2026-01-20 16:49:18,control_received,"{""action"": ""normal"", ""speed_limit"": 60, ""reason"": ""normal""}"
2026-01-20 16:49:18,control_received,"{""action"": ""normal"", ""speed_limit"": 60, ""reason"": ""normal""}"
2026-01-20 16:49:23,priority_mode,"{""action"": ""priority_mode"", ""signal"": ""green"", ""speed_limit"": 30, ""reason"": ""emergency""}"
2026-01-20 16:49:23,control_received,"{""action"": ""priority_mode"", ""signal"": ""green"", ""speed_limit"": 30, ""reason"": ""emergency""}"
2026-01-20 16:49:23,control_received,"{""action"": ""priority_mode"", ""signal"": ""green"", ""speed_limit"": 30, ""reason"": ""emergency""}"
2026-01-20 16:49:28,priority_mode,"{""action"": ""priority_mode"", ""signal"": ""green"", ""speed_limit"": 30, ""reason"": ""emergency""}"
2026-01-20 16:49:28,control_received,"{""action"": ""priority_mode"", ""signal"": ""green"", ""speed_limit"": 30, ""reason"": ""emergency""}"
2026-01-20 16:49:28,control_received,"{""action"": ""priority_mode"", ""signal"": ""green"", ""speed_limit"": 30, ""reason"": ""emergency""}"
2026-01-20 16:49:33,normal,"{""action"": ""normal"", ""speed_limit"": 60, ""reason"": ""normal""}"
2026-01-20 16:49:33,control_received,"{""action"": ""normal"", ""speed_limit"": 60, ""reason"": ""normal""}"
2026-01-20 16:49:33,control_received,"{""action"": ""normal"", ""speed_limit"": 60, ""reason"": ""normal""}"
2026-01-20 16:49:38,priority_mode,"{""action"": ""priority_mode"", ""signal"": ""green"", ""speed_limit"": 30, ""reason"": ""emergency""}"
2026-01-20 16:49:38,control_received,"{""action"": ""priority_mode"", ""signal"": ""green"", ""speed_limit"": 30, ""reason"": ""emergency""}"
2026-01-20 16:49:43,normal,"{""action"": ""normal"", ""speed_limit"": 60, ""reason"": ""normal""}"
2026-01-20 16:49:43,control_received,"{""action"": ""normal"", ""speed_limit"": 60, ""reason"": ""normal""}"
2026-01-20 16:49:43,control_received,"{""action"": ""normal"", ""speed_limit"": 60, ""reason"": ""normal""}"
2026-01-20 16:49:48,normal,"{""action"": ""normal"", ""speed_limit"": 60, ""reason"": ""normal""}"
2026-01-20 16:49:48,control_received,"{""action"": ""normal"", ""speed_limit"": 60, ""reason"": ""normal""}"
2026-01-20 16:49:48,control_received,"{""action"": ""normal"", ""speed_limit"": 60, ""reason"": ""normal""}"
2026-01-20 16:49:53,priority_mode,"{""action"": ""priority_mode"", ""signal"": ""green"", ""speed_limit"": 30, ""reason"": ""emergency""}"
2026-01-20 16:49:53,control_received,"{""action"": ""priority_mode"", ""signal"": ""green"", ""speed_limit"": 30, ""reason"": ""emergency""}"
2026-01-20 16:49:53,control_received,"{""action"": ""priority_mode"", ""signal"": ""green"", ""speed_limit"": 30, ""reason"": ""emergency""}"
2026-01-20 16:49:58,reduce_speed,"{""action"": ""reduce_speed"", ""speed_limit"": 50, ""reason"": ""moderate_congestion""}"
2026-01-20 16:49:58,control_received,"{""action"": ""reduce_speed"", ""speed_limit"": 50, ""reason"": ""moderate_congestion""}"
2026-01-20 16:50:03,priority_mode,"{""action"": ""priority_mode"", ""signal"": ""green"", ""speed_limit"": 30, ""reason"": ""emergency""}"
2026-01-20 16:50:03,control_received,"{""action"": ""priority_mode"", ""signal"": ""green"", ""speed_limit"": 30, ""reason"": ""emergency""}"
2026-01-20 16:50:03,control_received,"{""action"": ""priority_mode"", ""signal"": ""green"", ""speed_limit"": 30, ""reason"": ""emergency""}"
2026-01-20 16:50:08,priority_mode,"{""action"": ""priority_mode"", ""signal"": ""green"", ""speed_limit"": 30, ""reason"": ""emergency""}"
2026-01-20 16:50:08,control_received,"{""action"": ""priority_mode"", ""signal"": ""green"", ""speed_limit"": 30, ""reason"": ""emergency""}"
2026-01-20 16:50:08,control_received,"{""action"": ""priority_mode"", ""signal"": ""green"", ""speed_limit"": 30, ""reason"": ""emergency""}"
2026-01-20 16:50:13,normal,"{""action"": ""normal"", ""speed_limit"": 60, ""reason"": ""normal""}"
2026-01-20 16:50:13,control_received,"{""action"": ""normal"", ""speed_limit"": 60, ""reason"": ""normal""}"
2026-01-20 16:50:18,reduce_speed,"{""action"": ""reduce_speed"", ""speed_limit"": 50, ""reason"": ""moderate_congestion""}"
2026-01-20 16:50:18,control_received,"{""action"": ""reduce_speed"", ""speed_limit"": 50, ""reason"": ""moderate_congestion""}"
2026-01-20 16:50:18,control_received,"{""action"": ""reduce_speed"", ""speed_limit"": 50, ""reason"": ""moderate_congestion""}"
2026-01-20 16:50:23,reduce_speed,"{""action"": ""reduce_speed"", ""speed_limit"": 50, ""reason"": ""moderate_congestion""}"
2026-01-20 16:50:23,control_received,"{""action"": ""reduce_speed"", ""speed_limit"": 50, ""reason"": ""moderate_congestion""}"
2026-01-20 16:50:23,control_received,"{""action"": ""reduce_speed"", ""speed_limit"": 50, ""reason"": ""moderate_congestion""}"
2026-01-20 16:50:28,priority_mode,"{""action"": ""priority_mode"", ""signal"": ""green"", ""speed_limit"": 30, ""reason"": ""emergency""}"
2026-01-20 16:50:28,control_received,"{""action"": ""priority_mode"", ""signal"": ""green"", ""speed_limit"": 30, ""reason"": ""emergency""}"
2026-01-20 16:50:33,priority_mode,"{""action"": ""priority_mode"", ""signal"": ""green"", ""speed_limit"": 30, ""reason"": ""emergency""}"
2026-01-20 16:50:33,control_received,"{""action"": ""priority_mode"", ""signal"": ""green"", ""speed_limit"": 30, ""reason"": ""emergency""}"
2026-01-20 16:50:33,control_received,"{""action"": ""priority_mode"", ""signal"": ""green"", ""speed_limit"": 30, ""reason"": ""emergency""}"
2026-01-20 16:50:38,normal,"{""action"": ""normal"", ""speed_limit"": 60, ""reason"": ""normal""}"
2026-01-20 16:50:38,control_received,"{""action"": ""normal"", ""speed_limit"": 60, ""reason"": ""normal""}"
2026-01-20 16:50:43,reduce_speed,"{""action"": ""reduce_speed"", ""speed_limit"": 50, ""reason"": ""moderate_congestion""}"
2026-01-20 16:50:43,control_received,"{""action"": ""reduce_speed"", ""speed_limit"": 50, ""reason"": ""moderate_congestion""}"
2026-01-20 16:50:43,control_received,"{""action"": ""reduce_speed"", ""speed_limit"": 50, ""reason"": ""moderate_congestion""}"
2026-01-20 16:50:48,priority_mode,"{""action"": ""priority_mode"", ""signal"": ""green"", ""speed_limit"": 30, ""reason"": ""emergency""}"
2026-01-20 16:50:48,control_received,"{""action"": ""priority_mode"", ""signal"": ""green"", ""speed_limit"": 30, ""reason"": ""emergency""}"
2026-01-20 16:50:48,control_received,"{""action"": ""priority_mode"", ""signal"": ""green"", ""speed_limit"": 30, ""reason"": ""emergency""}"
2026-01-20 16:50:53,normal,"{""action"": ""normal"", ""speed_limit"": 60, ""reason"": ""normal""}"
2026-01-20 16:50:53,control_received,"{""action"": ""normal"", ""speed_limit"": 60, ""reason"": ""normal""}"
2026-01-20 16:50:58,normal,"{""action"": ""normal"", ""speed_limit"": 60, ""reason"": ""normal""}"
2026-01-20 16:50:58,control_received,"{""action"": ""normal"", ""speed_limit"": 60, ""reason"": ""normal""}"
2026-01-20 16:50:58,control_received,"{""action"": ""normal"", ""speed_limit"": 60, ""reason"": ""normal""}"
2026-01-20 16:51:03,normal,"{""action"": ""normal"", ""speed_limit"": 60, ""reason"": ""normal""}"
2026-01-20 16:51:03,control_received,"{""action"": ""normal"", ""speed_limit"": 60, ""reason"": ""normal""}"
2026-01-20 16:51:03,control_received,"{""action"": ""normal"", ""speed_limit"": 60, ""reason"": ""normal""}"
2026-01-20 16:51:08,priority_mode,"{""action"": ""priority_mode"", ""signal"": ""green"", ""speed_limit"": 30, ""reason"": ""emergency""}"
2026-01-20 16:51:08,control_received,"{""action"": ""priority_mode"", ""signal"": ""green"", ""speed_limit"": 30, ""reason"": ""emergency""}"
2026-01-20 16:51:08,control_received,"{""action"": ""priority_mode"", ""signal"": ""green"", ""speed_limit"": 30, ""reason"": ""emergency""}"
2026-01-20 16:51:13,normal,"{""action"": ""normal"", ""speed_limit"": 60, ""reason"": ""normal""}"
2026-01-20 16:51:13,control_received,"{""action"": ""normal"", ""speed_limit"": 60, ""reason"": ""normal""}"
2026-01-20 16:51:18,normal,"{""action"": ""normal"", ""speed_limit"": 60, ""reason"": ""normal""}"
2026-01-20 16:51:18,control_received,"{""action"": ""normal"", ""speed_limit"": 60, ""reason"": ""normal""}"
2026-01-20 16:51:18,control_received,"{""action"": ""normal"", ""speed_limit"": 60, ""reason"": ""normal""}"
2026-01-20 16:51:23,priority_mode,"{""action"": ""priority_mode"", ""signal"": ""green"", ""speed_limit"": 30, ""reason"": ""emergency""}"
2026-01-20 16:51:23,control_received,"{""action"": ""priority_mode"", ""signal"": ""green"", ""speed_limit"": 30, ""reason"": ""emergency""}"
2026-01-20 16:51:23,control_received,"{""action"": ""priority_mode"", ""signal"": ""green"", ""speed_limit"": 30, ""reason"": ""emergency""}"
2026-01-20 16:51:28,normal,"{""action"": ""normal"", ""speed_limit"": 60, ""reason"": ""normal""}"
2026-01-20 16:51:28,control_received,"{""action"": ""normal"", ""speed_limit"": 60, ""reason"": ""normal""}"
2026-01-20 16:51:28,control_received,"{""action"": ""normal"", ""speed_limit"": 60, ""reason"": ""normal""}"
2026-01-20 16:51:33,normal,"{""action"": ""normal"", ""speed_limit"": 60, ""reason"": ""normal""}"
2026-01-20 16:51:33,control_received,"{""action"": ""normal"", ""speed_limit"": 60, ""reason"": ""normal""}"
2026-01-20 16:51:38,priority_mode,"{""action"": ""priority_mode"", ""signal"": ""green"", ""speed_limit"": 30, ""reason"": ""emergency""}"
2026-01-20 16:51:38,control_received,"{""action"": ""priority_mode"", ""signal"": ""green"", ""speed_limit"": 30, ""reason"": ""emergency""}"
2026-01-20 16:51:43,normal,"{""action"": ""normal"", ""speed_limit"": 60, ""reason"": ""normal""}"
2026-01-20 16:51:43,control_received,"{""action"": ""normal"", ""speed_limit"": 60, ""reason"": ""normal""}"
2026-01-20 16:51:43,control_received,"{""action"": ""normal"", ""speed_limit"": 60, ""reason"": ""normal""}"
2026-01-20 16:51:48,priority_mode,"{""action"": ""priority_mode"", ""signal"": ""green"", ""speed_limit"": 30, ""reason"": ""emergency""}"
2026-01-20 16:51:48,control_received,"{""action"": ""priority_mode"", ""signal"": ""green"", ""speed_limit"": 30, ""reason"": ""emergency""}"
2026-01-20 16:51:48,control_received,"{""action"": ""priority_mode"", ""signal"": ""green"", ""speed_limit"": 30, ""reason"": ""emergency""}"
2026-01-20 16:51:53,priority_mode,"{""action"": ""priority_mode"", ""signal"": ""green"", ""speed_limit"": 30, ""reason"": ""emergency""}"
2026-01-20 16:51:53,control_received,"{""action"": ""priority_mode"", ""signal"": ""green"", ""speed_limit"": 30, ""reason"": ""emergency""}"
2026-01-20 16:51:53,control_received,"{""action"": ""priority_mode"", ""signal"": ""green"", ""speed_limit"": 30, ""reason"": ""emergency""}"
2026-01-20 16:51:58,normal,"{""action"": ""normal"", ""speed_limit"": 60, ""reason"": ""normal""}"
2026-01-20 16:51:58,control_received,"{""action"": ""normal"", ""speed_limit"": 60, ""reason"": ""normal""}"
2026-01-20 16:51:58,control_received,"{""action"": ""normal"", ""speed_limit"": 60, ""reason"": ""normal""}"
2026-01-20 16:52:03,normal,"{""action"": ""normal"", ""speed_limit"": 60, ""reason"": ""normal""}"
2026-01-20 16:52:03,control_received,"{""action"": ""normal"", ""speed_limit"": 60, ""reason"": ""normal""}"
2026-01-20 16:52:03,control_received,"{""action"": ""normal"", ""speed_limit"": 60, ""reason"": ""normal""}"
2026-01-20 16:52:08,reduce_speed,"{""action"": ""reduce_speed"", ""speed_limit"": 50, ""reason"": ""moderate_congestion""}"
2026-01-20 16:52:08,control_received,"{""action"": ""reduce_speed"", ""speed_limit"": 50, ""reason"": ""moderate_congestion""}"
2026-01-20 16:52:13,normal,"{""action"": ""normal"", ""speed_limit"": 60, ""reason"": ""normal""}"
2026-01-20 16:52:13,control_received,"{""action"": ""normal"", ""speed_limit"": 60, ""reason"": ""normal""}"
2026-01-20 16:52:18,normal,"{""action"": ""normal"", ""speed_limit"": 60, ""reason"": ""normal""}"
2026-01-20 16:52:18,control_received,"{""action"": ""normal"", ""speed_limit"": 60, ""reason"": ""normal""}"
2026-01-20 16:52:18,control_received,"{""action"": ""normal"", ""speed_limit"": 60, ""reason"": ""normal""}"
2026-01-20 16:52:23,normal,"{""action"": ""normal"", ""speed_limit"": 60, ""reason"": ""normal""}"
2026-01-20 16:52:23,control_received,"{""action"": ""normal"", ""speed_limit"": 60, ""reason"": ""normal""}"
2026-01-20 16:52:28,priority_mode,"{""action"": ""priority_mode"", ""signal"": ""green"", ""speed_limit"": 30, ""reason"": ""emergency""}"
2026-01-20 16:52:28,control_received,"{""action"": ""priority_mode"", ""signal"": ""green"", ""speed_limit"": 30, ""reason"": ""emergency""}"
2026-01-20 16:52:33,normal,"{""action"": ""normal"", ""speed_limit"": 60, ""reason"": ""normal""}"
2026-01-20 16:52:33,control_received,"{""action"": ""normal"", ""speed_limit"": 60, ""reason"": ""normal""}"
2026-01-20 16:52:38,normal,"{""action"": ""normal"", ""speed_limit"": 60, ""reason"": ""normal""}"
2026-01-20 16:52:38,control_received,"{""action"": ""normal"", ""speed_limit"": 60, ""reason"": ""normal""}"
2026-01-20 16:52:38,control_received,"{""action"": ""normal"", ""speed_limit"": 60, ""reason"": ""normal""}"
2026-01-20 16:52:43,normal,"{""action"": ""normal"", ""speed_limit"": 60, ""reason"": ""normal""}"
2026-01-20 16:52:43,control_received,"{""action"": ""normal"", ""speed_limit"": 60, ""reason"": ""normal""}"
2026-01-20 16:52:43,control_received,"{""action"": ""normal"", ""speed_limit"": 60, ""reason"": ""normal""}"
2026-01-20 16:52:48,normal,"{""action"": ""normal"", ""speed_limit"": 60, ""reason"": ""normal""}"
2026-01-20 16:52:48,control_received,"{""action"": ""normal"", ""speed_limit"": 60, ""reason"": ""normal""}"
2026-01-20 16:52:48,control_received,"{""action"": ""normal"", ""speed_limit"": 60, ""reason"": ""normal""}"
2026-01-20 16:52:53,normal,"{""action"": ""normal"", ""speed_limit"": 60, ""reason"": ""normal""}"
2026-01-20 16:52:53,control_received,"{""action"": ""normal"", ""speed_limit"": 60, ""reason"": ""normal""}"
2026-01-20 16:52:53,control_received,"{""action"": ""normal"", ""speed_limit"": 60, ""reason"": ""normal""}"
2026-01-20 16:52:58,priority_mode,"{""action"": ""priority_mode"", ""signal"": ""green"", ""speed_limit"": 30, ""reason"": ""emergency""}"
2026-01-20 16:52:58,control_received,"{""action"": ""priority_mode"", ""signal"": ""green"", ""speed_limit"": 30, ""reason"": ""emergency""}"
2026-01-20 16:52:58,control_received,"{""action"": ""priority_mode"", ""signal"": ""green"", ""speed_limit"": 30, ""reason"": ""emergency""}"
2026-01-20 16:53:03,normal,"{""action"": ""normal"", ""speed_limit"": 60, ""reason"": ""normal""}"
2026-01-20 16:53:03,control_received,"{""action"": ""normal"", ""speed_limit"": 60, ""reason"": ""normal""}"
2026-01-20 16:53:03,control_received,"{""action"": ""normal"", ""speed_limit"": 60, ""reason"": ""normal""}"
2026-01-20 16:53:08,normal,"{""action"": ""normal"", ""speed_limit"": 60, ""reason"": ""normal""}"
2026-01-20 16:53:08,control_received,"{""action"": ""normal"", ""speed_limit"": 60, ""reason"": ""normal""}"
2026-01-20 16:53:08,control_received,"{""action"": ""normal"", ""speed_limit"": 60, ""reason"": ""normal""}"
2026-01-20 16:53:13,reduce_speed,"{""action"": ""reduce_speed"", ""speed_limit"": 50, ""reason"": ""moderate_congestion""}"
2026-01-20 16:53:13,control_received,"{""action"": ""reduce_speed"", ""speed_limit"": 50, ""reason"": ""moderate_congestion""}"
2026-01-20 16:53:13,control_received,"{""action"": ""reduce_speed"", ""speed_limit"": 50, ""reason"": ""moderate_congestion""}"
2026-01-20 16:53:18,priority_mode,"{""action"": ""priority_mode"", ""signal"": ""green"", ""speed_limit"": 30, ""reason"": ""emergency""}"
2026-01-20 16:53:18,control_received,"{""action"": ""priority_mode"", ""signal"": ""green"", ""speed_limit"": 30, ""reason"": ""emergency""}"
2026-01-20 16:53:18,control_received,"{""action"": ""priority_mode"", ""signal"": ""green"", ""speed_limit"": 30, ""reason"": ""emergency""}"
2026-01-20 16:53:23,priority_mode,"{""action"": ""priority_mode"", ""signal"": ""green"", ""speed_limit"": 30, ""reason"": ""emergency""}"
2026-01-20 16:53:23,control_received,"{""action"": ""priority_mode"", ""signal"": ""green"", ""speed_limit"": 30, ""reason"": ""emergency""}"
2026-01-20 16:53:23,control_received,"{""action"": ""priority_mode"", ""signal"": ""green"", ""speed_limit"": 30, ""reason"": ""emergency""}"
2026-01-20 16:53:28,normal,"{""action"": ""normal"", ""speed_limit"": 60, ""reason"": ""normal""}"
2026-01-20 16:53:28,control_received,"{""action"": ""normal"", ""speed_limit"": 60, ""reason"": ""normal""}"
2026-01-20 16:53:28,control_received,"{""action"": ""normal"", ""speed_limit"": 60, ""reason"": ""normal""}"
2026-01-20 16:53:33,normal,"{""action"": ""normal"", ""speed_limit"": 60, ""reason"": ""normal""}"
2026-01-20 16:53:33,control_received,"{""action"": ""normal"", ""speed_limit"": 60, ""reason"": ""normal""}"
2026-01-20 16:53:33,control_received,"{""action"": ""normal"", ""speed_limit"": 60, ""reason"": ""normal""}"
2026-01-20 16:53:38,normal,"{""action"": ""normal"", ""speed_limit"": 60, ""reason"": ""normal""}"
2026-01-20 16:53:38,control_received,"{""action"": ""normal"", ""speed_limit"": 60, ""reason"": ""normal""}"
2026-01-20 16:53:38,control_received,"{""action"": ""normal"", ""speed_limit"": 60, ""reason"": ""normal""}"
2026-01-20 16:53:43,priority_mode,"{""action"": ""priority_mode"", ""signal"": ""green"", ""speed_limit"": 30, ""reason"": ""emergency""}"
2026-01-20 16:53:43,control_received,"{""action"": ""priority_mode"", ""signal"": ""green"", ""speed_limit"": 30, ""reason"": ""emergency""}"
2026-01-20 16:53:48,priority_mode,"{""action"": ""priority_mode"", ""signal"": ""green"", ""speed_limit"": 30, ""reason"": ""emergency""}"
2026-01-20 16:53:48,control_received,"{""action"": ""priority_mode"", ""signal"": ""green"", ""speed_limit"": 30, ""reason"": ""emergency""}"
2026-01-20 16:53:48,control_received,"{""action"": ""priority_mode"", ""signal"": ""green"", ""speed_limit"": 30, ""reason"": ""emergency""}"
2026-01-20 16:53:53,reduce_speed,"{""action"": ""reduce_speed"", ""speed_limit"": 50, ""reason"": ""moderate_congestion""}"
2026-01-20 16:53:53,control_received,"{""action"": ""reduce_speed"", ""speed_limit"": 50, ""reason"": ""moderate_congestion""}"
2026-01-20 16:53:53,control_received,"{""action"": ""reduce_speed"", ""speed_limit"": 50, ""reason"": ""moderate_congestion""}"
2026-01-20 16:53:58,priority_mode,"{""action"": ""priority_mode"", ""signal"": ""green"", ""speed_limit"": 30, ""reason"": ""emergency""}"
2026-01-20 16:53:58,control_received,"{""action"": ""priority_mode"", ""signal"": ""green"", ""speed_limit"": 30, ""reason"": ""emergency""}"
2026-01-20 16:53:58,control_received,"{""action"": ""priority_mode"", ""signal"": ""green"", ""speed_limit"": 30, ""reason"": ""emergency""}"
2026-01-20 16:54:03,priority_mode,"{""action"": ""priority_mode"", ""signal"": ""green"", ""speed_limit"": 30, ""reason"": ""emergency""}"
2026-01-20 16:54:03,control_received,"{""action"": ""priority_mode"", ""signal"": ""green"", ""speed_limit"": 30, ""reason"": ""emergency""}"
2026-01-20 16:54:03,control_received,"{""action"": ""priority_mode"", ""signal"": ""green"", ""speed_limit"": 30, ""reason"": ""emergency""}"
2026-01-20 16:54:08,normal,"{""action"": ""normal"", ""speed_limit"": 60, ""reason"": ""normal""}"
2026-01-20 16:54:08,control_received,"{""action"": ""normal"", ""speed_limit"": 60, ""reason"": ""normal""}"
2026-01-20 16:54:13,priority_mode,"{""action"": ""priority_mode"", ""signal"": ""green"", ""speed_limit"": 30, ""reason"": ""emergency""}"
2026-01-20 16:54:13,control_received,"{""action"": ""priority_mode"", ""signal"": ""green"", ""speed_limit"": 30, ""reason"": ""emergency""}"
2026-01-20 16:54:13,control_received,"{""action"": ""priority_mode"", ""signal"": ""green"", ""speed_limit"": 30, ""reason"": ""emergency""}"
2026-01-20 16:54:18,reduce_speed,"{""action"": ""reduce_speed"", ""speed_limit"": 50, ""reason"": ""moderate_congestion""}"
2026-01-20 16:54:18,control_received,"{""action"": ""reduce_speed"", ""speed_limit"": 50, ""reason"": ""moderate_congestion""}"
2026-01-20 16:54:18,control_received,"{""action"": ""reduce_speed"", ""speed_limit"": 50, ""reason"": ""moderate_congestion""}"
2026-01-20 16:54:23,normal,"{""action"": ""normal"", ""speed_limit"": 60, ""reason"": ""normal""}"
2026-01-20 16:54:23,control_received,"{""action"": ""normal"", ""speed_limit"": 60, ""reason"": ""normal""}"
2026-01-20 16:54:28,normal,"{""action"": ""normal"", ""speed_limit"": 60, ""reason"": ""normal""}"
2026-01-20 16:54:28,control_received,"{""action"": ""normal"", ""speed_limit"": 60, ""reason"": ""normal""}"
2026-01-20 16:54:28,control_received,"{""action"": ""normal"", ""speed_limit"": 60, ""reason"": ""normal""}"
2026-01-20 16:54:33,priority_mode,"{""action"": ""priority_mode"", ""signal"": ""green"", ""speed_limit"": 30, ""reason"": ""emergency""}"
2026-01-20 16:54:33,control_received,"{""action"": ""priority_mode"", ""signal"": ""green"", ""speed_limit"": 30, ""reason"": ""emergency""}"
2026-01-20 16:54:38,normal,"{""action"": ""normal"", ""speed_limit"": 60, ""reason"": ""normal""}"
2026-01-20 16:54:38,control_received,"{""action"": ""normal"", ""speed_limit"": 60, ""reason"": ""normal""}"
2026-01-20 16:54:43,normal,"{""action"": ""normal"", ""speed_limit"": 60, ""reason"": ""normal""}"
2026-01-20 16:54:43,control_received,"{""action"": ""normal"", ""speed_limit"": 60, ""reason"": ""normal""}"
2026-01-20 16:54:48,normal,"{""action"": ""normal"", ""speed_limit"": 60, ""reason"": ""normal""}"
2026-01-20 16:54:48,control_received,"{""action"": ""normal"", ""speed_limit"": 60, ""reason"": ""normal""}"
2026-01-20 16:54:48,control_received,"{""action"": ""normal"", ""speed_limit"": 60, ""reason"": ""normal""}"
2026-01-20 16:54:53,priority_mode,"{""action"": ""priority_mode"", ""signal"": ""green"", ""speed_limit"": 30, ""reason"": ""emergency""}"
2026-01-20 16:54:53,control_received,"{""action"": ""priority_mode"", ""signal"": ""green"", ""speed_limit"": 30, ""reason"": ""emergency""}"
2026-01-20 16:54:58,priority_mode,"{""action"": ""priority_mode"", ""signal"": ""green"", ""speed_limit"": 30, ""reason"": ""emergency""}"
2026-01-20 16:54:58,control_received,"{""action"": ""priority_mode"", ""signal"": ""green"", ""speed_limit"": 30, ""reason"": ""emergency""}"
2026-01-20 16:54:58,control_received,"{""action"": ""priority_mode"", ""signal"": ""green"", ""speed_limit"": 30, ""reason"": ""emergency""}"
2026-01-20 16:55:03,priority_mode,"{""action"": ""priority_mode"", ""signal"": ""green"", ""speed_limit"": 30, ""reason"": ""emergency""}"
2026-01-20 16:55:03,control_received,"{""action"": ""priority_mode"", ""signal"": ""green"", ""speed_limit"": 30, ""reason"": ""emergency""}"
2026-01-20 16:55:03,control_received,"{""action"": ""priority_mode"", ""signal"": ""green"", ""speed_limit"": 30, ""reason"": ""emergency""}"
2026-01-20 16:55:08,priority_mode,"{""action"": ""priority_mode"", ""signal"": ""green"", ""speed_limit"": 30, ""reason"": ""emergency""}"
2026-01-20 16:55:08,control_received,"{""action"": ""priority_mode"", ""signal"": ""green"", ""speed_limit"": 30, ""reason"": ""emergency""}"
2026-01-20 16:55:08,control_received,"{""action"": ""priority_mode"", ""signal"": ""green"", ""speed_limit"": 30, ""reason"": ""emergency""}"
2026-01-20 16:55:13,normal,"{""action"": ""normal"", ""speed_limit"": 60, ""reason"": ""normal""}"
2026-01-20 16:55:13,control_received,"{""action"": ""normal"", ""speed_limit"": 60, ""reason"": ""normal""}"
2026-01-20 16:55:13,control_received,"{""action"": ""normal"", ""speed_limit"": 60, ""reason"": ""normal""}"
2026-01-20 16:55:18,normal,"{""action"": ""normal"", ""speed_limit"": 60, ""reason"": ""normal""}"
2026-01-20 16:55:18,control_received,"{""action"": ""normal"", ""speed_limit"": 60, ""reason"": ""normal""}"
2026-01-20 16:55:23,reduce_speed,"{""action"": ""reduce_speed"", ""speed_limit"": 50, ""reason"": ""moderate_congestion""}"
2026-01-20 16:55:23,control_received,"{""action"": ""reduce_speed"", ""speed_limit"": 50, ""reason"": ""moderate_congestion""}"
2026-01-20 16:55:28,priority_mode,"{""action"": ""priority_mode"", ""signal"": ""green"", ""speed_limit"": 30, ""reason"": ""emergency""}"
2026-01-20 16:55:28,control_received,"{""action"": ""priority_mode"", ""signal"": ""green"", ""speed_limit"": 30, ""reason"": ""emergency""}"
2026-01-20 16:55:33,priority_mode,"{""action"": ""priority_mode"", ""signal"": ""green"", ""speed_limit"": 30, ""reason"": ""emergency""}"
2026-01-20 16:55:33,control_received,"{""action"": ""priority_mode"", ""signal"": ""green"", ""speed_limit"": 30, ""reason"": ""emergency""}"
2026-01-20 16:55:33,control_received,"{""action"": ""priority_mode"", ""signal"": ""green"", ""speed_limit"": 30, ""reason"": ""emergency""}"
2026-01-20 16:55:38,normal,"{""action"": ""normal"", ""speed_limit"": 60, ""reason"": ""normal""}"
2026-01-20 16:55:38,control_received,"{""action"": ""normal"", ""speed_limit"": 60, ""reason"": ""normal""}"
2026-01-20 16:55:43,normal,"{""action"": ""normal"", ""speed_limit"": 60, ""reason"": ""normal""}"
2026-01-20 16:55:43,control_received,"{""action"": ""normal"", ""speed_limit"": 60, ""reason"": ""normal""}"
2026-01-20 16:55:43,control_received,"{""action"": ""normal"", ""speed_limit"": 60, ""reason"": ""normal""}"
2026-01-20 16:55:48,priority_mode,"{""action"": ""priority_mode"", ""signal"": ""green"", ""speed_limit"": 30, ""reason"": ""emergency""}"
2026-01-20 16:55:48,control_received,"{""action"": ""priority_mode"", ""signal"": ""green"", ""speed_limit"": 30, ""reason"": ""emergency""}"
2026-01-20 16:55:48,control_received,"{""action"": ""priority_mode"", ""signal"": ""green"", ""speed_limit"": 30, ""reason"": ""emergency""}"
2026-01-20 16:55:53,priority_mode,"{""action"": ""priority_mode"", ""signal"": ""green"", ""speed_limit"": 30, ""reason"": ""emergency""}"
2026-01-20 16:55:53,control_received,"{""action"": ""priority_mode"", ""signal"": ""green"", ""speed_limit"": 30, ""reason"": ""emergency""}"
2026-01-20 16:55:53,control_received,"{""action"": ""priority_mode"", ""signal"": ""green"", ""speed_limit"": 30, ""reason"": ""emergency""}"
2026-01-20 16:55:58,normal,"{""action"": ""normal"", ""speed_limit"": 60, ""reason"": ""normal""}"
2026-01-20 16:55:58,control_received,"{""action"": ""normal"", ""speed_limit"": 60, ""reason"": ""normal""}"
2026-01-20 16:56:03,normal,"{""action"": ""normal"", ""speed_limit"": 60, ""reason"": ""normal""}"
2026-01-20 16:56:03,control_received,"{""action"": ""normal"", ""speed_limit"": 60, ""reason"": ""normal""}"
2026-01-20 16:56:03,control_received,"{""action"": ""normal"", ""speed_limit"": 60, ""reason"": ""normal""}"
2026-01-20 16:56:08,normal,"{""action"": ""normal"", ""speed_limit"": 60, ""reason"": ""normal""}"
2026-01-20 16:56:08,control_received,"{""action"": ""normal"", ""speed_limit"": 60, ""reason"": ""normal""}"
2026-01-20 16:56:13,priority_mode,"{""action"": ""priority_mode"", ""signal"": ""green"", ""speed_limit"": 30, ""reason"": ""emergency""}"
2026-01-20 16:56:13,control_received,"{""action"": ""priority_mode"", ""signal"": ""green"", ""speed_limit"": 30, ""reason"": ""emergency""}"
2026-01-20 16:56:13,control_received,"{""action"": ""priority_mode"", ""signal"": ""green"", ""speed_limit"": 30, ""reason"": ""emergency""}"
2026-01-20 16:56:18,priority_mode,"{""action"": ""priority_mode"", ""signal"": ""green"", ""speed_limit"": 30, ""reason"": ""emergency""}"
2026-01-20 16:56:18,control_received,"{""action"": ""priority_mode"", ""signal"": ""green"", ""speed_limit"": 30, ""reason"": ""emergency""}"
2026-01-20 16:56:18,control_received,"{""action"": ""priority_mode"", ""signal"": ""green"", ""speed_limit"": 30, ""reason"": ""emergency""}"
2026-01-20 16:56:23,normal,"{""action"": ""normal"", ""speed_limit"": 60, ""reason"": ""normal""}"
2026-01-20 16:56:23,control_received,"{""action"": ""normal"", ""speed_limit"": 60, ""reason"": ""normal""}"
2026-01-20 16:56:23,control_received,"{""action"": ""normal"", ""speed_limit"": 60, ""reason"": ""normal""}"
2026-01-20 16:56:28,normal,"{""action"": ""normal"", ""speed_limit"": 60, ""reason"": ""normal""}"
2026-01-20 16:56:28,control_received,"{""action"": ""normal"", ""speed_limit"": 60, ""reason"": ""normal""}"
2026-01-20 16:56:28,control_received,"{""action"": ""normal"", ""speed_limit"": 60, ""reason"": ""normal""}"
2026-01-20 16:56:33,priority_mode,"{""action"": ""priority_mode"", ""signal"": ""green"", ""speed_limit"": 30, ""reason"": ""emergency""}"
2026-01-20 16:56:33,control_received,"{""action"": ""priority_mode"", ""signal"": ""green"", ""speed_limit"": 30, ""reason"": ""emergency""}"
2026-01-20 16:56:33,control_received,"{""action"": ""priority_mode"", ""signal"": ""green"", ""speed_limit"": 30, ""reason"": ""emergency""}"
2026-01-20 16:56:38,normal,"{""action"": ""normal"", ""speed_limit"": 60, ""reason"": ""normal""}"
2026-01-20 16:56:38,control_received,"{""action"": ""normal"", ""speed_limit"": 60, ""reason"": ""normal""}"
2026-01-20 16:56:38,control_received,"{""action"": ""normal"", ""speed_limit"": 60, ""reason"": ""normal""}"
2026-01-20 16:56:43,normal,"{""action"": ""normal"", ""speed_limit"": 60, ""reason"": ""normal""}"
2026-01-20 16:56:43,control_received,"{""action"": ""normal"", ""speed_limit"": 60, ""reason"": ""normal""}"
2026-01-20 16:56:43,control_received,"{""action"": ""normal"", ""speed_limit"": 60, ""reason"": ""normal""}"
2026-01-20 16:56:48,normal,"{""action"": ""normal"", ""speed_limit"": 60, ""reason"": ""normal""}"
2026-01-20 16:56:48,control_received,"{""action"": ""normal"", ""speed_limit"": 60, ""reason"": ""normal""}"
2026-01-20 16:56:53,normal,"{""action"": ""normal"", ""speed_limit"": 60, ""reason"": ""normal""}"
2026-01-20 16:56:53,control_received,"{""action"": ""normal"", ""speed_limit"": 60, ""reason"": ""normal""}"
2026-01-20 16:56:58,normal,"{""action"": ""normal"", ""speed_limit"": 60, ""reason"": ""normal""}"
2026-01-20 16:56:58,control_received,"{""action"": ""normal"", ""speed_limit"": 60, ""reason"": ""normal""}"
2026-01-20 16:56:58,control_received,"{""action"": ""normal"", ""speed_limit"": 60, ""reason"": ""normal""}"
2026-01-20 16:57:03,normal,"{""action"": ""normal"", ""speed_limit"": 60, ""reason"": ""normal""}"
2026-01-20 16:57:03,control_received,"{""action"": ""normal"", ""speed_limit"": 60, ""reason"": ""normal""}"
2026-01-20 16:57:03,control_received,"{""action"": ""normal"", ""speed_limit"": 60, ""reason"": ""normal""}"
2026-01-20 16:57:08,priority_mode,"{""action"": ""priority_mode"", ""signal"": ""green"", ""speed_limit"": 30, ""reason"": ""emergency""}"
2026-01-20 16:57:08,control_received,"{""action"": ""priority_mode"", ""signal"": ""green"", ""speed_limit"": 30, ""reason"": ""emergency""}"
2026-01-20 16:57:13,normal,"{""action"": ""normal"", ""speed_limit"": 60, ""reason"": ""normal""}"
2026-01-20 16:57:13,control_received,"{""action"": ""normal"", ""speed_limit"": 60, ""reason"": ""normal""}"
2026-01-20 16:57:18,normal,"{""action"": ""normal"", ""speed_limit"": 60, ""reason"": ""normal""}"
2026-01-20 16:57:18,control_received,"{""action"": ""normal"", ""speed_limit"": 60, ""reason"": ""normal""}"
2026-01-20 16:57:18,control_received,"{""action"": ""normal"", ""speed_limit"": 60, ""reason"": ""normal""}"
2026-01-20 16:57:23,reduce_speed,"{""action"": ""reduce_speed"", ""speed_limit"": 50, ""reason"": ""moderate_congestion""}"
2026-01-20 16:57:23,control_received,"{""action"": ""reduce_speed"", ""speed_limit"": 50, ""reason"": ""moderate_congestion""}"
2026-01-20 16:57:28,priority_mode,"{""action"": ""priority_mode"", ""signal"": ""green"", ""speed_limit"": 30, ""reason"": ""emergency""}"
2026-01-20 16:57:28,control_received,"{""action"": ""priority_mode"", ""signal"": ""green"", ""speed_limit"": 30, ""reason"": ""emergency""}"
2026-01-20 16:57:33,priority_mode,"{""action"": ""priority_mode"", ""signal"": ""green"", ""speed_limit"": 30, ""reason"": ""emergency""}"
2026-01-20 16:57:33,control_received,"{""action"": ""priority_mode"", ""signal"": ""green"", ""speed_limit"": 30, ""reason"": ""emergency""}"
2026-01-20 16:57:33,control_received,"{""action"": ""priority_mode"", ""signal"": ""green"", ""speed_limit"": 30, ""reason"": ""emergency""}"
2026-01-20 16:57:38,normal,"{""action"": ""normal"", ""speed_limit"": 60, ""reason"": ""normal""}"
2026-01-20 16:57:38,control_received,"{""action"": ""normal"", ""speed_limit"": 60, ""reason"": ""normal""}"
2026-01-20 16:57:38,control_received,"{""action"": ""normal"", ""speed_limit"": 60, ""reason"": ""normal""}"
2026-01-20 16:57:43,reduce_speed,"{""action"": ""reduce_speed"", ""speed_limit"": 50, ""reason"": ""moderate_congestion""}"
2026-01-20 16:57:43,control_received,"{""action"": ""reduce_speed"", ""speed_limit"": 50, ""reason"": ""moderate_congestion""}"
2026-01-20 16:57:48,priority_mode,"{""action"": ""priority_mode"", ""signal"": ""green"", ""speed_limit"": 30, ""reason"": ""emergency""}"
2026-01-20 16:57:48,control_received,"{""action"": ""priority_mode"", ""signal"": ""green"", ""speed_limit"": 30, ""reason"": ""emergency""}"
2026-01-20 16:57:48,control_received,"{""action"": ""priority_mode"", ""signal"": ""green"", ""speed_limit"": 30, ""reason"": ""emergency""}"
2026-01-20 16:57:53,priority_mode,"{""action"": ""priority_mode"", ""signal"": ""green"", ""speed_limit"": 30, ""reason"": ""emergency""}"
2026-01-20 16:57:53,control_received,"{""action"": ""priority_mode"", ""signal"": ""green"", ""speed_limit"": 30, ""reason"": ""emergency""}"
2026-01-20 16:57:58,normal,"{""action"": ""normal"", ""speed_limit"": 60, ""reason"": ""normal""}"
2026-01-20 16:57:58,control_received,"{""action"": ""normal"", ""speed_limit"": 60, ""reason"": ""normal""}"
2026-01-20 16:57:58,control_received,"{""action"": ""normal"", ""speed_limit"": 60, ""reason"": ""normal""}"
2026-01-20 16:58:03,priority_mode,"{""action"": ""priority_mode"", ""signal"": ""green"", ""speed_limit"": 30, ""reason"": ""emergency""}"
2026-01-20 16:58:03,control_received,"{""action"": ""priority_mode"", ""signal"": ""green"", ""speed_limit"": 30, ""reason"": ""emergency""}"
2026-01-20 16:58:03,control_received,"{""action"": ""priority_mode"", ""signal"": ""green"", ""speed_limit"": 30, ""reason"": ""emergency""}"
2026-01-20 16:58:08,normal,"{""action"": ""normal"", ""speed_limit"": 60, ""reason"": ""normal""}"
2026-01-20 16:58:08,control_received,"{""action"": ""normal"", ""speed_limit"": 60, ""reason"": ""normal""}"
2026-01-20 16:58:08,control_received,"{""action"": ""normal"", ""speed_limit"": 60, ""reason"": ""normal""}"
2026-01-20 16:58:13,priority_mode,"{""action"": ""priority_mode"", ""signal"": ""green"", ""speed_limit"": 30, ""reason"": ""emergency""}"
2026-01-20 16:58:13,control_received,"{""action"": ""priority_mode"", ""signal"": ""green"", ""speed_limit"": 30, ""reason"": ""emergency""}"
2026-01-20 16:58:18,priority_mode,"{""action"": ""priority_mode"", ""signal"": ""green"", ""speed_limit"": 30, ""reason"": ""emergency""}"
2026-01-20 16:58:18,control_received,"{""action"": ""priority_mode"", ""signal"": ""green"", ""speed_limit"": 30, ""reason"": ""emergency""}"
2026-01-20 16:58:18,control_received,"{""action"": ""priority_mode"", ""signal"": ""green"", ""speed_limit"": 30, ""reason"": ""emergency""}"
2026-01-20 16:58:23,normal,"{""action"": ""normal"", ""speed_limit"": 60, ""reason"": ""normal""}"
2026-01-20 16:58:23,control_received,"{""action"": ""normal"", ""speed_limit"": 60, ""reason"": ""normal""}"
2026-01-20 16:58:23,control_received,"{""action"": ""normal"", ""speed_limit"": 60, ""reason"": ""normal""}"
2026-01-20 16:58:28,priority_mode,"{""action"": ""priority_mode"", ""signal"": ""green"", ""speed_limit"": 30, ""reason"": ""emergency""}"
2026-01-20 16:58:28,control_received,"{""action"": ""priority_mode"", ""signal"": ""green"", ""speed_limit"": 30, ""reason"": ""emergency""}"
2026-01-20 16:58:28,control_received,"{""action"": ""priority_mode"", ""signal"": ""green"", ""speed_limit"": 30, ""reason"": ""emergency""}"
2026-01-20 16:58:33,priority_mode,"{""action"": ""priority_mode"", ""signal"": ""green"", ""speed_limit"": 30, ""reason"": ""emergency""}"
2026-01-20 16:58:33,control_received,"{""action"": ""priority_mode"", ""signal"": ""green"", ""speed_limit"": 30, ""reason"": ""emergency""}"
2026-01-20 16:58:33,control_received,"{""action"": ""priority_mode"", ""signal"": ""green"", ""speed_limit"": 30, ""reason"": ""emergency""}"
2026-01-20 16:58:38,normal,"{""action"": ""normal"", ""speed_limit"": 60, ""reason"": ""normal""}"
2026-01-20 16:58:38,control_received,"{""action"": ""normal"", ""speed_limit"": 60, ""reason"": ""normal""}"
2026-01-20 16:58:43,reduce_speed,"{""action"": ""reduce_speed"", ""speed_limit"": 50, ""reason"": ""moderate_congestion""}"
2026-01-20 16:58:43,control_received,"{""action"": ""reduce_speed"", ""speed_limit"": 50, ""reason"": ""moderate_congestion""}"
2026-01-20 16:58:43,control_received,"{""action"": ""reduce_speed"", ""speed_limit"": 50, ""reason"": ""moderate_congestion""}"
2026-01-20 16:58:48,normal,"{""action"": ""normal"", ""speed_limit"": 60, ""reason"": ""normal""}"
2026-01-20 16:58:48,control_received,"{""action"": ""normal"", ""speed_limit"": 60, ""reason"": ""normal""}"
2026-01-20 16:58:53,priority_mode,"{""action"": ""priority_mode"", ""signal"": ""green"", ""speed_limit"": 30, ""reason"": ""emergency""}"
2026-01-20 16:58:53,control_received,"{""action"": ""priority_mode"", ""signal"": ""green"", ""speed_limit"": 30, ""reason"": ""emergency""}"
2026-01-20 16:58:53,control_received,"{""action"": ""priority_mode"", ""signal"": ""green"", ""speed_limit"": 30, ""reason"": ""emergency""}"
2026-01-20 16:58:58,normal,"{""action"": ""normal"", ""speed_limit"": 60, ""reason"": ""normal""}"
2026-01-20 16:58:58,control_received,"{""action"": ""normal"", ""speed_limit"": 60, ""reason"": ""normal""}"
2026-01-20 16:59:03,priority_mode,"{""action"": ""priority_mode"", ""signal"": ""green"", ""speed_limit"": 30, ""reason"": ""emergency""}"
2026-01-20 16:59:03,control_received,"{""action"": ""priority_mode"", ""signal"": ""green"", ""speed_limit"": 30, ""reason"": ""emergency""}"
2026-01-20 16:59:03,control_received,"{""action"": ""priority_mode"", ""signal"": ""green"", ""speed_limit"": 30, ""reason"": ""emergency""}"
2026-01-20 16:59:08,priority_mode,"{""action"": ""priority_mode"", ""signal"": ""green"", ""speed_limit"": 30, ""reason"": ""emergency""}"
2026-01-20 16:59:08,control_received,"{""action"": ""priority_mode"", ""signal"": ""green"", ""speed_limit"": 30, ""reason"": ""emergency""}"
2026-01-20 16:59:08,control_received,"{""action"": ""priority_mode"", ""signal"": ""green"", ""speed_limit"": 30, ""reason"": ""emergency""}"
2026-01-20 16:59:13,normal,"{""action"": ""normal"", ""speed_limit"": 60, ""reason"": ""normal""}"
2026-01-20 16:59:13,control_received,"{""action"": ""normal"", ""speed_limit"": 60, ""reason"": ""normal""}"
2026-01-20 16:59:13,control_received,"{""action"": ""normal"", ""speed_limit"": 60, ""reason"": ""normal""}"
2026-01-20 16:59:18,priority_mode,"{""action"": ""priority_mode"", ""signal"": ""green"", ""speed_limit"": 30, ""reason"": ""emergency""}"
2026-01-20 16:59:18,control_received,"{""action"": ""priority_mode"", ""signal"": ""green"", ""speed_limit"": 30, ""reason"": ""emergency""}"
2026-01-20 16:59:18,control_received,"{""action"": ""priority_mode"", ""signal"": ""green"", ""speed_limit"": 30, ""reason"": ""emergency""}"
2026-01-20 16:59:23,priority_mode,"{""action"": ""priority_mode"", ""signal"": ""green"", ""speed_limit"": 30, ""reason"": ""emergency""}"
2026-01-20 16:59:23,control_received,"{""action"": ""priority_mode"", ""signal"": ""green"", ""speed_limit"": 30, ""reason"": ""emergency""}"
2026-01-20 16:59:23,control_received,"{""action"": ""priority_mode"", ""signal"": ""green"", ""speed_limit"": 30, ""reason"": ""emergency""}"
2026-01-20 16:59:28,priority_mode,"{""action"": ""priority_mode"", ""signal"": ""green"", ""speed_limit"": 30, ""reason"": ""emergency""}"
2026-01-20 16:59:28,control_received,"{""action"": ""priority_mode"", ""signal"": ""green"", ""speed_limit"": 30, ""reason"": ""emergency""}"
2026-01-20 16:59:33,normal,"{""action"": ""normal"", ""speed_limit"": 60, ""reason"": ""normal""}"
2026-01-20 16:59:33,control_received,"{""action"": ""normal"", ""speed_limit"": 60, ""reason"": ""normal""}"
2026-01-20 16:59:33,control_received,"{""action"": ""normal"", ""speed_limit"": 60, ""reason"": ""normal""}"
2026-01-20 16:59:38,normal,"{""action"": ""normal"", ""speed_limit"": 60, ""reason"": ""normal""}"
2026-01-20 16:59:38,control_received,"{""action"": ""normal"", ""speed_limit"": 60, ""reason"": ""normal""}"
2026-01-20 16:59:43,normal,"{""action"": ""normal"", ""speed_limit"": 60, ""reason"": ""normal""}"
2026-01-20 16:59:43,control_received,"{""action"": ""normal"", ""speed_limit"": 60, ""reason"": ""normal""}"
2026-01-20 16:59:43,control_received,"{""action"": ""normal"", ""speed_limit"": 60, ""reason"": ""normal""}"
2026-01-20 16:59:48,reduce_speed,"{""action"": ""reduce_speed"", ""speed_limit"": 50, ""reason"": ""moderate_congestion""}"
2026-01-20 16:59:48,control_received,"{""action"": ""reduce_speed"", ""speed_limit"": 50, ""reason"": ""moderate_congestion""}"
2026-01-20 16:59:48,control_received,"{""action"": ""reduce_speed"", ""speed_limit"": 50, ""reason"": ""moderate_congestion""}"
2026-01-20 16:59:53,reduce_speed,"{""action"": ""reduce_speed"", ""speed_limit"": 50, ""reason"": ""moderate_congestion""}"
2026-01-20 16:59:53,control_received,"{""action"": ""reduce_speed"", ""speed_limit"": 50, ""reason"": ""moderate_congestion""}"
2026-01-20 16:59:53,control_received,"{""action"": ""reduce_speed"", ""speed_limit"": 50, ""reason"": ""moderate_congestion""}"
2026-01-20 16:59:58,normal,"{""action"": ""normal"", ""speed_limit"": 60, ""reason"": ""normal""}"
2026-01-20 16:59:58,control_received,"{""action"": ""normal"", ""speed_limit"": 60, ""reason"": ""normal""}"
2026-01-20 17:00:03,normal,"{""action"": ""normal"", ""speed_limit"": 60, ""reason"": ""normal""}"
2026-01-20 17:00:03,control_received,"{""action"": ""normal"", ""speed_limit"": 60, ""reason"": ""normal""}"
2026-01-20 17:00:03,control_received,"{""action"": ""normal"", ""speed_limit"": 60, ""reason"": ""normal""}"
2026-01-20 17:00:08,normal,"{""action"": ""normal"", ""speed_limit"": 60, ""reason"": ""normal""}"
2026-01-20 17:00:08,control_received,"{""action"": ""normal"", ""speed_limit"": 60, ""reason"": ""normal""}"
2026-01-20 17:00:13,normal,"{""action"": ""normal"", ""speed_limit"": 60, ""reason"": ""normal""}"
2026-01-20 17:00:13,control_received,"{""action"": ""normal"", ""speed_limit"": 60, ""reason"": ""normal""}"
2026-01-20 17:00:13,control_received,"{""action"": ""normal"", ""speed_limit"": 60, ""reason"": ""normal""}"
2026-01-20 17:00:18,priority_mode,"{""action"": ""priority_mode"", ""signal"": ""green"", ""speed_limit"": 30, ""reason"": ""emergency""}"
2026-01-20 17:00:18,control_received,"{""action"": ""priority_mode"", ""signal"": ""green"", ""speed_limit"": 30, ""reason"": ""emergency""}"
2026-01-20 17:00:23,reduce_speed,"{""action"": ""reduce_speed"", ""speed_limit"": 50, ""reason"": ""moderate_congestion""}"
2026-01-20 17:00:23,control_received,"{""action"": ""reduce_speed"", ""speed_limit"": 50, ""reason"": ""moderate_congestion""}"
2026-01-20 17:00:23,control_received,"{""action"": ""reduce_speed"", ""speed_limit"": 50, ""reason"": ""moderate_congestion""}"
2026-01-20 17:00:28,reduce_speed,"{""action"": ""reduce_speed"", ""speed_limit"": 50, ""reason"": ""moderate_congestion""}"
2026-01-20 17:00:28,control_received,"{""action"": ""reduce_speed"", ""speed_limit"": 50, ""reason"": ""moderate_congestion""}"
2026-01-20 17:00:28,control_received,"{""action"": ""reduce_speed"", ""speed_limit"": 50, ""reason"": ""moderate_congestion""}"
2026-01-20 17:00:33,normal,"{""action"": ""normal"", ""speed_limit"": 60, ""reason"": ""normal""}"
2026-01-20 17:00:33,control_received,"{""action"": ""normal"", ""speed_limit"": 60, ""reason"": ""normal""}"
2026-01-20 17:00:33,control_received,"{""action"": ""normal"", ""speed_limit"": 60, ""reason"": ""normal""}"
2026-01-20 17:00:38,normal,"{""action"": ""normal"", ""speed_limit"": 60, ""reason"": ""normal""}"
2026-01-20 17:00:38,control_received,"{""action"": ""normal"", ""speed_limit"": 60, ""reason"": ""normal""}"
2026-01-20 17:00:38,control_received,"{""action"": ""normal"", ""speed_limit"": 60, ""reason"": ""normal""}"
2026-01-20 17:00:43,normal,"{""action"": ""normal"", ""speed_limit"": 60, ""reason"": ""normal""}"
2026-01-20 17:00:43,control_received,"{""action"": ""normal"", ""speed_limit"": 60, ""reason"": ""normal""}"
2026-01-20 17:00:43,control_received,"{""action"": ""normal"", ""speed_limit"": 60, ""reason"": ""normal""}"
2026-01-20 17:00:48,normal,"{""action"": ""normal"", ""speed_limit"": 60, ""reason"": ""normal""}"
2026-01-20 17:00:48,control_received,"{""action"": ""normal"", ""speed_limit"": 60, ""reason"": ""normal""}"
2026-01-20 17:00:48,control_received,"{""action"": ""normal"", ""speed_limit"": 60, ""reason"": ""normal""}"
2026-01-20 17:00:53,normal,"{""action"": ""normal"", ""speed_limit"": 60, ""reason"": ""normal""}"
2026-01-20 17:00:53,control_received,"{""action"": ""normal"", ""speed_limit"": 60, ""reason"": ""normal""}"
2026-01-20 17:00:58,normal,"{""action"": ""normal"", ""speed_limit"": 60, ""reason"": ""normal""}"
2026-01-20 17:00:58,control_received,"{""action"": ""normal"", ""speed_limit"": 60, ""reason"": ""normal""}"
2026-01-20 17:00:58,control_received,"{""action"": ""normal"", ""speed_limit"": 60, ""reason"": ""normal""}"
2026-01-20 17:01:03,normal,"{""action"": ""normal"", ""speed_limit"": 60, ""reason"": ""normal""}"
2026-01-20 17:01:03,control_received,"{""action"": ""normal"", ""speed_limit"": 60, ""reason"": ""normal""}"
2026-01-20 17:01:03,control_received,"{""action"": ""normal"", ""speed_limit"": 60, ""reason"": ""normal""}"
2026-01-20 17:01:08,normal,"{""action"": ""normal"", ""speed_limit"": 60, ""reason"": ""normal""}"
2026-01-20 17:01:08,control_received,"{""action"": ""normal"", ""speed_limit"": 60, ""reason"": ""normal""}"
2026-01-20 17:01:08,control_received,"{""action"": ""normal"", ""speed_limit"": 60, ""reason"": ""normal""}"
2026-01-20 17:01:13,normal,"{""action"": ""normal"", ""speed_limit"": 60, ""reason"": ""normal""}"
2026-01-20 17:01:13,control_received,"{""action"": ""normal"", ""speed_limit"": 60, ""reason"": ""normal""}"
2026-01-20 17:01:13,control_received,"{""action"": ""normal"", ""speed_limit"": 60, ""reason"": ""normal""}"
2026-01-20 17:01:18,normal,"{""action"": ""normal"", ""speed_limit"": 60, ""reason"": ""normal""}"
2026-01-20 17:01:18,control_received,"{""action"": ""normal"", ""speed_limit"": 60, ""reason"": ""normal""}"
2026-01-20 17:01:18,control_received,"{""action"": ""normal"", ""speed_limit"": 60, ""reason"": ""normal""}"
2026-01-20 17:01:23,normal,"{""action"": ""normal"", ""speed_limit"": 60, ""reason"": ""normal""}"
2026-01-20 17:01:23,control_received,"{""action"": ""normal"", ""speed_limit"": 60, ""reason"": ""normal""}"
2026-01-20 17:01:28,normal,"{""action"": ""normal"", ""speed_limit"": 60, ""reason"": ""normal""}"
2026-01-20 17:01:28,control_received,"{""action"": ""normal"", ""speed_limit"": 60, ""reason"": ""normal""}"
2026-01-20 17:01:28,control_received,"{""action"": ""normal"", ""speed_limit"": 60, ""reason"": ""normal""}"
2026-01-20 17:01:33,priority_mode,"{""action"": ""priority_mode"", ""signal"": ""green"", ""speed_limit"": 30, ""reason"": ""emergency""}"
2026-01-20 17:01:33,control_received,"{""action"": ""priority_mode"", ""signal"": ""green"", ""speed_limit"": 30, ""reason"": ""emergency""}"
2026-01-20 17:01:33,control_received,"{""action"": ""priority_mode"", ""signal"": ""green"", ""speed_limit"": 30, ""reason"": ""emergency""}"
2026-01-20 17:01:38,priority_mode,"{""action"": ""priority_mode"", ""signal"": ""green"", ""speed_limit"": 30, ""reason"": ""emergency""}"
2026-01-20 17:01:38,control_received,"{""action"": ""priority_mode"", ""signal"": ""green"", ""speed_limit"": 30, ""reason"": ""emergency""}"
2026-01-20 17:01:38,control_received,"{""action"": ""priority_mode"", ""signal"": ""green"", ""speed_limit"": 30, ""reason"": ""emergency""}"
2026-01-20 17:01:43,normal,"{""action"": ""normal"", ""speed_limit"": 60, ""reason"": ""normal""}"
2026-01-20 17:01:43,control_received,"{""action"": ""normal"", ""speed_limit"": 60, ""reason"": ""normal""}"
2026-01-20 17:01:43,control_received,"{""action"": ""normal"", ""speed_limit"": 60, ""reason"": ""normal""}"
2026-01-20 17:01:48,normal,"{""action"": ""normal"", ""speed_limit"": 60, ""reason"": ""normal""}"
2026-01-20 17:01:48,control_received,"{""action"": ""normal"", ""speed_limit"": 60, ""reason"": ""normal""}"
2026-01-20 17:01:53,normal,"{""action"": ""normal"", ""speed_limit"": 60, ""reason"": ""normal""}"
2026-01-20 17:01:53,control_received,"{""action"": ""normal"", ""speed_limit"": 60, ""reason"": ""normal""}"
2026-01-20 17:01:53,control_received,"{""action"": ""normal"", ""speed_limit"": 60, ""reason"": ""normal""}"
2026-01-20 17:01:58,priority_mode,"{""action"": ""priority_mode"", ""signal"": ""green"", ""speed_limit"": 30, ""reason"": ""emergency""}"
2026-01-20 17:01:58,control_received,"{""action"": ""priority_mode"", ""signal"": ""green"", ""speed_limit"": 30, ""reason"": ""emergency""}"
2026-01-20 17:01:58,control_received,"{""action"": ""priority_mode"", ""signal"": ""green"", ""speed_limit"": 30, ""reason"": ""emergency""}"
2026-01-20 17:02:03,normal,"{""action"": ""normal"", ""speed_limit"": 60, ""reason"": ""normal""}"
2026-01-20 17:02:03,control_received,"{""action"": ""normal"", ""speed_limit"": 60, ""reason"": ""normal""}"
2026-01-20 17:02:03,control_received,"{""action"": ""normal"", ""speed_limit"": 60, ""reason"": ""normal""}"
2026-01-20 17:02:08,reduce_speed,"{""action"": ""reduce_speed"", ""speed_limit"": 50, ""reason"": ""moderate_congestion""}"
2026-01-20 17:02:08,control_received,"{""action"": ""reduce_speed"", ""speed_limit"": 50, ""reason"": ""moderate_congestion""}"
2026-01-20 17:02:08,control_received,"{""action"": ""reduce_speed"", ""speed_limit"": 50, ""reason"": ""moderate_congestion""}"
2026-01-20 17:02:13,normal,"{""action"": ""normal"", ""speed_limit"": 60, ""reason"": ""normal""}"
2026-01-20 17:02:13,control_received,"{""action"": ""normal"", ""speed_limit"": 60, ""reason"": ""normal""}"
2026-01-20 17:02:13,control_received,"{""action"": ""normal"", ""speed_limit"": 60, ""reason"": ""normal""}"
2026-01-20 17:02:18,normal,"{""action"": ""normal"", ""speed_limit"": 60, ""reason"": ""normal""}"
2026-01-20 17:02:18,control_received,"{""action"": ""normal"", ""speed_limit"": 60, ""reason"": ""normal""}"
2026-01-20 17:02:18,control_received,"{""action"": ""normal"", ""speed_limit"": 60, ""reason"": ""normal""}"
2026-01-20 17:02:23,priority_mode,"{""action"": ""priority_mode"", ""signal"": ""green"", ""speed_limit"": 30, ""reason"": ""emergency""}"
2026-01-20 17:02:23,control_received,"{""action"": ""priority_mode"", ""signal"": ""green"", ""speed_limit"": 30, ""reason"": ""emergency""}"
2026-01-20 17:02:28,normal,"{""action"": ""normal"", ""speed_limit"": 60, ""reason"": ""normal""}"
2026-01-20 17:02:28,control_received,"{""action"": ""normal"", ""speed_limit"": 60, ""reason"": ""normal""}"
2026-01-20 17:02:28,control_received,"{""action"": ""normal"", ""speed_limit"": 60, ""reason"": ""normal""}"
2026-01-20 17:02:33,normal,"{""action"": ""normal"", ""speed_limit"": 60, ""reason"": ""normal""}"
2026-01-20 17:02:33,control_received,"{""action"": ""normal"", ""speed_limit"": 60, ""reason"": ""normal""}"
2026-01-20 17:02:38,normal,"{""action"": ""normal"", ""speed_limit"": 60, ""reason"": ""normal""}"
2026-01-20 17:02:38,control_received,"{""action"": ""normal"", ""speed_limit"": 60, ""reason"": ""normal""}"
2026-01-20 17:02:38,control_received,"{""action"": ""normal"", ""speed_limit"": 60, ""reason"": ""normal""}"
2026-01-20 17:02:43,priority_mode,"{""action"": ""priority_mode"", ""signal"": ""green"", ""speed_limit"": 30, ""reason"": ""emergency""}"
2026-01-20 17:02:43,control_received,"{""action"": ""priority_mode"", ""signal"": ""green"", ""speed_limit"": 30, ""reason"": ""emergency""}"
2026-01-20 17:02:43,control_received,"{""action"": ""priority_mode"", ""signal"": ""green"", ""speed_limit"": 30, ""reason"": ""emergency""}"
2026-01-20 17:02:48,normal,"{""action"": ""normal"", ""speed_limit"": 60, ""reason"": ""normal""}"
2026-01-20 17:02:48,control_received,"{""action"": ""normal"", ""speed_limit"": 60, ""reason"": ""normal""}"
2026-01-20 17:02:48,control_received,"{""action"": ""normal"", ""speed_limit"": 60, ""reason"": ""normal""}"
2026-01-20 17:02:53,normal,"{""action"": ""normal"", ""speed_limit"": 60, ""reason"": ""normal""}"
2026-01-20 17:02:53,control_received,"{""action"": ""normal"", ""speed_limit"": 60, ""reason"": ""normal""}"
2026-01-20 17:02:53,control_received,"{""action"": ""normal"", ""speed_limit"": 60, ""reason"": ""normal""}"
2026-01-20 17:02:58,priority_mode,"{""action"": ""priority_mode"", ""signal"": ""green"", ""speed_limit"": 30, ""reason"": ""emergency""}"
2026-01-20 17:02:58,control_received,"{""action"": ""priority_mode"", ""signal"": ""green"", ""speed_limit"": 30, ""reason"": ""emergency""}"
2026-01-20 17:02:58,control_received,"{""action"": ""priority_mode"", ""signal"": ""green"", ""speed_limit"": 30, ""reason"": ""emergency""}"
2026-01-20 17:03:03,priority_mode,"{""action"": ""priority_mode"", ""signal"": ""green"", ""speed_limit"": 30, ""reason"": ""emergency""}"
2026-01-20 17:03:03,control_received,"{""action"": ""priority_mode"", ""signal"": ""green"", ""speed_limit"": 30, ""reason"": ""emergency""}"
2026-01-20 17:03:08,normal,"{""action"": ""normal"", ""speed_limit"": 60, ""reason"": ""normal""}"
2026-01-20 17:03:08,control_received,"{""action"": ""normal"", ""speed_limit"": 60, ""reason"": ""normal""}"
2026-01-20 17:03:13,normal,"{""action"": ""normal"", ""speed_limit"": 60, ""reason"": ""normal""}"
2026-01-20 17:03:13,control_received,"{""action"": ""normal"", ""speed_limit"": 60, ""reason"": ""normal""}"
2026-01-20 17:03:18,normal,"{""action"": ""normal"", ""speed_limit"": 60, ""reason"": ""normal""}"
2026-01-20 17:03:18,control_received,"{""action"": ""normal"", ""speed_limit"": 60, ""reason"": ""normal""}"
2026-01-20 17:03:18,control_received,"{""action"": ""normal"", ""speed_limit"": 60, ""reason"": ""normal""}"
2026-01-20 17:03:23,normal,"{""action"": ""normal"", ""speed_limit"": 60, ""reason"": ""normal""}"
2026-01-20 17:03:23,control_received,"{""action"": ""normal"", ""speed_limit"": 60, ""reason"": ""normal""}"
2026-01-20 17:03:23,control_received,"{""action"": ""normal"", ""speed_limit"": 60, ""reason"": ""normal""}"
2026-01-20 17:03:28,priority_mode,"{""action"": ""priority_mode"", ""signal"": ""green"", ""speed_limit"": 30, ""reason"": ""emergency""}"
2026-01-20 17:03:28,control_received,"{""action"": ""priority_mode"", ""signal"": ""green"", ""speed_limit"": 30, ""reason"": ""emergency""}"
2026-01-20 17:03:28,control_received,"{""action"": ""priority_mode"", ""signal"": ""green"", ""speed_limit"": 30, ""reason"": ""emergency""}"
2026-01-20 17:03:33,priority_mode,"{""action"": ""priority_mode"", ""signal"": ""green"", ""speed_limit"": 30, ""reason"": ""emergency""}"
2026-01-20 17:03:33,control_received,"{""action"": ""priority_mode"", ""signal"": ""green"", ""speed_limit"": 30, ""reason"": ""emergency""}"
2026-01-20 17:03:33,control_received,"{""action"": ""priority_mode"", ""signal"": ""green"", ""speed_limit"": 30, ""reason"": ""emergency""}"
2026-01-20 17:03:38,priority_mode,"{""action"": ""priority_mode"", ""signal"": ""green"", ""speed_limit"": 30, ""reason"": ""emergency""}"
2026-01-20 17:03:38,control_received,"{""action"": ""priority_mode"", ""signal"": ""green"", ""speed_limit"": 30, ""reason"": ""emergency""}"
2026-01-20 17:03:43,normal,"{""action"": ""normal"", ""speed_limit"": 60, ""reason"": ""normal""}"
2026-01-20 17:03:43,control_received,"{""action"": ""normal"", ""speed_limit"": 60, ""reason"": ""normal""}"
2026-01-20 17:03:48,normal,"{""action"": ""normal"", ""speed_limit"": 60, ""reason"": ""normal""}"
2026-01-20 17:03:48,control_received,"{""action"": ""normal"", ""speed_limit"": 60, ""reason"": ""normal""}"
2026-01-20 17:03:48,control_received,"{""action"": ""normal"", ""speed_limit"": 60, ""reason"": ""normal""}"
2026-01-20 17:03:53,reduce_speed,"{""action"": ""reduce_speed"", ""speed_limit"": 50, ""reason"": ""moderate_congestion""}"
2026-01-20 17:03:53,control_received,"{""action"": ""reduce_speed"", ""speed_limit"": 50, ""reason"": ""moderate_congestion""}"
2026-01-20 17:03:53,control_received,"{""action"": ""reduce_speed"", ""speed_limit"": 50, ""reason"": ""moderate_congestion""}"
2026-01-20 17:03:58,normal,"{""action"": ""normal"", ""speed_limit"": 60, ""reason"": ""normal""}"
2026-01-20 17:03:58,control_received,"{""action"": ""normal"", ""speed_limit"": 60, ""reason"": ""normal""}"
2026-01-20 17:03:58,control_received,"{""action"": ""normal"", ""speed_limit"": 60, ""reason"": ""normal""}"
2026-01-20 17:04:03,priority_mode,"{""action"": ""priority_mode"", ""signal"": ""green"", ""speed_limit"": 30, ""reason"": ""emergency""}"
2026-01-20 17:04:03,control_received,"{""action"": ""priority_mode"", ""signal"": ""green"", ""speed_limit"": 30, ""reason"": ""emergency""}"
2026-01-20 17:04:03,control_received,"{""action"": ""priority_mode"", ""signal"": ""green"", ""speed_limit"": 30, ""reason"": ""emergency""}"
2026-01-20 17:04:08,normal,"{""action"": ""normal"", ""speed_limit"": 60, ""reason"": ""normal""}"
2026-01-20 17:04:08,control_received,"{""action"": ""normal"", ""speed_limit"": 60, ""reason"": ""normal""}"
2026-01-20 17:04:08,control_received,"{""action"": ""normal"", ""speed_limit"": 60, ""reason"": ""normal""}"
2026-01-20 17:04:13,normal,"{""action"": ""normal"", ""speed_limit"": 60, ""reason"": ""normal""}"
2026-01-20 17:04:13,control_received,"{""action"": ""normal"", ""speed_limit"": 60, ""reason"": ""normal""}"
2026-01-20 17:04:13,control_received,"{""action"": ""normal"", ""speed_limit"": 60, ""reason"": ""normal""}"
2026-01-20 17:04:18,normal,"{""action"": ""normal"", ""speed_limit"": 60, ""reason"": ""normal""}"
2026-01-20 17:04:18,control_received,"{""action"": ""normal"", ""speed_limit"": 60, ""reason"": ""normal""}"
2026-01-20 17:04:18,control_received,"{""action"": ""normal"", ""speed_limit"": 60, ""reason"": ""normal""}"
2026-01-20 17:04:23,normal,"{""action"": ""normal"", ""speed_limit"": 60, ""reason"": ""normal""}"
2026-01-20 17:04:23,control_received,"{""action"": ""normal"", ""speed_limit"": 60, ""reason"": ""normal""}"
2026-01-20 17:04:23,control_received,"{""action"": ""normal"", ""speed_limit"": 60, ""reason"": ""normal""}"
2026-01-20 17:04:28,normal,"{""action"": ""normal"", ""speed_limit"": 60, ""reason"": ""normal""}"
2026-01-20 17:04:28,control_received,"{""action"": ""normal"", ""speed_limit"": 60, ""reason"": ""normal""}"
2026-01-20 17:04:28,control_received,"{""action"": ""normal"", ""speed_limit"": 60, ""reason"": ""normal""}"
2026-01-20 17:04:33,priority_mode,"{""action"": ""priority_mode"", ""signal"": ""green"", ""speed_limit"": 30, ""reason"": ""emergency""}"
2026-01-20 17:04:33,control_received,"{""action"": ""priority_mode"", ""signal"": ""green"", ""speed_limit"": 30, ""reason"": ""emergency""}"
2026-01-20 17:04:33,control_received,"{""action"": ""priority_mode"", ""signal"": ""green"", ""speed_limit"": 30, ""reason"": ""emergency""}"
2026-01-20 17:04:38,priority_mode,"{""action"": ""priority_mode"", ""signal"": ""green"", ""speed_limit"": 30, ""reason"": ""emergency""}"
2026-01-20 17:04:38,control_received,"{""action"": ""priority_mode"", ""signal"": ""green"", ""speed_limit"": 30, ""reason"": ""emergency""}"
2026-01-20 17:04:38,control_received,"{""action"": ""priority_mode"", ""signal"": ""green"", ""speed_limit"": 30, ""reason"": ""emergency""}"
2026-01-20 17:04:43,normal,"{""action"": ""normal"", ""speed_limit"": 60, ""reason"": ""normal""}"
2026-01-20 17:04:43,control_received,"{""action"": ""normal"", ""speed_limit"": 60, ""reason"": ""normal""}"
2026-01-20 17:04:43,control_received,"{""action"": ""normal"", ""speed_limit"": 60, ""reason"": ""normal""}"
2026-01-20 17:04:48,normal,"{""action"": ""normal"", ""speed_limit"": 60, ""reason"": ""normal""}"
2026-01-20 17:04:48,control_received,"{""action"": ""normal"", ""speed_limit"": 60, ""reason"": ""normal""}"
2026-01-20 17:04:53,normal,"{""action"": ""normal"", ""speed_limit"": 60, ""reason"": ""normal""}"
2026-01-20 17:04:53,control_received,"{""action"": ""normal"", ""speed_limit"": 60, ""reason"": ""normal""}"
2026-01-20 17:04:53,control_received,"{""action"": ""normal"", ""speed_limit"": 60, ""reason"": ""normal""}"
2026-01-20 17:04:58,normal,"{""action"": ""normal"", ""speed_limit"": 60, ""reason"": ""normal""}"
2026-01-20 17:04:58,control_received,"{""action"": ""normal"", ""speed_limit"": 60, ""reason"": ""normal""}"
2026-01-20 17:04:58,control_received,"{""action"": ""normal"", ""speed_limit"": 60, ""reason"": ""normal""}"
2026-01-20 17:05:03,normal,"{""action"": ""normal"", ""speed_limit"": 60, ""reason"": ""normal""}"
2026-01-20 17:05:03,control_received,"{""action"": ""normal"", ""speed_limit"": 60, ""reason"": ""normal""}"
2026-01-20 17:05:03,control_received,"{""action"": ""normal"", ""speed_limit"": 60, ""reason"": ""normal""}"
2026-01-20 17:05:08,normal,"{""action"": ""normal"", ""speed_limit"": 60, ""reason"": ""normal""}"
2026-01-20 17:05:08,control_received,"{""action"": ""normal"", ""speed_limit"": 60, ""reason"": ""normal""}"
2026-01-20 17:05:08,control_received,"{""action"": ""normal"", ""speed_limit"": 60, ""reason"": ""normal""}"
2026-01-20 17:05:13,normal,"{""action"": ""normal"", ""speed_limit"": 60, ""reason"": ""normal""}"
2026-01-20 17:05:13,control_received,"{""action"": ""normal"", ""speed_limit"": 60, ""reason"": ""normal""}"
2026-01-20 17:05:13,control_received,"{""action"": ""normal"", ""speed_limit"": 60, ""reason"": ""normal""}"
2026-01-20 17:05:18,priority_mode,"{""action"": ""priority_mode"", ""signal"": ""green"", ""speed_limit"": 30, ""reason"": ""emergency""}"
2026-01-20 17:05:18,control_received,"{""action"": ""priority_mode"", ""signal"": ""green"", ""speed_limit"": 30, ""reason"": ""emergency""}"
2026-01-20 17:05:18,control_received,"{""action"": ""priority_mode"", ""signal"": ""green"", ""speed_limit"": 30, ""reason"": ""emergency""}"
2026-01-20 17:05:23,priority_mode,"{""action"": ""priority_mode"", ""signal"": ""green"", ""speed_limit"": 30, ""reason"": ""emergency""}"
2026-01-20 17:05:23,control_received,"{""action"": ""priority_mode"", ""signal"": ""green"", ""speed_limit"": 30, ""reason"": ""emergency""}"
2026-01-20 17:05:23,control_received,"{""action"": ""priority_mode"", ""signal"": ""green"", ""speed_limit"": 30, ""reason"": ""emergency""}"
2026-01-20 17:05:28,reduce_speed,"{""action"": ""reduce_speed"", ""speed_limit"": 50, ""reason"": ""moderate_congestion""}"
2026-01-20 17:05:28,control_received,"{""action"": ""reduce_speed"", ""speed_limit"": 50, ""reason"": ""moderate_congestion""}"
2026-01-20 17:05:28,control_received,"{""action"": ""reduce_speed"", ""speed_limit"": 50, ""reason"": ""moderate_congestion""}"
2026-01-20 17:05:33,normal,"{""action"": ""normal"", ""speed_limit"": 60, ""reason"": ""normal""}"
2026-01-20 17:05:33,control_received,"{""action"": ""normal"", ""speed_limit"": 60, ""reason"": ""normal""}"
2026-01-20 17:05:33,control_received,"{""action"": ""normal"", ""speed_limit"": 60, ""reason"": ""normal""}"
2026-01-20 17:05:38,priority_mode,"{""action"": ""priority_mode"", ""signal"": ""green"", ""speed_limit"": 30, ""reason"": ""emergency""}"
2026-01-20 17:05:38,control_received,"{""action"": ""priority_mode"", ""signal"": ""green"", ""speed_limit"": 30, ""reason"": ""emergency""}"
2026-01-20 17:05:38,control_received,"{""action"": ""priority_mode"", ""signal"": ""green"", ""speed_limit"": 30, ""reason"": ""emergency""}"
2026-01-20 17:05:43,normal,"{""action"": ""normal"", ""speed_limit"": 60, ""reason"": ""normal""}"
2026-01-20 17:05:43,control_received,"{""action"": ""normal"", ""speed_limit"": 60, ""reason"": ""normal""}"
2026-01-20 17:05:43,control_received,"{""action"": ""normal"", ""speed_limit"": 60, ""reason"": ""normal""}"
2026-01-20 17:05:48,priority_mode,"{""action"": ""priority_mode"", ""signal"": ""green"", ""speed_limit"": 30, ""reason"": ""emergency""}"
2026-01-20 17:05:48,control_received,"{""action"": ""priority_mode"", ""signal"": ""green"", ""speed_limit"": 30, ""reason"": ""emergency""}"
2026-01-20 17:05:48,control_received,"{""action"": ""priority_mode"", ""signal"": ""green"", ""speed_limit"": 30, ""reason"": ""emergency""}"
2026-01-20 17:05:53,normal,"{""action"": ""normal"", ""speed_limit"": 60, ""reason"": ""normal""}"
2026-01-20 17:05:53,control_received,"{""action"": ""normal"", ""speed_limit"": 60, ""reason"": ""normal""}"
2026-01-20 17:05:58,priority_mode,"{""action"": ""priority_mode"", ""signal"": ""green"", ""speed_limit"": 30, ""reason"": ""emergency""}"
2026-01-20 17:05:58,control_received,"{""action"": ""priority_mode"", ""signal"": ""green"", ""speed_limit"": 30, ""reason"": ""emergency""}"
2026-01-20 17:05:58,control_received,"{""action"": ""priority_mode"", ""signal"": ""green"", ""speed_limit"": 30, ""reason"": ""emergency""}"
2026-01-20 17:06:03,normal,"{""action"": ""normal"", ""speed_limit"": 60, ""reason"": ""normal""}"
2026-01-20 17:06:03,control_received,"{""action"": ""normal"", ""speed_limit"": 60, ""reason"": ""normal""}"
2026-01-20 17:06:03,control_received,"{""action"": ""normal"", ""speed_limit"": 60, ""reason"": ""normal""}"
2026-01-20 17:06:08,normal,"{""action"": ""normal"", ""speed_limit"": 60, ""reason"": ""normal""}"
2026-01-20 17:06:08,control_received,"{""action"": ""normal"", ""speed_limit"": 60, ""reason"": ""normal""}"
2026-01-20 17:06:08,control_received,"{""action"": ""normal"", ""speed_limit"": 60, ""reason"": ""normal""}"
2026-01-20 17:06:13,priority_mode,"{""action"": ""priority_mode"", ""signal"": ""green"", ""speed_limit"": 30, ""reason"": ""emergency""}"
2026-01-20 17:06:13,control_received,"{""action"": ""priority_mode"", ""signal"": ""green"", ""speed_limit"": 30, ""reason"": ""emergency""}"
2026-01-20 17:06:13,control_received,"{""action"": ""priority_mode"", ""signal"": ""green"", ""speed_limit"": 30, ""reason"": ""emergency""}"
2026-01-20 17:06:18,normal,"{""action"": ""normal"", ""speed_limit"": 60, ""reason"": ""normal""}"
2026-01-20 17:06:18,control_received,"{""action"": ""normal"", ""speed_limit"": 60, ""reason"": ""normal""}"
2026-01-20 17:06:18,control_received,"{""action"": ""normal"", ""speed_limit"": 60, ""reason"": ""normal""}"
2026-01-20 17:06:23,reduce_speed,"{""action"": ""reduce_speed"", ""speed_limit"": 50, ""reason"": ""moderate_congestion""}"
2026-01-20 17:06:23,control_received,"{""action"": ""reduce_speed"", ""speed_limit"": 50, ""reason"": ""moderate_congestion""}"
2026-01-20 17:06:23,control_received,"{""action"": ""reduce_speed"", ""speed_limit"": 50, ""reason"": ""moderate_congestion""}"
2026-01-20 17:06:28,normal,"{""action"": ""normal"", ""speed_limit"": 60, ""reason"": ""normal""}"
2026-01-20 17:06:28,control_received,"{""action"": ""normal"", ""speed_limit"": 60, ""reason"": ""normal""}"
2026-01-20 17:06:33,reduce_speed,"{""action"": ""reduce_speed"", ""speed_limit"": 50, ""reason"": ""moderate_congestion""}"
2026-01-20 17:06:33,control_received,"{""action"": ""reduce_speed"", ""speed_limit"": 50, ""reason"": ""moderate_congestion""}"
2026-01-20 17:06:38,normal,"{""action"": ""normal"", ""speed_limit"": 60, ""reason"": ""normal""}"
2026-01-20 17:06:38,control_received,"{""action"": ""normal"", ""speed_limit"": 60, ""reason"": ""normal""}"
2026-01-20 17:06:43,normal,"{""action"": ""normal"", ""speed_limit"": 60, ""reason"": ""normal""}"
2026-01-20 17:06:43,control_received,"{""action"": ""normal"", ""speed_limit"": 60, ""reason"": ""normal""}"
2026-01-20 17:06:48,normal,"{""action"": ""normal"", ""speed_limit"": 60, ""reason"": ""normal""}"
2026-01-20 17:06:48,control_received,"{""action"": ""normal"", ""speed_limit"": 60, ""reason"": ""normal""}"
2026-01-20 17:06:48,control_received,"{""action"": ""normal"", ""speed_limit"": 60, ""reason"": ""normal""}"
2026-01-20 17:06:53,normal,"{""action"": ""normal"", ""speed_limit"": 60, ""reason"": ""normal""}"
2026-01-20 17:06:53,control_received,"{""action"": ""normal"", ""speed_limit"": 60, ""reason"": ""normal""}"
2026-01-20 17:06:53,control_received,"{""action"": ""normal"", ""speed_limit"": 60, ""reason"": ""normal""}"
2026-01-20 17:06:58,normal,"{""action"": ""normal"", ""speed_limit"": 60, ""reason"": ""normal""}"
2026-01-20 17:06:58,control_received,"{""action"": ""normal"", ""speed_limit"": 60, ""reason"": ""normal""}"
2026-01-20 17:06:58,control_received,"{""action"": ""normal"", ""speed_limit"": 60, ""reason"": ""normal""}"
2026-01-20 17:07:03,normal,"{""action"": ""normal"", ""speed_limit"": 60, ""reason"": ""normal""}"
2026-01-20 17:07:03,control_received,"{""action"": ""normal"", ""speed_limit"": 60, ""reason"": ""normal""}"
2026-01-20 17:07:08,normal,"{""action"": ""normal"", ""speed_limit"": 60, ""reason"": ""normal""}"
2026-01-20 17:07:08,control_received,"{""action"": ""normal"", ""speed_limit"": 60, ""reason"": ""normal""}"
2026-01-20 17:07:08,control_received,"{""action"": ""normal"", ""speed_limit"": 60, ""reason"": ""normal""}"
2026-01-20 17:07:13,priority_mode,"{""action"": ""priority_mode"", ""signal"": ""green"", ""speed_limit"": 30, ""reason"": ""emergency""}"
2026-01-20 17:07:13,control_received,"{""action"": ""priority_mode"", ""signal"": ""green"", ""speed_limit"": 30, ""reason"": ""emergency""}"
2026-01-20 17:07:13,control_received,"{""action"": ""priority_mode"", ""signal"": ""green"", ""speed_limit"": 30, ""reason"": ""emergency""}"
2026-01-20 17:07:18,priority_mode,"{""action"": ""priority_mode"", ""signal"": ""green"", ""speed_limit"": 30, ""reason"": ""emergency""}"
2026-01-20 17:07:18,control_received,"{""action"": ""priority_mode"", ""signal"": ""green"", ""speed_limit"": 30, ""reason"": ""emergency""}"
2026-01-20 17:07:23,priority_mode,"{""action"": ""priority_mode"", ""signal"": ""green"", ""speed_limit"": 30, ""reason"": ""emergency""}"
2026-01-20 17:07:23,control_received,"{""action"": ""priority_mode"", ""signal"": ""green"", ""speed_limit"": 30, ""reason"": ""emergency""}"
2026-01-20 17:07:28,normal,"{""action"": ""normal"", ""speed_limit"": 60, ""reason"": ""normal""}"
2026-01-20 17:07:28,control_received,"{""action"": ""normal"", ""speed_limit"": 60, ""reason"": ""normal""}"
2026-01-20 17:07:33,normal,"{""action"": ""normal"", ""speed_limit"": 60, ""reason"": ""normal""}"
2026-01-20 17:07:33,control_received,"{""action"": ""normal"", ""speed_limit"": 60, ""reason"": ""normal""}"
2026-01-20 17:07:38,normal,"{""action"": ""normal"", ""speed_limit"": 60, ""reason"": ""normal""}"
2026-01-20 17:07:38,control_received,"{""action"": ""normal"", ""speed_limit"": 60, ""reason"": ""normal""}"
2026-01-20 17:07:38,control_received,"{""action"": ""normal"", ""speed_limit"": 60, ""reason"": ""normal""}"
2026-01-20 17:07:43,normal,"{""action"": ""normal"", ""speed_limit"": 60, ""reason"": ""normal""}"
2026-01-20 17:07:43,control_received,"{""action"": ""normal"", ""speed_limit"": 60, ""reason"": ""normal""}"
2026-01-20 17:07:43,control_received,"{""action"": ""normal"", ""speed_limit"": 60, ""reason"": ""normal""}"
2026-01-20 17:07:48,priority_mode,"{""action"": ""priority_mode"", ""signal"": ""green"", ""speed_limit"": 30, ""reason"": ""emergency""}"
2026-01-20 17:07:48,control_received,"{""action"": ""priority_mode"", ""signal"": ""green"", ""speed_limit"": 30, ""reason"": ""emergency""}"
2026-01-20 17:07:53,normal,"{""action"": ""normal"", ""speed_limit"": 60, ""reason"": ""normal""}"
2026-01-20 17:07:53,control_received,"{""action"": ""normal"", ""speed_limit"": 60, ""reason"": ""normal""}"
2026-01-20 17:07:53,control_received,"{""action"": ""normal"", ""speed_limit"": 60, ""reason"": ""normal""}"
2026-01-20 17:07:58,normal,"{""action"": ""normal"", ""speed_limit"": 60, ""reason"": ""normal""}"
2026-01-20 17:07:58,control_received,"{""action"": ""normal"", ""speed_limit"": 60, ""reason"": ""normal""}"
2026-01-20 17:07:58,control_received,"{""action"": ""normal"", ""speed_limit"": 60, ""reason"": ""normal""}"
2026-01-20 17:08:03,normal,"{""action"": ""normal"", ""speed_limit"": 60, ""reason"": ""normal""}"
2026-01-20 17:08:03,control_received,"{""action"": ""normal"", ""speed_limit"": 60, ""reason"": ""normal""}"
2026-01-20 17:08:03,control_received,"{""action"": ""normal"", ""speed_limit"": 60, ""reason"": ""normal""}"
2026-01-20 17:08:08,priority_mode,"{""action"": ""priority_mode"", ""signal"": ""green"", ""speed_limit"": 30, ""reason"": ""emergency""}"
2026-01-20 17:08:08,control_received,"{""action"": ""priority_mode"", ""signal"": ""green"", ""speed_limit"": 30, ""reason"": ""emergency""}"
2026-01-20 17:08:08,control_received,"{""action"": ""priority_mode"", ""signal"": ""green"", ""speed_limit"": 30, ""reason"": ""emergency""}"
2026-01-20 17:08:13,reduce_speed,"{""action"": ""reduce_speed"", ""speed_limit"": 50, ""reason"": ""moderate_congestion""}"
2026-01-20 17:08:13,control_received,"{""action"": ""reduce_speed"", ""speed_limit"": 50, ""reason"": ""moderate_congestion""}"
2026-01-20 17:08:13,control_received,"{""action"": ""reduce_speed"", ""speed_limit"": 50, ""reason"": ""moderate_congestion""}"
2026-01-20 17:08:18,priority_mode,"{""action"": ""priority_mode"", ""signal"": ""green"", ""speed_limit"": 30, ""reason"": ""emergency""}"
2026-01-20 17:08:18,control_received,"{""action"": ""priority_mode"", ""signal"": ""green"", ""speed_limit"": 30, ""reason"": ""emergency""}"
2026-01-20 17:08:18,control_received,"{""action"": ""priority_mode"", ""signal"": ""green"", ""speed_limit"": 30, ""reason"": ""emergency""}"
2026-01-20 17:08:23,normal,"{""action"": ""normal"", ""speed_limit"": 60, ""reason"": ""normal""}"
2026-01-20 17:08:23,control_received,"{""action"": ""normal"", ""speed_limit"": 60, ""reason"": ""normal""}"
2026-01-20 17:08:23,control_received,"{""action"": ""normal"", ""speed_limit"": 60, ""reason"": ""normal""}"
2026-01-20 17:08:28,normal,"{""action"": ""normal"", ""speed_limit"": 60, ""reason"": ""normal""}"
2026-01-20 17:08:28,control_received,"{""action"": ""normal"", ""speed_limit"": 60, ""reason"": ""normal""}"
2026-01-20 17:08:28,control_received,"{""action"": ""normal"", ""speed_limit"": 60, ""reason"": ""normal""}"
2026-01-20 17:08:33,reduce_speed,"{""action"": ""reduce_speed"", ""speed_limit"": 50, ""reason"": ""moderate_congestion""}"
2026-01-20 17:08:33,control_received,"{""action"": ""reduce_speed"", ""speed_limit"": 50, ""reason"": ""moderate_congestion""}"
2026-01-20 17:08:33,control_received,"{""action"": ""reduce_speed"", ""speed_limit"": 50, ""reason"": ""moderate_congestion""}"
2026-01-20 17:08:38,priority_mode,"{""action"": ""priority_mode"", ""signal"": ""green"", ""speed_limit"": 30, ""reason"": ""emergency""}"
2026-01-20 17:08:38,control_received,"{""action"": ""priority_mode"", ""signal"": ""green"", ""speed_limit"": 30, ""reason"": ""emergency""}"
2026-01-20 17:08:38,control_received,"{""action"": ""priority_mode"", ""signal"": ""green"", ""speed_limit"": 30, ""reason"": ""emergency""}"
2026-01-20 17:08:43,normal,"{""action"": ""normal"", ""speed_limit"": 60, ""reason"": ""normal""}"
2026-01-20 17:08:43,control_received,"{""action"": ""normal"", ""speed_limit"": 60, ""reason"": ""normal""}"
2026-01-20 17:08:48,normal,"{""action"": ""normal"", ""speed_limit"": 60, ""reason"": ""normal""}"
2026-01-20 17:08:48,control_received,"{""action"": ""normal"", ""speed_limit"": 60, ""reason"": ""normal""}"
2026-01-20 17:08:48,control_received,"{""action"": ""normal"", ""speed_limit"": 60, ""reason"": ""normal""}"
2026-01-20 17:08:53,normal,"{""action"": ""normal"", ""speed_limit"": 60, ""reason"": ""normal""}"
2026-01-20 17:08:53,control_received,"{""action"": ""normal"", ""speed_limit"": 60, ""reason"": ""normal""}"
2026-01-20 17:08:53,control_received,"{""action"": ""normal"", ""speed_limit"": 60, ""reason"": ""normal""}"
2026-01-20 17:08:58,reduce_speed,"{""action"": ""reduce_speed"", ""speed_limit"": 50, ""reason"": ""moderate_congestion""}"
2026-01-20 17:08:58,control_received,"{""action"": ""reduce_speed"", ""speed_limit"": 50, ""reason"": ""moderate_congestion""}"
2026-01-20 17:09:03,priority_mode,"{""action"": ""priority_mode"", ""signal"": ""green"", ""speed_limit"": 30, ""reason"": ""emergency""}"
2026-01-20 17:09:03,control_received,"{""action"": ""priority_mode"", ""signal"": ""green"", ""speed_limit"": 30, ""reason"": ""emergency""}"
2026-01-20 17:09:03,control_received,"{""action"": ""priority_mode"", ""signal"": ""green"", ""speed_limit"": 30, ""reason"": ""emergency""}"
2026-01-20 17:09:08,reduce_speed,"{""action"": ""reduce_speed"", ""speed_limit"": 50, ""reason"": ""moderate_congestion""}"
2026-01-20 17:09:08,control_received,"{""action"": ""reduce_speed"", ""speed_limit"": 50, ""reason"": ""moderate_congestion""}"
2026-01-20 17:09:13,normal,"{""action"": ""normal"", ""speed_limit"": 60, ""reason"": ""normal""}"
2026-01-20 17:09:13,control_received,"{""action"": ""normal"", ""speed_limit"": 60, ""reason"": ""normal""}"
2026-01-20 17:09:18,normal,"{""action"": ""normal"", ""speed_limit"": 60, ""reason"": ""normal""}"
2026-01-20 17:09:18,control_received,"{""action"": ""normal"", ""speed_limit"": 60, ""reason"": ""normal""}"
2026-01-20 17:09:18,control_received,"{""action"": ""normal"", ""speed_limit"": 60, ""reason"": ""normal""}"
2026-01-20 17:09:23,priority_mode,"{""action"": ""priority_mode"", ""signal"": ""green"", ""speed_limit"": 30, ""reason"": ""emergency""}"
2026-01-20 17:09:23,control_received,"{""action"": ""priority_mode"", ""signal"": ""green"", ""speed_limit"": 30, ""reason"": ""emergency""}"
2026-01-20 17:09:23,control_received,"{""action"": ""priority_mode"", ""signal"": ""green"", ""speed_limit"": 30, ""reason"": ""emergency""}"
2026-01-20 17:09:28,priority_mode,"{""action"": ""priority_mode"", ""signal"": ""green"", ""speed_limit"": 30, ""reason"": ""emergency""}"
2026-01-20 17:09:28,control_received,"{""action"": ""priority_mode"", ""signal"": ""green"", ""speed_limit"": 30, ""reason"": ""emergency""}"
2026-01-20 17:09:28,control_received,"{""action"": ""priority_mode"", ""signal"": ""green"", ""speed_limit"": 30, ""reason"": ""emergency""}"
2026-01-20 17:09:33,priority_mode,"{""action"": ""priority_mode"", ""signal"": ""green"", ""speed_limit"": 30, ""reason"": ""emergency""}"
2026-01-20 17:09:33,control_received,"{""action"": ""priority_mode"", ""signal"": ""green"", ""speed_limit"": 30, ""reason"": ""emergency""}"
2026-01-20 17:09:38,priority_mode,"{""action"": ""priority_mode"", ""signal"": ""green"", ""speed_limit"": 30, ""reason"": ""emergency""}"
2026-01-20 17:09:38,control_received,"{""action"": ""priority_mode"", ""signal"": ""green"", ""speed_limit"": 30, ""reason"": ""emergency""}"
2026-01-20 17:09:38,control_received,"{""action"": ""priority_mode"", ""signal"": ""green"", ""speed_limit"": 30, ""reason"": ""emergency""}"
2026-01-20 17:09:43,priority_mode,"{""action"": ""priority_mode"", ""signal"": ""green"", ""speed_limit"": 30, ""reason"": ""emergency""}"
2026-01-20 17:09:43,control_received,"{""action"": ""priority_mode"", ""signal"": ""green"", ""speed_limit"": 30, ""reason"": ""emergency""}"
2026-01-20 17:09:48,priority_mode,"{""action"": ""priority_mode"", ""signal"": ""green"", ""speed_limit"": 30, ""reason"": ""emergency""}"
2026-01-20 17:09:48,control_received,"{""action"": ""priority_mode"", ""signal"": ""green"", ""speed_limit"": 30, ""reason"": ""emergency""}"
2026-01-20 17:09:48,control_received,"{""action"": ""priority_mode"", ""signal"": ""green"", ""speed_limit"": 30, ""reason"": ""emergency""}"
2026-01-20 17:09:53,normal,"{""action"": ""normal"", ""speed_limit"": 60, ""reason"": ""normal""}"
2026-01-20 17:09:53,control_received,"{""action"": ""normal"", ""speed_limit"": 60, ""reason"": ""normal""}"
2026-01-20 17:09:53,control_received,"{""action"": ""normal"", ""speed_limit"": 60, ""reason"": ""normal""}"
2026-01-20 17:09:58,normal,"{""action"": ""normal"", ""speed_limit"": 60, ""reason"": ""normal""}"
2026-01-20 17:09:58,control_received,"{""action"": ""normal"", ""speed_limit"": 60, ""reason"": ""normal""}"
2026-01-20 17:09:58,control_received,"{""action"": ""normal"", ""speed_limit"": 60, ""reason"": ""normal""}"
2026-01-20 17:10:03,normal,"{""action"": ""normal"", ""speed_limit"": 60, ""reason"": ""normal""}"
2026-01-20 17:10:03,control_received,"{""action"": ""normal"", ""speed_limit"": 60, ""reason"": ""normal""}"
2026-01-20 17:10:03,control_received,"{""action"": ""normal"", ""speed_limit"": 60, ""reason"": ""normal""}"
2026-01-20 17:10:08,priority_mode,"{""action"": ""priority_mode"", ""signal"": ""green"", ""speed_limit"": 30, ""reason"": ""emergency""}"
2026-01-20 17:10:08,control_received,"{""action"": ""priority_mode"", ""signal"": ""green"", ""speed_limit"": 30, ""reason"": ""emergency""}"
2026-01-20 17:10:13,normal,"{""action"": ""normal"", ""speed_limit"": 60, ""reason"": ""normal""}"
2026-01-20 17:10:13,control_received,"{""action"": ""normal"", ""speed_limit"": 60, ""reason"": ""normal""}"
2026-01-20 17:10:13,control_received,"{""action"": ""normal"", ""speed_limit"": 60, ""reason"": ""normal""}"
2026-01-20 17:10:18,normal,"{""action"": ""normal"", ""speed_limit"": 60, ""reason"": ""normal""}"
2026-01-20 17:10:18,control_received,"{""action"": ""normal"", ""speed_limit"": 60, ""reason"": ""normal""}"
2026-01-20 17:10:23,normal,"{""action"": ""normal"", ""speed_limit"": 60, ""reason"": ""normal""}"
2026-01-20 17:10:23,control_received,"{""action"": ""normal"", ""speed_limit"": 60, ""reason"": ""normal""}"
2026-01-20 17:10:23,control_received,"{""action"": ""normal"", ""speed_limit"": 60, ""reason"": ""normal""}"
2026-01-20 17:10:28,normal,"{""action"": ""normal"", ""speed_limit"": 60, ""reason"": ""normal""}"
2026-01-20 17:10:28,control_received,"{""action"": ""normal"", ""speed_limit"": 60, ""reason"": ""normal""}"
2026-01-20 17:10:28,control_received,"{""action"": ""normal"", ""speed_limit"": 60, ""reason"": ""normal""}"
2026-01-20 17:10:33,reduce_speed,"{""action"": ""reduce_speed"", ""speed_limit"": 50, ""reason"": ""moderate_congestion""}"
2026-01-20 17:10:33,control_received,"{""action"": ""reduce_speed"", ""speed_limit"": 50, ""reason"": ""moderate_congestion""}"
2026-01-20 17:10:33,control_received,"{""action"": ""reduce_speed"", ""speed_limit"": 50, ""reason"": ""moderate_congestion""}"
2026-01-20 17:10:38,priority_mode,"{""action"": ""priority_mode"", ""signal"": ""green"", ""speed_limit"": 30, ""reason"": ""emergency""}"
2026-01-20 17:10:38,control_received,"{""action"": ""priority_mode"", ""signal"": ""green"", ""speed_limit"": 30, ""reason"": ""emergency""}"
2026-01-20 17:10:43,normal,"{""action"": ""normal"", ""speed_limit"": 60, ""reason"": ""normal""}"
2026-01-20 17:10:43,control_received,"{""action"": ""normal"", ""speed_limit"": 60, ""reason"": ""normal""}"
2026-01-20 17:10:43,control_received,"{""action"": ""normal"", ""speed_limit"": 60, ""reason"": ""normal""}"
2026-01-20 17:10:48,normal,"{""action"": ""normal"", ""speed_limit"": 60, ""reason"": ""normal""}"
2026-01-20 17:10:48,control_received,"{""action"": ""normal"", ""speed_limit"": 60, ""reason"": ""normal""}"
2026-01-20 17:10:48,control_received,"{""action"": ""normal"", ""speed_limit"": 60, ""reason"": ""normal""}"
2026-01-20 17:10:53,normal,"{""action"": ""normal"", ""speed_limit"": 60, ""reason"": ""normal""}"
2026-01-20 17:10:53,control_received,"{""action"": ""normal"", ""speed_limit"": 60, ""reason"": ""normal""}"
2026-01-20 17:10:53,control_received,"{""action"": ""normal"", ""speed_limit"": 60, ""reason"": ""normal""}"
2026-01-20 17:10:58,normal,"{""action"": ""normal"", ""speed_limit"": 60, ""reason"": ""normal""}"
2026-01-20 17:10:58,control_received,"{""action"": ""normal"", ""speed_limit"": 60, ""reason"": ""normal""}"
2026-01-20 17:11:03,normal,"{""action"": ""normal"", ""speed_limit"": 60, ""reason"": ""normal""}"
2026-01-20 17:11:03,control_received,"{""action"": ""normal"", ""speed_limit"": 60, ""reason"": ""normal""}"
2026-01-20 17:11:08,normal,"{""action"": ""normal"", ""speed_limit"": 60, ""reason"": ""normal""}"
2026-01-20 17:11:08,control_received,"{""action"": ""normal"", ""speed_limit"": 60, ""reason"": ""normal""}"
2026-01-20 17:11:08,control_received,"{""action"": ""normal"", ""speed_limit"": 60, ""reason"": ""normal""}"
2026-01-20 17:11:13,reduce_speed,"{""action"": ""reduce_speed"", ""speed_limit"": 50, ""reason"": ""moderate_congestion""}"
2026-01-20 17:11:13,control_received,"{""action"": ""reduce_speed"", ""speed_limit"": 50, ""reason"": ""moderate_congestion""}"
2026-01-20 17:11:13,control_received,"{""action"": ""reduce_speed"", ""speed_limit"": 50, ""reason"": ""moderate_congestion""}"
2026-01-20 17:11:18,normal,"{""action"": ""normal"", ""speed_limit"": 60, ""reason"": ""normal""}"
2026-01-20 17:11:18,control_received,"{""action"": ""normal"", ""speed_limit"": 60, ""reason"": ""normal""}"
2026-01-20 17:11:23,normal,"{""action"": ""normal"", ""speed_limit"": 60, ""reason"": ""normal""}"
2026-01-20 17:11:23,control_received,"{""action"": ""normal"", ""speed_limit"": 60, ""reason"": ""normal""}"
2026-01-20 17:11:23,control_received,"{""action"": ""normal"", ""speed_limit"": 60, ""reason"": ""normal""}"
2026-01-20 17:11:28,priority_mode,"{""action"": ""priority_mode"", ""signal"": ""green"", ""speed_limit"": 30, ""reason"": ""emergency""}"
2026-01-20 17:11:28,control_received,"{""action"": ""priority_mode"", ""signal"": ""green"", ""speed_limit"": 30, ""reason"": ""emergency""}"
2026-01-20 17:11:33,normal,"{""action"": ""normal"", ""speed_limit"": 60, ""reason"": ""normal""}"
2026-01-20 17:11:33,control_received,"{""action"": ""normal"", ""speed_limit"": 60, ""reason"": ""normal""}"
2026-01-20 17:11:33,control_received,"{""action"": ""normal"", ""speed_limit"": 60, ""reason"": ""normal""}"
2026-01-20 17:11:38,normal,"{""action"": ""normal"", ""speed_limit"": 60, ""reason"": ""normal""}"
2026-01-20 17:11:38,control_received,"{""action"": ""normal"", ""speed_limit"": 60, ""reason"": ""normal""}"
2026-01-20 17:11:43,priority_mode,"{""action"": ""priority_mode"", ""signal"": ""green"", ""speed_limit"": 30, ""reason"": ""emergency""}"
2026-01-20 17:11:43,control_received,"{""action"": ""priority_mode"", ""signal"": ""green"", ""speed_limit"": 30, ""reason"": ""emergency""}"
2026-01-20 17:11:43,control_received,"{""action"": ""priority_mode"", ""signal"": ""green"", ""speed_limit"": 30, ""reason"": ""emergency""}"
2026-01-20 17:11:48,priority_mode,"{""action"": ""priority_mode"", ""signal"": ""green"", ""speed_limit"": 30, ""reason"": ""emergency""}"
2026-01-20 17:11:48,control_received,"{""action"": ""priority_mode"", ""signal"": ""green"", ""speed_limit"": 30, ""reason"": ""emergency""}"
2026-01-20 17:11:48,control_received,"{""action"": ""priority_mode"", ""signal"": ""green"", ""speed_limit"": 30, ""reason"": ""emergency""}"
2026-01-20 17:11:53,normal,"{""action"": ""normal"", ""speed_limit"": 60, ""reason"": ""normal""}"
2026-01-20 17:11:53,control_received,"{""action"": ""normal"", ""speed_limit"": 60, ""reason"": ""normal""}"
2026-01-20 17:11:53,control_received,"{""action"": ""normal"", ""speed_limit"": 60, ""reason"": ""normal""}"
2026-01-20 17:11:58,normal,"{""action"": ""normal"", ""speed_limit"": 60, ""reason"": ""normal""}"
2026-01-20 17:11:58,control_received,"{""action"": ""normal"", ""speed_limit"": 60, ""reason"": ""normal""}"
2026-01-20 17:12:03,normal,"{""action"": ""normal"", ""speed_limit"": 60, ""reason"": ""normal""}"
2026-01-20 17:12:03,control_received,"{""action"": ""normal"", ""speed_limit"": 60, ""reason"": ""normal""}"
2026-01-20 17:12:03,control_received,"{""action"": ""normal"", ""speed_limit"": 60, ""reason"": ""normal""}"
2026-01-20 17:12:08,normal,"{""action"": ""normal"", ""speed_limit"": 60, ""reason"": ""normal""}"
2026-01-20 17:12:08,control_received,"{""action"": ""normal"", ""speed_limit"": 60, ""reason"": ""normal""}"
2026-01-20 17:12:13,priority_mode,"{""action"": ""priority_mode"", ""signal"": ""green"", ""speed_limit"": 30, ""reason"": ""emergency""}"
2026-01-20 17:12:13,control_received,"{""action"": ""priority_mode"", ""signal"": ""green"", ""speed_limit"": 30, ""reason"": ""emergency""}"
2026-01-20 17:12:18,normal,"{""action"": ""normal"", ""speed_limit"": 60, ""reason"": ""normal""}"
2026-01-20 17:12:18,control_received,"{""action"": ""normal"", ""speed_limit"": 60, ""reason"": ""normal""}"
2026-01-20 17:12:18,control_received,"{""action"": ""normal"", ""speed_limit"": 60, ""reason"": ""normal""}"
2026-01-20 17:12:23,priority_mode,"{""action"": ""priority_mode"", ""signal"": ""green"", ""speed_limit"": 30, ""reason"": ""emergency""}"
2026-01-20 17:12:23,control_received,"{""action"": ""priority_mode"", ""signal"": ""green"", ""speed_limit"": 30, ""reason"": ""emergency""}"
2026-01-20 17:12:23,control_received,"{""action"": ""priority_mode"", ""signal"": ""green"", ""speed_limit"": 30, ""reason"": ""emergency""}"
2026-01-20 17:12:28,priority_mode,"{""action"": ""priority_mode"", ""signal"": ""green"", ""speed_limit"": 30, ""reason"": ""emergency""}"
2026-01-20 17:12:28,control_received,"{""action"": ""priority_mode"", ""signal"": ""green"", ""speed_limit"": 30, ""reason"": ""emergency""}"
2026-01-20 17:12:33,priority_mode,"{""action"": ""priority_mode"", ""signal"": ""green"", ""speed_limit"": 30, ""reason"": ""emergency""}"
2026-01-20 17:12:33,control_received,"{""action"": ""priority_mode"", ""signal"": ""green"", ""speed_limit"": 30, ""reason"": ""emergency""}"
2026-01-20 17:12:33,control_received,"{""action"": ""priority_mode"", ""signal"": ""green"", ""speed_limit"": 30, ""reason"": ""emergency""}"
2026-01-20 17:12:38,normal,"{""action"": ""normal"", ""speed_limit"": 60, ""reason"": ""normal""}"
2026-01-20 17:12:38,control_received,"{""action"": ""normal"", ""speed_limit"": 60, ""reason"": ""normal""}"
2026-01-20 17:12:38,control_received,"{""action"": ""normal"", ""speed_limit"": 60, ""reason"": ""normal""}"
2026-01-20 17:12:43,normal,"{""action"": ""normal"", ""speed_limit"": 60, ""reason"": ""normal""}"
2026-01-20 17:12:43,control_received,"{""action"": ""normal"", ""speed_limit"": 60, ""reason"": ""normal""}"
2026-01-20 17:12:48,priority_mode,"{""action"": ""priority_mode"", ""signal"": ""green"", ""speed_limit"": 30, ""reason"": ""emergency""}"
2026-01-20 17:12:48,control_received,"{""action"": ""priority_mode"", ""signal"": ""green"", ""speed_limit"": 30, ""reason"": ""emergency""}"
2026-01-20 17:12:53,normal,"{""action"": ""normal"", ""speed_limit"": 60, ""reason"": ""normal""}"
2026-01-20 17:12:53,control_received,"{""action"": ""normal"", ""speed_limit"": 60, ""reason"": ""normal""}"
2026-01-20 17:12:58,priority_mode,"{""action"": ""priority_mode"", ""signal"": ""green"", ""speed_limit"": 30, ""reason"": ""emergency""}"
2026-01-20 17:12:58,control_received,"{""action"": ""priority_mode"", ""signal"": ""green"", ""speed_limit"": 30, ""reason"": ""emergency""}"
2026-01-20 17:12:58,control_received,"{""action"": ""priority_mode"", ""signal"": ""green"", ""speed_limit"": 30, ""reason"": ""emergency""}"
2026-01-20 17:13:03,reduce_speed,"{""action"": ""reduce_speed"", ""speed_limit"": 50, ""reason"": ""moderate_congestion""}"
2026-01-20 17:13:03,control_received,"{""action"": ""reduce_speed"", ""speed_limit"": 50, ""reason"": ""moderate_congestion""}"
2026-01-20 17:13:03,control_received,"{""action"": ""reduce_speed"", ""speed_limit"": 50, ""reason"": ""moderate_congestion""}"
2026-01-20 17:13:08,normal,"{""action"": ""normal"", ""speed_limit"": 60, ""reason"": ""normal""}"
2026-01-20 17:13:08,control_received,"{""action"": ""normal"", ""speed_limit"": 60, ""reason"": ""normal""}"
2026-01-20 17:13:08,control_received,"{""action"": ""normal"", ""speed_limit"": 60, ""reason"": ""normal""}"
2026-01-20 17:13:13,normal,"{""action"": ""normal"", ""speed_limit"": 60, ""reason"": ""normal""}"
2026-01-20 17:13:13,control_received,"{""action"": ""normal"", ""speed_limit"": 60, ""reason"": ""normal""}"
2026-01-20 17:13:18,normal,"{""action"": ""normal"", ""speed_limit"": 60, ""reason"": ""normal""}"
2026-01-20 17:13:18,control_received,"{""action"": ""normal"", ""speed_limit"": 60, ""reason"": ""normal""}"
2026-01-20 17:13:18,control_received,"{""action"": ""normal"", ""speed_limit"": 60, ""reason"": ""normal""}"
2026-01-20 17:13:23,normal,"{""action"": ""normal"", ""speed_limit"": 60, ""reason"": ""normal""}"
2026-01-20 17:13:23,control_received,"{""action"": ""normal"", ""speed_limit"": 60, ""reason"": ""normal""}"
2026-01-20 17:13:23,control_received,"{""action"": ""normal"", ""speed_limit"": 60, ""reason"": ""normal""}"
2026-01-20 17:13:28,reduce_speed,"{""action"": ""reduce_speed"", ""speed_limit"": 50, ""reason"": ""moderate_congestion""}"
2026-01-20 17:13:28,control_received,"{""action"": ""reduce_speed"", ""speed_limit"": 50, ""reason"": ""moderate_congestion""}"
2026-01-20 17:13:33,normal,"{""action"": ""normal"", ""speed_limit"": 60, ""reason"": ""normal""}"
2026-01-20 17:13:33,control_received,"{""action"": ""normal"", ""speed_limit"": 60, ""reason"": ""normal""}"
2026-01-20 17:13:33,control_received,"{""action"": ""normal"", ""speed_limit"": 60, ""reason"": ""normal""}"
2026-01-20 17:13:38,normal,"{""action"": ""normal"", ""speed_limit"": 60, ""reason"": ""normal""}"
2026-01-20 17:13:38,control_received,"{""action"": ""normal"", ""speed_limit"": 60, ""reason"": ""normal""}"
2026-01-20 17:13:43,priority_mode,"{""action"": ""priority_mode"", ""signal"": ""green"", ""speed_limit"": 30, ""reason"": ""emergency""}"
2026-01-20 17:13:43,control_received,"{""action"": ""priority_mode"", ""signal"": ""green"", ""speed_limit"": 30, ""reason"": ""emergency""}"
2026-01-20 17:13:43,control_received,"{""action"": ""priority_mode"", ""signal"": ""green"", ""speed_limit"": 30, ""reason"": ""emergency""}"
2026-01-20 17:13:48,priority_mode,"{""action"": ""priority_mode"", ""signal"": ""green"", ""speed_limit"": 30, ""reason"": ""emergency""}"
2026-01-20 17:13:48,control_received,"{""action"": ""priority_mode"", ""signal"": ""green"", ""speed_limit"": 30, ""reason"": ""emergency""}"
2026-01-20 17:13:53,priority_mode,"{""action"": ""priority_mode"", ""signal"": ""green"", ""speed_limit"": 30, ""reason"": ""emergency""}"
2026-01-20 17:13:53,control_received,"{""action"": ""priority_mode"", ""signal"": ""green"", ""speed_limit"": 30, ""reason"": ""emergency""}"
2026-01-20 17:13:53,control_received,"{""action"": ""priority_mode"", ""signal"": ""green"", ""speed_limit"": 30, ""reason"": ""emergency""}"
2026-01-20 17:13:58,normal,"{""action"": ""normal"", ""speed_limit"": 60, ""reason"": ""normal""}"
2026-01-20 17:13:58,control_received,"{""action"": ""normal"", ""speed_limit"": 60, ""reason"": ""normal""}"
2026-01-20 17:13:58,control_received,"{""action"": ""normal"", ""speed_limit"": 60, ""reason"": ""normal""}"
2026-01-20 17:14:03,reduce_speed,"{""action"": ""reduce_speed"", ""speed_limit"": 50, ""reason"": ""moderate_congestion""}"
2026-01-20 17:14:03,control_received,"{""action"": ""reduce_speed"", ""speed_limit"": 50, ""reason"": ""moderate_congestion""}"
2026-01-20 17:14:03,control_received,"{""action"": ""reduce_speed"", ""speed_limit"": 50, ""reason"": ""moderate_congestion""}"
2026-01-20 17:14:08,priority_mode,"{""action"": ""priority_mode"", ""signal"": ""green"", ""speed_limit"": 30, ""reason"": ""emergency""}"
2026-01-20 17:14:08,control_received,"{""action"": ""priority_mode"", ""signal"": ""green"", ""speed_limit"": 30, ""reason"": ""emergency""}"
2026-01-20 17:14:13,normal,"{""action"": ""normal"", ""speed_limit"": 60, ""reason"": ""normal""}"
2026-01-20 17:14:13,control_received,"{""action"": ""normal"", ""speed_limit"": 60, ""reason"": ""normal""}"
2026-01-20 17:14:13,control_received,"{""action"": ""normal"", ""speed_limit"": 60, ""reason"": ""normal""}"
2026-01-20 17:14:18,normal,"{""action"": ""normal"", ""speed_limit"": 60, ""reason"": ""normal""}"
2026-01-20 17:14:18,control_received,"{""action"": ""normal"", ""speed_limit"": 60, ""reason"": ""normal""}"
2026-01-20 17:14:23,priority_mode,"{""action"": ""priority_mode"", ""signal"": ""green"", ""speed_limit"": 30, ""reason"": ""emergency""}"
2026-01-20 17:14:23,control_received,"{""action"": ""priority_mode"", ""signal"": ""green"", ""speed_limit"": 30, ""reason"": ""emergency""}"
2026-01-20 17:14:28,priority_mode,"{""action"": ""priority_mode"", ""signal"": ""green"", ""speed_limit"": 30, ""reason"": ""emergency""}"
2026-01-20 17:14:28,control_received,"{""action"": ""priority_mode"", ""signal"": ""green"", ""speed_limit"": 30, ""reason"": ""emergency""}"
2026-01-20 17:14:33,normal,"{""action"": ""normal"", ""speed_limit"": 60, ""reason"": ""normal""}"
2026-01-20 17:14:33,control_received,"{""action"": ""normal"", ""speed_limit"": 60, ""reason"": ""normal""}"
2026-01-20 17:14:33,control_received,"{""action"": ""normal"", ""speed_limit"": 60, ""reason"": ""normal""}"
2026-01-20 17:14:38,reduce_speed,"{""action"": ""reduce_speed"", ""speed_limit"": 50, ""reason"": ""moderate_congestion""}"
2026-01-20 17:14:38,control_received,"{""action"": ""reduce_speed"", ""speed_limit"": 50, ""reason"": ""moderate_congestion""}"
2026-01-20 17:14:38,control_received,"{""action"": ""reduce_speed"", ""speed_limit"": 50, ""reason"": ""moderate_congestion""}"
2026-01-20 17:14:43,priority_mode,"{""action"": ""priority_mode"", ""signal"": ""green"", ""speed_limit"": 30, ""reason"": ""emergency""}"
2026-01-20 17:14:43,control_received,"{""action"": ""priority_mode"", ""signal"": ""green"", ""speed_limit"": 30, ""reason"": ""emergency""}"
2026-01-20 17:14:43,control_received,"{""action"": ""priority_mode"", ""signal"": ""green"", ""speed_limit"": 30, ""reason"": ""emergency""}"
2026-01-20 17:14:48,normal,"{""action"": ""normal"", ""speed_limit"": 60, ""reason"": ""normal""}"
2026-01-20 17:14:48,control_received,"{""action"": ""normal"", ""speed_limit"": 60, ""reason"": ""normal""}"
2026-01-20 17:14:48,control_received,"{""action"": ""normal"", ""speed_limit"": 60, ""reason"": ""normal""}"
2026-01-20 17:14:53,normal,"{""action"": ""normal"", ""speed_limit"": 60, ""reason"": ""normal""}"
2026-01-20 17:14:53,control_received,"{""action"": ""normal"", ""speed_limit"": 60, ""reason"": ""normal""}"
2026-01-20 17:14:58,normal,"{""action"": ""normal"", ""speed_limit"": 60, ""reason"": ""normal""}"
2026-01-20 17:14:58,control_received,"{""action"": ""normal"", ""speed_limit"": 60, ""reason"": ""normal""}"
2026-01-20 17:14:58,control_received,"{""action"": ""normal"", ""speed_limit"": 60, ""reason"": ""normal""}"
2026-01-20 17:15:03,priority_mode,"{""action"": ""priority_mode"", ""signal"": ""green"", ""speed_limit"": 30, ""reason"": ""emergency""}"
2026-01-20 17:15:03,control_received,"{""action"": ""priority_mode"", ""signal"": ""green"", ""speed_limit"": 30, ""reason"": ""emergency""}"
2026-01-20 17:15:03,control_received,"{""action"": ""priority_mode"", ""signal"": ""green"", ""speed_limit"": 30, ""reason"": ""emergency""}"
2026-01-20 17:15:08,priority_mode,"{""action"": ""priority_mode"", ""signal"": ""green"", ""speed_limit"": 30, ""reason"": ""emergency""}"
2026-01-20 17:15:08,control_received,"{""action"": ""priority_mode"", ""signal"": ""green"", ""speed_limit"": 30, ""reason"": ""emergency""}"
2026-01-20 17:15:08,control_received,"{""action"": ""priority_mode"", ""signal"": ""green"", ""speed_limit"": 30, ""reason"": ""emergency""}"
2026-01-20 17:15:13,normal,"{""action"": ""normal"", ""speed_limit"": 60, ""reason"": ""normal""}"
2026-01-20 17:15:13,control_received,"{""action"": ""normal"", ""speed_limit"": 60, ""reason"": ""normal""}"
2026-01-20 17:15:13,control_received,"{""action"": ""normal"", ""speed_limit"": 60, ""reason"": ""normal""}"
2026-01-20 17:15:18,normal,"{""action"": ""normal"", ""speed_limit"": 60, ""reason"": ""normal""}"
2026-01-20 17:15:18,control_received,"{""action"": ""normal"", ""speed_limit"": 60, ""reason"": ""normal""}"
2026-01-20 17:15:18,control_received,"{""action"": ""normal"", ""speed_limit"": 60, ""reason"": ""normal""}"
2026-01-20 17:15:23,priority_mode,"{""action"": ""priority_mode"", ""signal"": ""green"", ""speed_limit"": 30, ""reason"": ""emergency""}"
2026-01-20 17:15:23,control_received,"{""action"": ""priority_mode"", ""signal"": ""green"", ""speed_limit"": 30, ""reason"": ""emergency""}"
2026-01-20 17:15:23,control_received,"{""action"": ""priority_mode"", ""signal"": ""green"", ""speed_limit"": 30, ""reason"": ""emergency""}"
2026-01-20 17:15:28,priority_mode,"{""action"": ""priority_mode"", ""signal"": ""green"", ""speed_limit"": 30, ""reason"": ""emergency""}"
2026-01-20 17:15:28,control_received,"{""action"": ""priority_mode"", ""signal"": ""green"", ""speed_limit"": 30, ""reason"": ""emergency""}"
2026-01-20 17:15:33,priority_mode,"{""action"": ""priority_mode"", ""signal"": ""green"", ""speed_limit"": 30, ""reason"": ""emergency""}"
2026-01-20 17:15:33,control_received,"{""action"": ""priority_mode"", ""signal"": ""green"", ""speed_limit"": 30, ""reason"": ""emergency""}"
2026-01-20 17:15:38,priority_mode,"{""action"": ""priority_mode"", ""signal"": ""green"", ""speed_limit"": 30, ""reason"": ""emergency""}"
2026-01-20 17:15:38,control_received,"{""action"": ""priority_mode"", ""signal"": ""green"", ""speed_limit"": 30, ""reason"": ""emergency""}"
2026-01-20 17:15:38,control_received,"{""action"": ""priority_mode"", ""signal"": ""green"", ""speed_limit"": 30, ""reason"": ""emergency""}"
2026-01-20 17:15:43,reduce_speed,"{""action"": ""reduce_speed"", ""speed_limit"": 50, ""reason"": ""moderate_congestion""}"
2026-01-20 17:15:43,control_received,"{""action"": ""reduce_speed"", ""speed_limit"": 50, ""reason"": ""moderate_congestion""}"
2026-01-20 17:15:43,control_received,"{""action"": ""reduce_speed"", ""speed_limit"": 50, ""reason"": ""moderate_congestion""}"
2026-01-20 17:15:48,normal,"{""action"": ""normal"", ""speed_limit"": 60, ""reason"": ""normal""}"
2026-01-20 17:15:48,control_received,"{""action"": ""normal"", ""speed_limit"": 60, ""reason"": ""normal""}"
2026-01-20 17:15:53,priority_mode,"{""action"": ""priority_mode"", ""signal"": ""green"", ""speed_limit"": 30, ""reason"": ""emergency""}"
2026-01-20 17:15:53,control_received,"{""action"": ""priority_mode"", ""signal"": ""green"", ""speed_limit"": 30, ""reason"": ""emergency""}"
2026-01-20 17:15:53,control_received,"{""action"": ""priority_mode"", ""signal"": ""green"", ""speed_limit"": 30, ""reason"": ""emergency""}"
2026-01-20 17:15:58,priority_mode,"{""action"": ""priority_mode"", ""signal"": ""green"", ""speed_limit"": 30, ""reason"": ""emergency""}"
2026-01-20 17:15:58,control_received,"{""action"": ""priority_mode"", ""signal"": ""green"", ""speed_limit"": 30, ""reason"": ""emergency""}"
2026-01-20 17:15:58,control_received,"{""action"": ""priority_mode"", ""signal"": ""green"", ""speed_limit"": 30, ""reason"": ""emergency""}"
2026-01-20 17:16:03,priority_mode,"{""action"": ""priority_mode"", ""signal"": ""green"", ""speed_limit"": 30, ""reason"": ""emergency""}"
2026-01-20 17:16:03,control_received,"{""action"": ""priority_mode"", ""signal"": ""green"", ""speed_limit"": 30, ""reason"": ""emergency""}"
2026-01-20 17:16:03,control_received,"{""action"": ""priority_mode"", ""signal"": ""green"", ""speed_limit"": 30, ""reason"": ""emergency""}"
2026-01-20 17:16:08,priority_mode,"{""action"": ""priority_mode"", ""signal"": ""green"", ""speed_limit"": 30, ""reason"": ""emergency""}"
2026-01-20 17:16:08,control_received,"{""action"": ""priority_mode"", ""signal"": ""green"", ""speed_limit"": 30, ""reason"": ""emergency""}"
2026-01-20 17:16:08,control_received,"{""action"": ""priority_mode"", ""signal"": ""green"", ""speed_limit"": 30, ""reason"": ""emergency""}"
2026-01-20 17:16:13,normal,"{""action"": ""normal"", ""speed_limit"": 60, ""reason"": ""normal""}"
2026-01-20 17:16:13,control_received,"{""action"": ""normal"", ""speed_limit"": 60, ""reason"": ""normal""}"
2026-01-20 17:16:13,control_received,"{""action"": ""normal"", ""speed_limit"": 60, ""reason"": ""normal""}"
2026-01-20 17:16:18,reduce_speed,"{""action"": ""reduce_speed"", ""speed_limit"": 50, ""reason"": ""moderate_congestion""}"
2026-01-20 17:16:18,control_received,"{""action"": ""reduce_speed"", ""speed_limit"": 50, ""reason"": ""moderate_congestion""}"
2026-01-20 17:16:23,normal,"{""action"": ""normal"", ""speed_limit"": 60, ""reason"": ""normal""}"
2026-01-20 17:16:23,control_received,"{""action"": ""normal"", ""speed_limit"": 60, ""reason"": ""normal""}"
2026-01-20 17:16:23,control_received,"{""action"": ""normal"", ""speed_limit"": 60, ""reason"": ""normal""}"
2026-01-20 17:16:28,normal,"{""action"": ""normal"", ""speed_limit"": 60, ""reason"": ""normal""}"
2026-01-20 17:16:28,control_received,"{""action"": ""normal"", ""speed_limit"": 60, ""reason"": ""normal""}"
2026-01-20 17:16:28,control_received,"{""action"": ""normal"", ""speed_limit"": 60, ""reason"": ""normal""}"
2026-01-20 17:16:33,priority_mode,"{""action"": ""priority_mode"", ""signal"": ""green"", ""speed_limit"": 30, ""reason"": ""emergency""}"
2026-01-20 17:16:33,control_received,"{""action"": ""priority_mode"", ""signal"": ""green"", ""speed_limit"": 30, ""reason"": ""emergency""}"
2026-01-20 17:16:38,normal,"{""action"": ""normal"", ""speed_limit"": 60, ""reason"": ""normal""}"
2026-01-20 17:16:38,control_received,"{""action"": ""normal"", ""speed_limit"": 60, ""reason"": ""normal""}"
2026-01-20 17:16:38,control_received,"{""action"": ""normal"", ""speed_limit"": 60, ""reason"": ""normal""}"
2026-01-20 17:16:43,normal,"{""action"": ""normal"", ""speed_limit"": 60, ""reason"": ""normal""}"
2026-01-20 17:16:43,control_received,"{""action"": ""normal"", ""speed_limit"": 60, ""reason"": ""normal""}"
2026-01-20 17:16:48,reduce_speed,"{""action"": ""reduce_speed"", ""speed_limit"": 50, ""reason"": ""moderate_congestion""}"
2026-01-20 17:16:48,control_received,"{""action"": ""reduce_speed"", ""speed_limit"": 50, ""reason"": ""moderate_congestion""}"
2026-01-20 17:16:48,control_received,"{""action"": ""reduce_speed"", ""speed_limit"": 50, ""reason"": ""moderate_congestion""}"
2026-01-20 17:16:53,normal,"{""action"": ""normal"", ""speed_limit"": 60, ""reason"": ""normal""}"
2026-01-20 17:16:53,control_received,"{""action"": ""normal"", ""speed_limit"": 60, ""reason"": ""normal""}"
2026-01-20 17:16:53,control_received,"{""action"": ""normal"", ""speed_limit"": 60, ""reason"": ""normal""}"
2026-01-20 17:16:58,priority_mode,"{""action"": ""priority_mode"", ""signal"": ""green"", ""speed_limit"": 30, ""reason"": ""emergency""}"
2026-01-20 17:16:58,control_received,"{""action"": ""priority_mode"", ""signal"": ""green"", ""speed_limit"": 30, ""reason"": ""emergency""}"
2026-01-20 17:17:03,priority_mode,"{""action"": ""priority_mode"", ""signal"": ""green"", ""speed_limit"": 30, ""reason"": ""emergency""}"
2026-01-20 17:17:03,control_received,"{""action"": ""priority_mode"", ""signal"": ""green"", ""speed_limit"": 30, ""reason"": ""emergency""}"
2026-01-20 17:17:08,priority_mode,"{""action"": ""priority_mode"", ""signal"": ""green"", ""speed_limit"": 30, ""reason"": ""emergency""}"
2026-01-20 17:17:08,control_received,"{""action"": ""priority_mode"", ""signal"": ""green"", ""speed_limit"": 30, ""reason"": ""emergency""}"
2026-01-20 17:17:08,control_received,"{""action"": ""priority_mode"", ""signal"": ""green"", ""speed_limit"": 30, ""reason"": ""emergency""}"
2026-01-20 17:17:13,priority_mode,"{""action"": ""priority_mode"", ""signal"": ""green"", ""speed_limit"": 30, ""reason"": ""emergency""}"
2026-01-20 17:17:13,control_received,"{""action"": ""priority_mode"", ""signal"": ""green"", ""speed_limit"": 30, ""reason"": ""emergency""}"
2026-01-20 17:17:18,priority_mode,"{""action"": ""priority_mode"", ""signal"": ""green"", ""speed_limit"": 30, ""reason"": ""emergency""}"
2026-01-20 17:17:18,control_received,"{""action"": ""priority_mode"", ""signal"": ""green"", ""speed_limit"": 30, ""reason"": ""emergency""}"
2026-01-20 17:17:18,control_received,"{""action"": ""priority_mode"", ""signal"": ""green"", ""speed_limit"": 30, ""reason"": ""emergency""}"
2026-01-20 17:17:23,normal,"{""action"": ""normal"", ""speed_limit"": 60, ""reason"": ""normal""}"
2026-01-20 17:17:23,control_received,"{""action"": ""normal"", ""speed_limit"": 60, ""reason"": ""normal""}"
2026-01-20 17:17:23,control_received,"{""action"": ""normal"", ""speed_limit"": 60, ""reason"": ""normal""}"
2026-01-20 17:17:28,priority_mode,"{""action"": ""priority_mode"", ""signal"": ""green"", ""speed_limit"": 30, ""reason"": ""emergency""}"
2026-01-20 17:17:28,control_received,"{""action"": ""priority_mode"", ""signal"": ""green"", ""speed_limit"": 30, ""reason"": ""emergency""}"
2026-01-20 17:17:28,control_received,"{""action"": ""priority_mode"", ""signal"": ""green"", ""speed_limit"": 30, ""reason"": ""emergency""}"
2026-01-20 17:17:33,normal,"{""action"": ""normal"", ""speed_limit"": 60, ""reason"": ""normal""}"
2026-01-20 17:17:33,control_received,"{""action"": ""normal"", ""speed_limit"": 60, ""reason"": ""normal""}"
2026-01-20 17:17:38,normal,"{""action"": ""normal"", ""speed_limit"": 60, ""reason"": ""normal""}"
2026-01-20 17:17:38,control_received,"{""action"": ""normal"", ""speed_limit"": 60, ""reason"": ""normal""}"
2026-01-20 17:17:43,priority_mode,"{""action"": ""priority_mode"", ""signal"": ""green"", ""speed_limit"": 30, ""reason"": ""emergency""}"
2026-01-20 17:17:43,control_received,"{""action"": ""priority_mode"", ""signal"": ""green"", ""speed_limit"": 30, ""reason"": ""emergency""}"
2026-01-20 17:17:43,control_received,"{""action"": ""priority_mode"", ""signal"": ""green"", ""speed_limit"": 30, ""reason"": ""emergency""}"
2026-01-20 17:17:48,priority_mode,"{""action"": ""priority_mode"", ""signal"": ""green"", ""speed_limit"": 30, ""reason"": ""emergency""}"
2026-01-20 17:17:48,control_received,"{""action"": ""priority_mode"", ""signal"": ""green"", ""speed_limit"": 30, ""reason"": ""emergency""}"
2026-01-20 17:17:48,control_received,"{""action"": ""priority_mode"", ""signal"": ""green"", ""speed_limit"": 30, ""reason"": ""emergency""}"
2026-01-20 17:17:53,priority_mode,"{""action"": ""priority_mode"", ""signal"": ""green"", ""speed_limit"": 30, ""reason"": ""emergency""}"
2026-01-20 17:17:53,control_received,"{""action"": ""priority_mode"", ""signal"": ""green"", ""speed_limit"": 30, ""reason"": ""emergency""}"
2026-01-20 17:17:58,priority_mode,"{""action"": ""priority_mode"", ""signal"": ""green"", ""speed_limit"": 30, ""reason"": ""emergency""}"
2026-01-20 17:17:58,control_received,"{""action"": ""priority_mode"", ""signal"": ""green"", ""speed_limit"": 30, ""reason"": ""emergency""}"
2026-01-20 17:17:58,control_received,"{""action"": ""priority_mode"", ""signal"": ""green"", ""speed_limit"": 30, ""reason"": ""emergency""}"
2026-01-20 17:18:03,normal,"{""action"": ""normal"", ""speed_limit"": 60, ""reason"": ""normal""}"
2026-01-20 17:18:03,control_received,"{""action"": ""normal"", ""speed_limit"": 60, ""reason"": ""normal""}"
2026-01-20 17:18:03,control_received,"{""action"": ""normal"", ""speed_limit"": 60, ""reason"": ""normal""}"
2026-01-20 17:18:08,priority_mode,"{""action"": ""priority_mode"", ""signal"": ""green"", ""speed_limit"": 30, ""reason"": ""emergency""}"
2026-01-20 17:18:08,control_received,"{""action"": ""priority_mode"", ""signal"": ""green"", ""speed_limit"": 30, ""reason"": ""emergency""}"
2026-01-20 17:18:13,normal,"{""action"": ""normal"", ""speed_limit"": 60, ""reason"": ""normal""}"
2026-01-20 17:18:13,control_received,"{""action"": ""normal"", ""speed_limit"": 60, ""reason"": ""normal""}"
2026-01-20 17:18:13,control_received,"{""action"": ""normal"", ""speed_limit"": 60, ""reason"": ""normal""}"
2026-01-20 17:18:18,priority_mode,"{""action"": ""priority_mode"", ""signal"": ""green"", ""speed_limit"": 30, ""reason"": ""emergency""}"
2026-01-20 17:18:18,control_received,"{""action"": ""priority_mode"", ""signal"": ""green"", ""speed_limit"": 30, ""reason"": ""emergency""}"
2026-01-20 17:18:18,control_received,"{""action"": ""priority_mode"", ""signal"": ""green"", ""speed_limit"": 30, ""reason"": ""emergency""}"
2026-01-20 17:18:23,priority_mode,"{""action"": ""priority_mode"", ""signal"": ""green"", ""speed_limit"": 30, ""reason"": ""emergency""}"
2026-01-20 17:18:23,control_received,"{""action"": ""priority_mode"", ""signal"": ""green"", ""speed_limit"": 30, ""reason"": ""emergency""}"
2026-01-20 17:18:23,control_received,"{""action"": ""priority_mode"", ""signal"": ""green"", ""speed_limit"": 30, ""reason"": ""emergency""}"
2026-01-20 17:18:28,normal,"{""action"": ""normal"", ""speed_limit"": 60, ""reason"": ""normal""}"
2026-01-20 17:18:28,control_received,"{""action"": ""normal"", ""speed_limit"": 60, ""reason"": ""normal""}"
2026-01-20 17:18:33,normal,"{""action"": ""normal"", ""speed_limit"": 60, ""reason"": ""normal""}"
2026-01-20 17:18:33,control_received,"{""action"": ""normal"", ""speed_limit"": 60, ""reason"": ""normal""}"
2026-01-20 17:18:33,control_received,"{""action"": ""normal"", ""speed_limit"": 60, ""reason"": ""normal""}"
2026-01-20 17:18:38,normal,"{""action"": ""normal"", ""speed_limit"": 60, ""reason"": ""normal""}"
2026-01-20 17:18:38,control_received,"{""action"": ""normal"", ""speed_limit"": 60, ""reason"": ""normal""}"
2026-01-20 17:18:38,control_received,"{""action"": ""normal"", ""speed_limit"": 60, ""reason"": ""normal""}"
2026-01-20 17:18:43,normal,"{""action"": ""normal"", ""speed_limit"": 60, ""reason"": ""normal""}"
2026-01-20 17:18:43,control_received,"{""action"": ""normal"", ""speed_limit"": 60, ""reason"": ""normal""}"
2026-01-20 17:18:48,normal,"{""action"": ""normal"", ""speed_limit"": 60, ""reason"": ""normal""}"
2026-01-20 17:18:48,control_received,"{""action"": ""normal"", ""speed_limit"": 60, ""reason"": ""normal""}"
2026-01-20 17:18:53,normal,"{""action"": ""normal"", ""speed_limit"": 60, ""reason"": ""normal""}"
2026-01-20 17:18:53,control_received,"{""action"": ""normal"", ""speed_limit"": 60, ""reason"": ""normal""}"
2026-01-20 17:18:58,normal,"{""action"": ""normal"", ""speed_limit"": 60, ""reason"": ""normal""}"
2026-01-20 17:18:59,control_received,"{""action"": ""normal"", ""speed_limit"": 60, ""reason"": ""normal""}"
2026-01-20 17:18:59,control_received,"{""action"": ""normal"", ""speed_limit"": 60, ""reason"": ""normal""}"
2026-01-20 17:19:03,reduce_speed,"{""action"": ""reduce_speed"", ""speed_limit"": 50, ""reason"": ""moderate_congestion""}"
2026-01-20 17:19:04,control_received,"{""action"": ""reduce_speed"", ""speed_limit"": 50, ""reason"": ""moderate_congestion""}"
2026-01-20 17:19:04,control_received,"{""action"": ""reduce_speed"", ""speed_limit"": 50, ""reason"": ""moderate_congestion""}"
2026-01-20 17:19:09,normal,"{""action"": ""normal"", ""speed_limit"": 60, ""reason"": ""normal""}"
2026-01-20 17:19:09,control_received,"{""action"": ""normal"", ""speed_limit"": 60, ""reason"": ""normal""}"
2026-01-20 17:19:14,normal,"{""action"": ""normal"", ""speed_limit"": 60, ""reason"": ""normal""}"
2026-01-20 17:19:14,control_received,"{""action"": ""normal"", ""speed_limit"": 60, ""reason"": ""normal""}"
2026-01-20 17:19:14,control_received,"{""action"": ""normal"", ""speed_limit"": 60, ""reason"": ""normal""}"
2026-01-20 17:19:19,normal,"{""action"": ""normal"", ""speed_limit"": 60, ""reason"": ""normal""}"
2026-01-20 17:19:19,control_received,"{""action"": ""normal"", ""speed_limit"": 60, ""reason"": ""normal""}"
2026-01-20 17:19:24,reduce_speed,"{""action"": ""reduce_speed"", ""speed_limit"": 50, ""reason"": ""moderate_congestion""}"
2026-01-20 17:19:24,control_received,"{""action"": ""reduce_speed"", ""speed_limit"": 50, ""reason"": ""moderate_congestion""}"
2026-01-20 17:19:24,control_received,"{""action"": ""reduce_speed"", ""speed_limit"": 50, ""reason"": ""moderate_congestion""}"
2026-01-20 17:19:29,normal,"{""action"": ""normal"", ""speed_limit"": 60, ""reason"": ""normal""}"
2026-01-20 17:19:29,control_received,"{""action"": ""normal"", ""speed_limit"": 60, ""reason"": ""normal""}"
2026-01-20 17:19:34,normal,"{""action"": ""normal"", ""speed_limit"": 60, ""reason"": ""normal""}"
2026-01-20 17:19:34,control_received,"{""action"": ""normal"", ""speed_limit"": 60, ""reason"": ""normal""}"
2026-01-20 17:19:39,priority_mode,"{""action"": ""priority_mode"", ""signal"": ""green"", ""speed_limit"": 30, ""reason"": ""emergency""}"
2026-01-20 17:19:39,control_received,"{""action"": ""priority_mode"", ""signal"": ""green"", ""speed_limit"": 30, ""reason"": ""emergency""}"
2026-01-20 17:19:44,normal,"{""action"": ""normal"", ""speed_limit"": 60, ""reason"": ""normal""}"
2026-01-20 17:19:44,control_received,"{""action"": ""normal"", ""speed_limit"": 60, ""reason"": ""normal""}"
2026-01-20 17:19:44,control_received,"{""action"": ""normal"", ""speed_limit"": 60, ""reason"": ""normal""}"
2026-01-20 17:19:49,priority_mode,"{""action"": ""priority_mode"", ""signal"": ""green"", ""speed_limit"": 30, ""reason"": ""emergency""}"
2026-01-20 17:19:49,control_received,"{""action"": ""priority_mode"", ""signal"": ""green"", ""speed_limit"": 30, ""reason"": ""emergency""}"
2026-01-20 17:19:54,normal,"{""action"": ""normal"", ""speed_limit"": 60, ""reason"": ""normal""}"
2026-01-20 17:19:54,control_received,"{""action"": ""normal"", ""speed_limit"": 60, ""reason"": ""normal""}"
2026-01-20 17:19:59,priority_mode,"{""action"": ""priority_mode"", ""signal"": ""green"", ""speed_limit"": 30, ""reason"": ""emergency""}"
2026-01-20 17:19:59,control_received,"{""action"": ""priority_mode"", ""signal"": ""green"", ""speed_limit"": 30, ""reason"": ""emergency""}"
2026-01-20 17:19:59,control_received,"{""action"": ""priority_mode"", ""signal"": ""green"", ""speed_limit"": 30, ""reason"": ""emergency""}"
2026-01-20 17:20:04,priority_mode,"{""action"": ""priority_mode"", ""signal"": ""green"", ""speed_limit"": 30, ""reason"": ""emergency""}"
2026-01-20 17:20:04,control_received,"{""action"": ""priority_mode"", ""signal"": ""green"", ""speed_limit"": 30, ""reason"": ""emergency""}"
2026-01-20 17:20:04,control_received,"{""action"": ""priority_mode"", ""signal"": ""green"", ""speed_limit"": 30, ""reason"": ""emergency""}"
2026-01-20 17:20:09,priority_mode,"{""action"": ""priority_mode"", ""signal"": ""green"", ""speed_limit"": 30, ""reason"": ""emergency""}"
2026-01-20 17:20:09,control_received,"{""action"": ""priority_mode"", ""signal"": ""green"", ""speed_limit"": 30, ""reason"": ""emergency""}"
2026-01-20 17:20:14,normal,"{""action"": ""normal"", ""speed_limit"": 60, ""reason"": ""normal""}"
2026-01-20 17:20:14,control_received,"{""action"": ""normal"", ""speed_limit"": 60, ""reason"": ""normal""}"
2026-01-20 17:20:19,normal,"{""action"": ""normal"", ""speed_limit"": 60, ""reason"": ""normal""}"
2026-01-20 17:20:19,control_received,"{""action"": ""normal"", ""speed_limit"": 60, ""reason"": ""normal""}"
2026-01-20 17:20:24,priority_mode,"{""action"": ""priority_mode"", ""signal"": ""green"", ""speed_limit"": 30, ""reason"": ""emergency""}"
2026-01-20 17:20:24,control_received,"{""action"": ""priority_mode"", ""signal"": ""green"", ""speed_limit"": 30, ""reason"": ""emergency""}"
2026-01-20 17:20:29,priority_mode,"{""action"": ""priority_mode"", ""signal"": ""green"", ""speed_limit"": 30, ""reason"": ""emergency""}"
2026-01-20 17:20:29,control_received,"{""action"": ""priority_mode"", ""signal"": ""green"", ""speed_limit"": 30, ""reason"": ""emergency""}"
2026-01-20 17:20:34,priority_mode,"{""action"": ""priority_mode"", ""signal"": ""green"", ""speed_limit"": 30, ""reason"": ""emergency""}"
2026-01-20 17:20:34,control_received,"{""action"": ""priority_mode"", ""signal"": ""green"", ""speed_limit"": 30, ""reason"": ""emergency""}"
2026-01-20 17:20:34,control_received,"{""action"": ""priority_mode"", ""signal"": ""green"", ""speed_limit"": 30, ""reason"": ""emergency""}"
2026-01-20 17:20:39,normal,"{""action"": ""normal"", ""speed_limit"": 60, ""reason"": ""normal""}"
2026-01-20 17:20:39,control_received,"{""action"": ""normal"", ""speed_limit"": 60, ""reason"": ""normal""}"
2026-01-20 17:20:39,control_received,"{""action"": ""normal"", ""speed_limit"": 60, ""reason"": ""normal""}"
2026-01-20 17:20:44,normal,"{""action"": ""normal"", ""speed_limit"": 60, ""reason"": ""normal""}"
2026-01-20 17:20:44,control_received,"{""action"": ""normal"", ""speed_limit"": 60, ""reason"": ""normal""}"
2026-01-20 17:20:44,control_received,"{""action"": ""normal"", ""speed_limit"": 60, ""reason"": ""normal""}"
2026-01-20 17:20:49,normal,"{""action"": ""normal"", ""speed_limit"": 60, ""reason"": ""normal""}"
2026-01-20 17:20:49,control_received,"{""action"": ""normal"", ""speed_limit"": 60, ""reason"": ""normal""}"
2026-01-20 17:20:49,control_received,"{""action"": ""normal"", ""speed_limit"": 60, ""reason"": ""normal""}"
2026-01-20 17:20:54,priority_mode,"{""action"": ""priority_mode"", ""signal"": ""green"", ""speed_limit"": 30, ""reason"": ""emergency""}"
2026-01-20 17:20:54,control_received,"{""action"": ""priority_mode"", ""signal"": ""green"", ""speed_limit"": 30, ""reason"": ""emergency""}"
2026-01-20 17:20:59,reduce_speed,"{""action"": ""reduce_speed"", ""speed_limit"": 50, ""reason"": ""moderate_congestion""}"
2026-01-20 17:20:59,control_received,"{""action"": ""reduce_speed"", ""speed_limit"": 50, ""reason"": ""moderate_congestion""}"
2026-01-20 17:21:04,priority_mode,"{""action"": ""priority_mode"", ""signal"": ""green"", ""speed_limit"": 30, ""reason"": ""emergency""}"
2026-01-20 17:21:04,control_received,"{""action"": ""priority_mode"", ""signal"": ""green"", ""speed_limit"": 30, ""reason"": ""emergency""}"
2026-01-20 17:21:04,control_received,"{""action"": ""priority_mode"", ""signal"": ""green"", ""speed_limit"": 30, ""reason"": ""emergency""}"
2026-01-20 17:21:09,priority_mode,"{""action"": ""priority_mode"", ""signal"": ""green"", ""speed_limit"": 30, ""reason"": ""emergency""}"
2026-01-20 17:21:09,control_received,"{""action"": ""priority_mode"", ""signal"": ""green"", ""speed_limit"": 30, ""reason"": ""emergency""}"
2026-01-20 17:21:09,control_received,"{""action"": ""priority_mode"", ""signal"": ""green"", ""speed_limit"": 30, ""reason"": ""emergency""}"
2026-01-20 17:21:14,reduce_speed,"{""action"": ""reduce_speed"", ""speed_limit"": 50, ""reason"": ""moderate_congestion""}"
2026-01-20 17:21:14,control_received,"{""action"": ""reduce_speed"", ""speed_limit"": 50, ""reason"": ""moderate_congestion""}"
2026-01-20 17:21:19,normal,"{""action"": ""normal"", ""speed_limit"": 60, ""reason"": ""normal""}"
2026-01-20 17:21:19,control_received,"{""action"": ""normal"", ""speed_limit"": 60, ""reason"": ""normal""}"
2026-01-20 17:21:19,control_received,"{""action"": ""normal"", ""speed_limit"": 60, ""reason"": ""normal""}"
2026-01-20 17:21:24,priority_mode,"{""action"": ""priority_mode"", ""signal"": ""green"", ""speed_limit"": 30, ""reason"": ""emergency""}"
2026-01-20 17:21:24,control_received,"{""action"": ""priority_mode"", ""signal"": ""green"", ""speed_limit"": 30, ""reason"": ""emergency""}"
2026-01-20 17:21:29,normal,"{""action"": ""normal"", ""speed_limit"": 60, ""reason"": ""normal""}"
2026-01-20 17:21:29,control_received,"{""action"": ""normal"", ""speed_limit"": 60, ""reason"": ""normal""}"
2026-01-20 17:21:29,control_received,"{""action"": ""normal"", ""speed_limit"": 60, ""reason"": ""normal""}"
2026-01-20 17:21:34,reduce_speed,"{""action"": ""reduce_speed"", ""speed_limit"": 50, ""reason"": ""moderate_congestion""}"
2026-01-20 17:21:34,control_received,"{""action"": ""reduce_speed"", ""speed_limit"": 50, ""reason"": ""moderate_congestion""}"
2026-01-20 17:21:34,control_received,"{""action"": ""reduce_speed"", ""speed_limit"": 50, ""reason"": ""moderate_congestion""}"
2026-01-20 17:21:39,normal,"{""action"": ""normal"", ""speed_limit"": 60, ""reason"": ""normal""}"
2026-01-20 17:21:39,control_received,"{""action"": ""normal"", ""speed_limit"": 60, ""reason"": ""normal""}"
2026-01-20 17:21:39,control_received,"{""action"": ""normal"", ""speed_limit"": 60, ""reason"": ""normal""}"
2026-01-20 22:59:55,reduce_speed,"{""action"": ""reduce_speed"", ""speed_limit"": 50, ""reason"": ""Moderate Congestion""}"
2026-01-20 22:59:58,normal,"{""action"": ""normal"", ""speed_limit"": 60, ""reason"": ""Free Flow""}"
2026-01-20 23:00:01,reduce_speed,"{""action"": ""reduce_speed"", ""speed_limit"": 40, ""reason"": ""Heavy Congestion""}"
2026-01-20 23:00:04,reduce_speed,"{""action"": ""reduce_speed"", ""speed_limit"": 40, ""reason"": ""Heavy Congestion""}"
2026-01-20 23:00:07,reduce_speed,"{""action"": ""reduce_speed"", ""speed_limit"": 40, ""reason"": ""Heavy Congestion""}"
2026-01-20 23:00:10,reduce_speed,"{""action"": ""reduce_speed"", ""speed_limit"": 50, ""reason"": ""Moderate Congestion""}"
2026-01-20 23:00:13,normal,"{""action"": ""normal"", ""speed_limit"": 60, ""reason"": ""Free Flow""}"
2026-01-20 23:00:16,normal,"{""action"": ""normal"", ""speed_limit"": 60, ""reason"": ""Free Flow""}"
2026-01-20 23:00:19,normal,"{""action"": ""normal"", ""speed_limit"": 60, ""reason"": ""Free Flow""}"
2026-01-20 23:00:22,reduce_speed,"{""action"": ""reduce_speed"", ""speed_limit"": 40, ""reason"": ""Heavy Congestion""}"
2026-01-20 23:00:25,normal,"{""action"": ""normal"", ""speed_limit"": 60, ""reason"": ""Free Flow""}"
2026-01-20 23:00:28,reduce_speed,"{""action"": ""reduce_speed"", ""speed_limit"": 50, ""reason"": ""Moderate Congestion""}"
2026-01-20 23:00:31,reduce_speed,"{""action"": ""reduce_speed"", ""speed_limit"": 50, ""reason"": ""Moderate Congestion""}"
2026-01-20 23:00:34,reduce_speed,"{""action"": ""reduce_speed"", ""speed_limit"": 50, ""reason"": ""Moderate Congestion""}"
2026-01-20 23:00:37,normal,"{""action"": ""normal"", ""speed_limit"": 60, ""reason"": ""Free Flow""}"
2026-01-20 23:00:40,reduce_speed,"{""action"": ""reduce_speed"", ""speed_limit"": 40, ""reason"": ""Heavy Congestion""}"
2026-01-20 23:00:43,reduce_speed,"{""action"": ""reduce_speed"", ""speed_limit"": 40, ""reason"": ""Heavy Congestion""}"
2026-01-20 23:00:43,priority_mode,"{""action"": ""priority_mode"", ""signal"": ""green"", ""speed_limit"": 30, ""reason"": ""Ambulance Detected""}"
2026-01-20 23:00:46,normal,"{""action"": ""normal"", ""speed_limit"": 60, ""reason"": ""Free Flow""}"
2026-01-20 23:00:49,reduce_speed,"{""action"": ""reduce_speed"", ""speed_limit"": 50, ""reason"": ""Moderate Congestion""}"
2026-01-20 23:00:52,reduce_speed,"{""action"": ""reduce_speed"", ""speed_limit"": 50, ""reason"": ""Moderate Congestion""}"
2026-01-20 23:00:55,reduce_speed,"{""action"": ""reduce_speed"", ""speed_limit"": 40, ""reason"": ""Heavy Congestion""}"
2026-01-20 23:00:58,reduce_speed,"{""action"": ""reduce_speed"", ""speed_limit"": 50, ""reason"": ""Moderate Congestion""}"
2026-01-20 23:01:01,reduce_speed,"{""action"": ""reduce_speed"", ""speed_limit"": 50, ""reason"": ""Moderate Congestion""}"
2026-01-20 23:01:04,normal,"{""action"": ""normal"", ""speed_limit"": 60, ""reason"": ""Free Flow""}"
2026-01-20 23:01:07,reduce_speed,"{""action"": ""reduce_speed"", ""speed_limit"": 50, ""reason"": ""Moderate Congestion""}"
2026-01-20 23:01:10,reduce_speed,"{""action"": ""reduce_speed"", ""speed_limit"": 40, ""reason"": ""Heavy Congestion""}"
2026-01-20 23:01:13,reduce_speed,"{""action"": ""reduce_speed"", ""speed_limit"": 50, ""reason"": ""Moderate Congestion""}"
2026-01-20 23:01:15,priority_mode,"{""action"": ""priority_mode"", ""signal"": ""green"", ""speed_limit"": 30, ""reason"": ""Ambulance Detected""}"
2026-01-20 23:01:16,reduce_speed,"{""action"": ""reduce_speed"", ""speed_limit"": 40, ""reason"": ""Heavy Congestion""}"
2026-01-20 23:01:19,reduce_speed,"{""action"": ""reduce_speed"", ""speed_limit"": 40, ""reason"": ""Heavy Congestion""}"
2026-01-20 23:01:20,priority_mode,"{""action"": ""priority_mode"", ""signal"": ""green"", ""speed_limit"": 30, ""reason"": ""Ambulance Detected""}"
2026-01-20 23:01:22,reduce_speed,"{""action"": ""reduce_speed"", ""speed_limit"": 40, ""reason"": ""Heavy Congestion""}"
2026-01-20 23:01:25,reduce_speed,"{""action"": ""reduce_speed"", ""speed_limit"": 50, ""reason"": ""Moderate Congestion""}"
2026-01-20 23:01:28,reduce_speed,"{""action"": ""reduce_speed"", ""speed_limit"": 40, ""reason"": ""Heavy Congestion""}"
2026-01-20 23:01:31,normal,"{""action"": ""normal"", ""speed_limit"": 60, ""reason"": ""Free Flow""}"
2026-01-20 23:09:41,normal,"{""action"": ""normal"", ""speed_limit"": 60, ""reason"": ""Free Flow""}"
2026-01-20 23:09:44,reduce_speed,"{""action"": ""reduce_speed"", ""speed_limit"": 50, ""reason"": ""Moderate Congestion""}"
2026-01-20 23:09:47,reduce_speed,"{""action"": ""reduce_speed"", ""speed_limit"": 50, ""reason"": ""Moderate Congestion""}"
2026-01-20 23:09:50,normal,"{""action"": ""normal"", ""speed_limit"": 60, ""reason"": ""Free Flow""}"
2026-01-20 23:09:53,reduce_speed,"{""action"": ""reduce_speed"", ""speed_limit"": 40, ""reason"": ""Heavy Congestion""}"
2026-01-20 23:09:56,reduce_speed,"{""action"": ""reduce_speed"", ""speed_limit"": 40, ""reason"": ""Heavy Congestion""}"
2026-01-20 23:09:59,normal,"{""action"": ""normal"", ""speed_limit"": 60, ""reason"": ""Free Flow""}"
2026-01-20 23:10:02,reduce_speed,"{""action"": ""reduce_speed"", ""speed_limit"": 40, ""reason"": ""Heavy Congestion""}"
2026-01-20 23:10:05,normal,"{""action"": ""normal"", ""speed_limit"": 60, ""reason"": ""Free Flow""}"
2026-01-20 23:10:08,reduce_speed,"{""action"": ""reduce_speed"", ""speed_limit"": 40, ""reason"": ""Heavy Congestion""}"
2026-01-20 23:10:11,normal,"{""action"": ""normal"", ""speed_limit"": 60, ""reason"": ""Free Flow""}"
2026-01-20 23:10:14,normal,"{""action"": ""normal"", ""speed_limit"": 60, ""reason"": ""Free Flow""}"
2026-01-20 23:10:17,reduce_speed,"{""action"": ""reduce_speed"", ""speed_limit"": 40, ""reason"": ""Heavy Congestion""}"
2026-01-20 23:10:20,normal,"{""action"": ""normal"", ""speed_limit"": 60, ""reason"": ""Free Flow""}"
2026-01-20 23:10:23,reduce_speed,"{""action"": ""reduce_speed"", ""speed_limit"": 50, ""reason"": ""Moderate Congestion""}"
2026-01-20 23:10:26,reduce_speed,"{""action"": ""reduce_speed"", ""speed_limit"": 40, ""reason"": ""Heavy Congestion""}"
2026-01-20 23:10:29,reduce_speed,"{""action"": ""reduce_speed"", ""speed_limit"": 40, ""reason"": ""Heavy Congestion""}"
2026-01-20 23:10:32,normal,"{""action"": ""normal"", ""speed_limit"": 60, ""reason"": ""Free Flow""}"
2026-01-20 23:10:35,reduce_speed,"{""action"": ""reduce_speed"", ""speed_limit"": 50, ""reason"": ""Moderate Congestion""}"
2026-01-20 23:10:38,normal,"{""action"": ""normal"", ""speed_limit"": 60, ""reason"": ""Free Flow""}"
2026-01-20 23:10:41,reduce_speed,"{""action"": ""reduce_speed"", ""speed_limit"": 50, ""reason"": ""Moderate Congestion""}"
2026-01-20 23:10:44,reduce_speed,"{""action"": ""reduce_speed"", ""speed_limit"": 50, ""reason"": ""Moderate Congestion""}"
2026-01-20 23:10:47,normal,"{""action"": ""normal"", ""speed_limit"": 60, ""reason"": ""Free Flow""}"
2026-01-20 23:10:50,reduce_speed,"{""action"": ""reduce_speed"", ""speed_limit"": 50, ""reason"": ""Moderate Congestion""}"
2026-01-20 23:10:53,reduce_speed,"{""action"": ""reduce_speed"", ""speed_limit"": 50, ""reason"": ""Moderate Congestion""}"
2026-01-20 23:10:56,reduce_speed,"{""action"": ""reduce_speed"", ""speed_limit"": 50, ""reason"": ""Moderate Congestion""}"
2026-01-20 23:10:59,reduce_speed,"{""action"": ""reduce_speed"", ""speed_limit"": 40, ""reason"": ""Heavy Congestion""}"
2026-01-20 23:11:02,reduce_speed,"{""action"": ""reduce_speed"", ""speed_limit"": 50, ""reason"": ""Moderate Congestion""}"
2026-01-20 23:11:05,normal,"{""action"": ""normal"", ""speed_limit"": 60, ""reason"": ""Free Flow""}"
2026-01-20 23:11:08,reduce_speed,"{""action"": ""reduce_speed"", ""speed_limit"": 50, ""reason"": ""Moderate Congestion""}"
2026-01-20 23:11:11,reduce_speed,"{""action"": ""reduce_speed"", ""speed_limit"": 50, ""reason"": ""Moderate Congestion""}"
2026-01-20 23:11:14,reduce_speed,"{""action"": ""reduce_speed"", ""speed_limit"": 40, ""reason"": ""Heavy Congestion""}"
2026-01-20 23:11:17,reduce_speed,"{""action"": ""reduce_speed"", ""speed_limit"": 50, ""reason"": ""Moderate Congestion""}"
2026-01-20 23:11:20,reduce_speed,"{""action"": ""reduce_speed"", ""speed_limit"": 50, ""reason"": ""Moderate Congestion""}"
2026-01-20 23:11:23,normal,"{""action"": ""normal"", ""speed_limit"": 60, ""reason"": ""Free Flow""}"
2026-01-20 23:11:26,reduce_speed,"{""action"": ""reduce_speed"", ""speed_limit"": 50, ""reason"": ""Moderate Congestion""}"
2026-01-20 23:11:29,normal,"{""action"": ""normal"", ""speed_limit"": 60, ""reason"": ""Free Flow""}"
2026-01-20 23:11:30,priority_mode,"{""action"": ""priority_mode"", ""signal"": ""green"", ""speed_limit"": 30, ""reason"": ""Ambulance Detected""}"
2026-01-20 23:11:32,reduce_speed,"{""action"": ""reduce_speed"", ""speed_limit"": 50, ""reason"": ""Moderate Congestion""}"
2026-01-20 23:11:35,reduce_speed,"{""action"": ""reduce_speed"", ""speed_limit"": 40, ""reason"": ""Heavy Congestion""}"
2026-01-20 23:11:38,reduce_speed,"{""action"": ""reduce_speed"", ""speed_limit"": 50, ""reason"": ""Moderate Congestion""}"
2026-01-20 23:11:41,reduce_speed,"{""action"": ""reduce_speed"", ""speed_limit"": 50, ""reason"": ""Moderate Congestion""}"
2026-01-20 23:11:44,reduce_speed,"{""action"": ""reduce_speed"", ""speed_limit"": 40, ""reason"": ""Heavy Congestion""}"
2026-01-20 23:11:47,reduce_speed,"{""action"": ""reduce_speed"", ""speed_limit"": 50, ""reason"": ""Moderate Congestion""}"
2026-01-20 23:11:50,normal,"{""action"": ""normal"", ""speed_limit"": 60, ""reason"": ""Free Flow""}"
2026-01-20 23:11:53,reduce_speed,"{""action"": ""reduce_speed"", ""speed_limit"": 50, ""reason"": ""Moderate Congestion""}"
2026-01-20 23:11:56,reduce_speed,"{""action"": ""reduce_speed"", ""speed_limit"": 40, ""reason"": ""Heavy Congestion""}"
2026-01-20 23:11:59,normal,"{""action"": ""normal"", ""speed_limit"": 60, ""reason"": ""Free Flow""}"
2026-01-20 23:12:02,reduce_speed,"{""action"": ""reduce_speed"", ""speed_limit"": 50, ""reason"": ""Moderate Congestion""}"
2026-01-21 10:20:20,reduce_speed,"{""action"": ""reduce_speed"", ""speed_limit"": 50, ""reason"": ""Moderate Congestion""}"
2026-01-21 10:20:23,normal,"{""action"": ""normal"", ""speed_limit"": 60, ""reason"": ""Free Flow""}"
2026-01-21 10:20:26,normal,"{""action"": ""normal"", ""speed_limit"": 60, ""reason"": ""Free Flow""}"
2026-01-21 10:20:29,reduce_speed,"{""action"": ""reduce_speed"", ""speed_limit"": 50, ""reason"": ""Moderate Congestion""}"
2026-01-21 10:20:32,reduce_speed,"{""action"": ""reduce_speed"", ""speed_limit"": 40, ""reason"": ""Heavy Congestion""}"
2026-01-21 10:20:35,reduce_speed,"{""action"": ""reduce_speed"", ""speed_limit"": 40, ""reason"": ""Heavy Congestion""}"
2026-01-21 10:20:38,normal,"{""action"": ""normal"", ""speed_limit"": 60, ""reason"": ""Free Flow""}"
2026-01-21 10:20:41,reduce_speed,"{""action"": ""reduce_speed"", ""speed_limit"": 40, ""reason"": ""Heavy Congestion""}"
2026-01-21 10:20:44,reduce_speed,"{""action"": ""reduce_speed"", ""speed_limit"": 50, ""reason"": ""Moderate Congestion""}"
2026-01-21 10:20:47,normal,"{""action"": ""normal"", ""speed_limit"": 60, ""reason"": ""Free Flow""}"
2026-01-21 10:20:50,normal,"{""action"": ""normal"", ""speed_limit"": 60, ""reason"": ""Free Flow""}"
2026-01-21 10:20:53,normal,"{""action"": ""normal"", ""speed_limit"": 60, ""reason"": ""Free Flow""}"
2026-01-21 10:20:56,normal,"{""action"": ""normal"", ""speed_limit"": 60, ""reason"": ""Free Flow""}"
2026-01-21 10:20:59,reduce_speed,"{""action"": ""reduce_speed"", ""speed_limit"": 50, ""reason"": ""Moderate Congestion""}"
2026-01-21 10:21:02,reduce_speed,"{""action"": ""reduce_speed"", ""speed_limit"": 40, ""reason"": ""Heavy Congestion""}"
2026-01-21 10:21:05,normal,"{""action"": ""normal"", ""speed_limit"": 60, ""reason"": ""Free Flow""}"
2026-01-21 10:21:08,reduce_speed,"{""action"": ""reduce_speed"", ""speed_limit"": 40, ""reason"": ""Heavy Congestion""}"
2026-01-21 10:21:11,normal,"{""action"": ""normal"", ""speed_limit"": 60, ""reason"": ""Free Flow""}"
2026-01-21 10:21:14,normal,"{""action"": ""normal"", ""speed_limit"": 60, ""reason"": ""Free Flow""}"
2026-01-21 10:21:17,normal,"{""action"": ""normal"", ""speed_limit"": 60, ""reason"": ""Free Flow""}"
2026-01-21 10:21:20,reduce_speed,"{""action"": ""reduce_speed"", ""speed_limit"": 40, ""reason"": ""Heavy Congestion""}"
2026-01-21 10:21:23,reduce_speed,"{""action"": ""reduce_speed"", ""speed_limit"": 50, ""reason"": ""Moderate Congestion""}"
2026-01-21 10:21:26,normal,"{""action"": ""normal"", ""speed_limit"": 60, ""reason"": ""Free Flow""}"
2026-01-21 10:21:29,normal,"{""action"": ""normal"", ""speed_limit"": 60, ""reason"": ""Free Flow""}"
2026-01-21 10:21:32,reduce_speed,"{""action"": ""reduce_speed"", ""speed_limit"": 40, ""reason"": ""Heavy Congestion""}"
2026-01-21 10:21:35,reduce_speed,"{""action"": ""reduce_speed"", ""speed_limit"": 50, ""reason"": ""Moderate Congestion""}"
2026-01-21 10:21:38,reduce_speed,"{""action"": ""reduce_speed"", ""speed_limit"": 50, ""reason"": ""Moderate Congestion""}"
2026-01-21 10:21:41,reduce_speed,"{""action"": ""reduce_speed"", ""speed_limit"": 50, ""reason"": ""Moderate Congestion""}"
2026-01-21 10:21:44,reduce_speed,"{""action"": ""reduce_speed"", ""speed_limit"": 40, ""reason"": ""Heavy Congestion""}"
2026-01-21 10:21:47,reduce_speed,"{""action"": ""reduce_speed"", ""speed_limit"": 40, ""reason"": ""Heavy Congestion""}"
2026-01-21 10:21:50,reduce_speed,"{""action"": ""reduce_speed"", ""speed_limit"": 50, ""reason"": ""Moderate Congestion""}"
2026-01-21 10:21:53,reduce_speed,"{""action"": ""reduce_speed"", ""speed_limit"": 50, ""reason"": ""Moderate Congestion""}"
2026-01-21 10:21:56,reduce_speed,"{""action"": ""reduce_speed"", ""speed_limit"": 50, ""reason"": ""Moderate Congestion""}"
2026-01-21 10:21:59,reduce_speed,"{""action"": ""reduce_speed"", ""speed_limit"": 50, ""reason"": ""Moderate Congestion""}"
2026-01-21 10:22:02,reduce_speed,"{""action"": ""reduce_speed"", ""speed_limit"": 50, ""reason"": ""Moderate Congestion""}"
2026-01-21 10:22:05,normal,"{""action"": ""normal"", ""speed_limit"": 60, ""reason"": ""Free Flow""}"
2026-01-21 10:22:08,reduce_speed,"{""action"": ""reduce_speed"", ""speed_limit"": 40, ""reason"": ""Heavy Congestion""}"
2026-01-21 10:22:11,reduce_speed,"{""action"": ""reduce_speed"", ""speed_limit"": 50, ""reason"": ""Moderate Congestion""}"
2026-01-21 10:22:14,reduce_speed,"{""action"": ""reduce_speed"", ""speed_limit"": 40, ""reason"": ""Heavy Congestion""}"
2026-01-21 10:22:17,reduce_speed,"{""action"": ""reduce_speed"", ""speed_limit"": 50, ""reason"": ""Moderate Congestion""}"
2026-01-21 10:22:20,reduce_speed,"{""action"": ""reduce_speed"", ""speed_limit"": 40, ""reason"": ""Heavy Congestion""}"
2026-01-21 10:22:23,reduce_speed,"{""action"": ""reduce_speed"", ""speed_limit"": 40, ""reason"": ""Heavy Congestion""}"
2026-01-21 10:22:26,normal,"{""action"": ""normal"", ""speed_limit"": 60, ""reason"": ""Free Flow""}"
2026-01-21 10:22:29,normal,"{""action"": ""normal"", ""speed_limit"": 60, ""reason"": ""Free Flow""}"
2026-01-21 10:22:32,reduce_speed,"{""action"": ""reduce_speed"", ""speed_limit"": 50, ""reason"": ""Moderate Congestion""}"
2026-01-21 10:22:35,normal,"{""action"": ""normal"", ""speed_limit"": 60, ""reason"": ""Free Flow""}"
2026-01-21 10:22:38,normal,"{""action"": ""normal"", ""speed_limit"": 60, ""reason"": ""Free Flow""}"
2026-01-21 10:22:41,reduce_speed,"{""action"": ""reduce_speed"", ""speed_limit"": 50, ""reason"": ""Moderate Congestion""}"
2026-01-21 10:22:44,reduce_speed,"{""action"": ""reduce_speed"", ""speed_limit"": 40, ""reason"": ""Heavy Congestion""}"
2026-01-21 10:22:47,reduce_speed,"{""action"": ""reduce_speed"", ""speed_limit"": 50, ""reason"": ""Moderate Congestion""}"
2026-01-21 10:22:49,priority_mode,"{""action"": ""priority_mode"", ""signal"": ""green"", ""speed_limit"": 30, ""reason"": ""Ambulance Detected""}"
2026-01-21 10:22:50,reduce_speed,"{""action"": ""reduce_speed"", ""speed_limit"": 50, ""reason"": ""Moderate Congestion""}"
2026-01-21 10:22:53,reduce_speed,"{""action"": ""reduce_speed"", ""speed_limit"": 40, ""reason"": ""Heavy Congestion""}"
2026-01-21 10:22:56,reduce_speed,"{""action"": ""reduce_speed"", ""speed_limit"": 50, ""reason"": ""Moderate Congestion""}"
2026-01-21 10:22:59,normal,"{""action"": ""normal"", ""speed_limit"": 60, ""reason"": ""Free Flow""}"
2026-01-21 10:23:02,reduce_speed,"{""action"": ""reduce_speed"", ""speed_limit"": 50, ""reason"": ""Moderate Congestion""}"
2026-01-21 10:23:05,reduce_speed,"{""action"": ""reduce_speed"", ""speed_limit"": 40, ""reason"": ""Heavy Congestion""}"
2026-01-21 10:23:08,normal,"{""action"": ""normal"", ""speed_limit"": 60, ""reason"": ""Free Flow""}"
2026-01-21 10:23:11,reduce_speed,"{""action"": ""reduce_speed"", ""speed_limit"": 40, ""reason"": ""Heavy Congestion""}"
2026-01-21 10:23:14,reduce_speed,"{""action"": ""reduce_speed"", ""speed_limit"": 40, ""reason"": ""Heavy Congestion""}"
2026-01-21 10:23:17,reduce_speed,"{""action"": ""reduce_speed"", ""speed_limit"": 50, ""reason"": ""Moderate Congestion""}"
2026-01-21 10:23:20,reduce_speed,"{""action"": ""reduce_speed"", ""speed_limit"": 50, ""reason"": ""Moderate Congestion""}"
2026-01-21 10:23:23,normal,"{""action"": ""normal"", ""speed_limit"": 60, ""reason"": ""Free Flow""}"
2026-01-21 10:23:26,reduce_speed,"{""action"": ""reduce_speed"", ""speed_limit"": 50, ""reason"": ""Moderate Congestion""}"
2026-01-21 10:23:29,reduce_speed,"{""action"": ""reduce_speed"", ""speed_limit"": 50, ""reason"": ""Moderate Congestion""}"
2026-01-21 10:23:32,normal,"{""action"": ""normal"", ""speed_limit"": 60, ""reason"": ""Free Flow""}"
2026-01-21 10:23:35,reduce_speed,"{""action"": ""reduce_speed"", ""speed_limit"": 40, ""reason"": ""Heavy Congestion""}"
2026-01-21 10:23:38,normal,"{""action"": ""normal"", ""speed_limit"": 60, ""reason"": ""Free Flow""}"
2026-01-21 10:23:41,reduce_speed,"{""action"": ""reduce_speed"", ""speed_limit"": 40, ""reason"": ""Heavy Congestion""}"
2026-01-21 10:23:44,reduce_speed,"{""action"": ""reduce_speed"", ""speed_limit"": 50, ""reason"": ""Moderate Congestion""}"
2026-01-21 10:23:47,reduce_speed,"{""action"": ""reduce_speed"", ""speed_limit"": 50, ""reason"": ""Moderate Congestion""}"
2026-01-21 10:23:50,normal,"{""action"": ""normal"", ""speed_limit"": 60, ""reason"": ""Free Flow""}"
2026-01-21 10:23:53,reduce_speed,"{""action"": ""reduce_speed"", ""speed_limit"": 50, ""reason"": ""Moderate Congestion""}"
2026-01-21 10:23:56,normal,"{""action"": ""normal"", ""speed_limit"": 60, ""reason"": ""Free Flow""}"
2026-01-21 10:23:59,normal,"{""action"": ""normal"", ""speed_limit"": 60, ""reason"": ""Free Flow""}"
2026-01-21 10:24:02,reduce_speed,"{""action"": ""reduce_speed"", ""speed_limit"": 50, ""reason"": ""Moderate Congestion""}"
2026-01-21 10:24:05,normal,"{""action"": ""normal"", ""speed_limit"": 60, ""reason"": ""Free Flow""}"
2026-01-21 10:24:08,reduce_speed,"{""action"": ""reduce_speed"", ""speed_limit"": 50, ""reason"": ""Moderate Congestion""}"
2026-01-21 10:24:11,normal,"{""action"": ""normal"", ""speed_limit"": 60, ""reason"": ""Free Flow""}"
2026-01-21 10:24:14,normal,"{""action"": ""normal"", ""speed_limit"": 60, ""reason"": ""Free Flow""}"
2026-01-21 10:24:17,reduce_speed,"{""action"": ""reduce_speed"", ""speed_limit"": 50, ""reason"": ""Moderate Congestion""}"
2026-01-21 10:24:20,reduce_speed,"{""action"": ""reduce_speed"", ""speed_limit"": 50, ""reason"": ""Moderate Congestion""}"
2026-01-21 10:24:23,reduce_speed,"{""action"": ""reduce_speed"", ""speed_limit"": 40, ""reason"": ""Heavy Congestion""}"
2026-01-21 10:24:26,reduce_speed,"{""action"": ""reduce_speed"", ""speed_limit"": 40, ""reason"": ""Heavy Congestion""}"
2026-01-21 10:24:29,reduce_speed,"{""action"": ""reduce_speed"", ""speed_limit"": 40, ""reason"": ""Heavy Congestion""}"
2026-01-21 10:24:32,reduce_speed,"{""action"": ""reduce_speed"", ""speed_limit"": 40, ""reason"": ""Heavy Congestion""}"
2026-01-21 10:24:35,reduce_speed,"{""action"": ""reduce_speed"", ""speed_limit"": 40, ""reason"": ""Heavy Congestion""}"
2026-01-21 10:24:38,reduce_speed,"{""action"": ""reduce_speed"", ""speed_limit"": 50, ""reason"": ""Moderate Congestion""}"
2026-01-21 10:24:41,reduce_speed,"{""action"": ""reduce_speed"", ""speed_limit"": 50, ""reason"": ""Moderate Congestion""}"
2026-01-21 10:24:44,reduce_speed,"{""action"": ""reduce_speed"", ""speed_limit"": 50, ""reason"": ""Moderate Congestion""}"
2026-01-21 10:24:47,reduce_speed,"{""action"": ""reduce_speed"", ""speed_limit"": 40, ""reason"": ""Heavy Congestion""}"
2026-01-21 10:24:50,reduce_speed,"{""action"": ""reduce_speed"", ""speed_limit"": 50, ""reason"": ""Moderate Congestion""}"
2026-01-21 10:24:53,normal,"{""action"": ""normal"", ""speed_limit"": 60, ""reason"": ""Free Flow""}"
2026-01-21 10:24:56,normal,"{""action"": ""normal"", ""speed_limit"": 60, ""reason"": ""Free Flow""}"
2026-01-21 10:24:59,normal,"{""action"": ""normal"", ""speed_limit"": 60, ""reason"": ""Free Flow""}"
2026-01-21 10:25:02,reduce_speed,"{""action"": ""reduce_speed"", ""speed_limit"": 50, ""reason"": ""Moderate Congestion""}"
2026-01-21 10:25:05,normal,"{""action"": ""normal"", ""speed_limit"": 60, ""reason"": ""Free Flow""}"
2026-01-21 10:25:08,reduce_speed,"{""action"": ""reduce_speed"", ""speed_limit"": 40, ""reason"": ""Heavy Congestion""}"
2026-01-21 10:25:11,reduce_speed,"{""action"": ""reduce_speed"", ""speed_limit"": 50, ""reason"": ""Moderate Congestion""}"
2026-01-21 10:25:14,reduce_speed,"{""action"": ""reduce_speed"", ""speed_limit"": 40, ""reason"": ""Heavy Congestion""}"
2026-01-21 10:25:17,normal,"{""action"": ""normal"", ""speed_limit"": 60, ""reason"": ""Free Flow""}"
2026-01-21 10:25:20,reduce_speed,"{""action"": ""reduce_speed"", ""speed_limit"": 40, ""reason"": ""Heavy Congestion""}"
2026-01-21 10:25:23,normal,"{""action"": ""normal"", ""speed_limit"": 60, ""reason"": ""Free Flow""}"
2026-01-21 10:25:26,reduce_speed,"{""action"": ""reduce_speed"", ""speed_limit"": 50, ""reason"": ""Moderate Congestion""}"
2026-01-21 10:25:29,reduce_speed,"{""action"": ""reduce_speed"", ""speed_limit"": 50, ""reason"": ""Moderate Congestion""}"
2026-01-21 10:25:32,reduce_speed,"{""action"": ""reduce_speed"", ""speed_limit"": 40, ""reason"": ""Heavy Congestion""}"
2026-01-21 10:25:35,reduce_speed,"{""action"": ""reduce_speed"", ""speed_limit"": 40, ""reason"": ""Heavy Congestion""}"
2026-01-21 10:25:38,normal,"{""action"": ""normal"", ""speed_limit"": 60, ""reason"": ""Free Flow""}"
2026-01-21 10:25:41,reduce_speed,"{""action"": ""reduce_speed"", ""speed_limit"": 50, ""reason"": ""Moderate Congestion""}"
2026-01-21 10:25:44,normal,"{""action"": ""normal"", ""speed_limit"": 60, ""reason"": ""Free Flow""}"
2026-01-21 10:25:47,reduce_speed,"{""action"": ""reduce_speed"", ""speed_limit"": 40, ""reason"": ""Heavy Congestion""}"
2026-01-21 10:25:50,reduce_speed,"{""action"": ""reduce_speed"", ""speed_limit"": 50, ""reason"": ""Moderate Congestion""}"
2026-01-21 10:25:53,reduce_speed,"{""action"": ""reduce_speed"", ""speed_limit"": 50, ""reason"": ""Moderate Congestion""}"
2026-01-21 10:25:56,reduce_speed,"{""action"": ""reduce_speed"", ""speed_limit"": 40, ""reason"": ""Heavy Congestion""}"
2026-01-21 10:25:59,normal,"{""action"": ""normal"", ""speed_limit"": 60, ""reason"": ""Free Flow""}"
2026-01-21 10:26:02,reduce_speed,"{""action"": ""reduce_speed"", ""speed_limit"": 40, ""reason"": ""Heavy Congestion""}"
2026-01-21 10:26:05,normal,"{""action"": ""normal"", ""speed_limit"": 60, ""reason"": ""Free Flow""}"
2026-01-21 10:26:08,reduce_speed,"{""action"": ""reduce_speed"", ""speed_limit"": 50, ""reason"": ""Moderate Congestion""}"
2026-01-21 10:26:11,reduce_speed,"{""action"": ""reduce_speed"", ""speed_limit"": 40, ""reason"": ""Heavy Congestion""}"
2026-01-21 10:26:14,reduce_speed,"{""action"": ""reduce_speed"", ""speed_limit"": 50, ""reason"": ""Moderate Congestion""}"
2026-01-21 10:26:17,reduce_speed,"{""action"": ""reduce_speed"", ""speed_limit"": 40, ""reason"": ""Heavy Congestion""}"
2026-01-21 10:26:20,normal,"{""action"": ""normal"", ""speed_limit"": 60, ""reason"": ""Free Flow""}"
2026-01-21 10:26:23,reduce_speed,"{""action"": ""reduce_speed"", ""speed_limit"": 50, ""reason"": ""Moderate Congestion""}"
2026-01-21 10:26:26,reduce_speed,"{""action"": ""reduce_speed"", ""speed_limit"": 40, ""reason"": ""Heavy Congestion""}"
2026-01-21 10:26:29,reduce_speed,"{""action"": ""reduce_speed"", ""speed_limit"": 50, ""reason"": ""Moderate Congestion""}"
2026-01-21 10:26:32,normal,"{""action"": ""normal"", ""speed_limit"": 60, ""reason"": ""Free Flow""}"
2026-01-21 10:26:35,reduce_speed,"{""action"": ""reduce_speed"", ""speed_limit"": 50, ""reason"": ""Moderate Congestion""}"
2026-01-21 10:26:38,normal,"{""action"": ""normal"", ""speed_limit"": 60, ""reason"": ""Free Flow""}"
2026-01-21 10:26:41,reduce_speed,"{""action"": ""reduce_speed"", ""speed_limit"": 50, ""reason"": ""Moderate Congestion""}"
2026-01-21 10:26:44,normal,"{""action"": ""normal"", ""speed_limit"": 60, ""reason"": ""Free Flow""}"
2026-01-21 10:26:47,normal,"{""action"": ""normal"", ""speed_limit"": 60, ""reason"": ""Free Flow""}"
2026-01-21 10:26:50,normal,"{""action"": ""normal"", ""speed_limit"": 60, ""reason"": ""Free Flow""}"
2026-01-21 10:26:53,normal,"{""action"": ""normal"", ""speed_limit"": 60, ""reason"": ""Free Flow""}"
2026-01-21 10:26:56,reduce_speed,"{""action"": ""reduce_speed"", ""speed_limit"": 40, ""reason"": ""Heavy Congestion""}"
2026-01-21 10:26:59,reduce_speed,"{""action"": ""reduce_speed"", ""speed_limit"": 50, ""reason"": ""Moderate Congestion""}"
2026-01-21 10:27:02,reduce_speed,"{""action"": ""reduce_speed"", ""speed_limit"": 50, ""reason"": ""Moderate Congestion""}"
2026-01-21 10:27:05,reduce_speed,"{""action"": ""reduce_speed"", ""speed_limit"": 40, ""reason"": ""Heavy Congestion""}"
2026-01-21 10:27:08,reduce_speed,"{""action"": ""reduce_speed"", ""speed_limit"": 40, ""reason"": ""Heavy Congestion""}"
2026-01-21 10:27:11,normal,"{""action"": ""normal"", ""speed_limit"": 60, ""reason"": ""Free Flow""}"
2026-01-21 10:27:14,reduce_speed,"{""action"": ""reduce_speed"", ""speed_limit"": 40, ""reason"": ""Heavy Congestion""}"
2026-01-21 10:27:17,reduce_speed,"{""action"": ""reduce_speed"", ""speed_limit"": 40, ""reason"": ""Heavy Congestion""}"
2026-01-21 10:27:20,reduce_speed,"{""action"": ""reduce_speed"", ""speed_limit"": 40, ""reason"": ""Heavy Congestion""}"
2026-01-21 10:27:23,reduce_speed,"{""action"": ""reduce_speed"", ""speed_limit"": 50, ""reason"": ""Moderate Congestion""}"
2026-01-21 10:27:26,reduce_speed,"{""action"": ""reduce_speed"", ""speed_limit"": 40, ""reason"": ""Heavy Congestion""}"
2026-01-21 10:27:29,reduce_speed,"{""action"": ""reduce_speed"", ""speed_limit"": 50, ""reason"": ""Moderate Congestion""}"
2026-01-21 10:27:32,reduce_speed,"{""action"": ""reduce_speed"", ""speed_limit"": 40, ""reason"": ""Heavy Congestion""}"
2026-01-21 10:27:35,reduce_speed,"{""action"": ""reduce_speed"", ""speed_limit"": 40, ""reason"": ""Heavy Congestion""}"
2026-01-21 10:27:38,reduce_speed,"{""action"": ""reduce_speed"", ""speed_limit"": 40, ""reason"": ""Heavy Congestion""}"
2026-01-21 10:27:41,normal,"{""action"": ""normal"", ""speed_limit"": 60, ""reason"": ""Free Flow""}"
2026-01-21 10:27:44,normal,"{""action"": ""normal"", ""speed_limit"": 60, ""reason"": ""Free Flow""}"
2026-01-21 10:27:47,reduce_speed,"{""action"": ""reduce_speed"", ""speed_limit"": 50, ""reason"": ""Moderate Congestion""}"
2026-01-21 10:27:50,reduce_speed,"{""action"": ""reduce_speed"", ""speed_limit"": 40, ""reason"": ""Heavy Congestion""}"
2026-01-21 10:27:53,reduce_speed,"{""action"": ""reduce_speed"", ""speed_limit"": 40, ""reason"": ""Heavy Congestion""}"
2026-01-21 10:27:56,normal,"{""action"": ""normal"", ""speed_limit"": 60, ""reason"": ""Free Flow""}"
2026-01-21 10:27:59,normal,"{""action"": ""normal"", ""speed_limit"": 60, ""reason"": ""Free Flow""}"
2026-01-21 10:28:02,reduce_speed,"{""action"": ""reduce_speed"", ""speed_limit"": 40, ""reason"": ""Heavy Congestion""}"
2026-01-21 10:28:05,reduce_speed,"{""action"": ""reduce_speed"", ""speed_limit"": 40, ""reason"": ""Heavy Congestion""}"
2026-01-21 10:28:08,normal,"{""action"": ""normal"", ""speed_limit"": 60, ""reason"": ""Free Flow""}"
2026-01-21 10:28:11,normal,"{""action"": ""normal"", ""speed_limit"": 60, ""reason"": ""Free Flow""}"
2026-01-21 10:28:14,normal,"{""action"": ""normal"", ""speed_limit"": 60, ""reason"": ""Free Flow""}"
2026-01-21 10:28:17,reduce_speed,"{""action"": ""reduce_speed"", ""speed_limit"": 40, ""reason"": ""Heavy Congestion""}"
2026-01-21 10:28:20,normal,"{""action"": ""normal"", ""speed_limit"": 60, ""reason"": ""Free Flow""}"
2026-01-21 10:28:23,normal,"{""action"": ""normal"", ""speed_limit"": 60, ""reason"": ""Free Flow""}"
2026-01-21 10:28:26,reduce_speed,"{""action"": ""reduce_speed"", ""speed_limit"": 40, ""reason"": ""Heavy Congestion""}"
2026-01-21 10:28:29,reduce_speed,"{""action"": ""reduce_speed"", ""speed_limit"": 50, ""reason"": ""Moderate Congestion""}"
2026-01-21 10:28:32,reduce_speed,"{""action"": ""reduce_speed"", ""speed_limit"": 50, ""reason"": ""Moderate Congestion""}"
2026-01-21 10:28:35,normal,"{""action"": ""normal"", ""speed_limit"": 60, ""reason"": ""Free Flow""}"
2026-01-21 10:28:38,reduce_speed,"{""action"": ""reduce_speed"", ""speed_limit"": 40, ""reason"": ""Heavy Congestion""}"
2026-01-21 10:28:41,normal,"{""action"": ""normal"", ""speed_limit"": 60, ""reason"": ""Free Flow""}"
2026-01-21 10:28:44,reduce_speed,"{""action"": ""reduce_speed"", ""speed_limit"": 50, ""reason"": ""Moderate Congestion""}"
2026-01-21 10:28:47,reduce_speed,"{""action"": ""reduce_speed"", ""speed_limit"": 40, ""reason"": ""Heavy Congestion""}"
2026-01-21 10:28:50,normal,"{""action"": ""normal"", ""speed_limit"": 60, ""reason"": ""Free Flow""}"
2026-01-21 10:28:53,reduce_speed,"{""action"": ""reduce_speed"", ""speed_limit"": 50, ""reason"": ""Moderate Congestion""}"
2026-01-21 10:28:56,reduce_speed,"{""action"": ""reduce_speed"", ""speed_limit"": 50, ""reason"": ""Moderate Congestion""}"
2026-01-21 10:28:59,reduce_speed,"{""action"": ""reduce_speed"", ""speed_limit"": 40, ""reason"": ""Heavy Congestion""}"
2026-01-21 10:29:02,reduce_speed,"{""action"": ""reduce_speed"", ""speed_limit"": 50, ""reason"": ""Moderate Congestion""}"
2026-01-21 10:29:05,reduce_speed,"{""action"": ""reduce_speed"", ""speed_limit"": 50, ""reason"": ""Moderate Congestion""}"
2026-01-21 10:29:08,reduce_speed,"{""action"": ""reduce_speed"", ""speed_limit"": 40, ""reason"": ""Heavy Congestion""}"
2026-01-21 10:29:11,reduce_speed,"{""action"": ""reduce_speed"", ""speed_limit"": 50, ""reason"": ""Moderate Congestion""}"
2026-01-21 10:29:14,reduce_speed,"{""action"": ""reduce_speed"", ""speed_limit"": 50, ""reason"": ""Moderate Congestion""}"
2026-01-21 10:29:17,reduce_speed,"{""action"": ""reduce_speed"", ""speed_limit"": 40, ""reason"": ""Heavy Congestion""}"
2026-01-21 10:29:20,reduce_speed,"{""action"": ""reduce_speed"", ""speed_limit"": 50, ""reason"": ""Moderate Congestion""}"
2026-01-21 10:29:23,reduce_speed,"{""action"": ""reduce_speed"", ""speed_limit"": 40, ""reason"": ""Heavy Congestion""}"
2026-01-21 10:29:26,reduce_speed,"{""action"": ""reduce_speed"", ""speed_limit"": 50, ""reason"": ""Moderate Congestion""}"
2026-01-21 10:29:29,reduce_speed,"{""action"": ""reduce_speed"", ""speed_limit"": 50, ""reason"": ""Moderate Congestion""}"
2026-01-21 10:29:32,reduce_speed,"{""action"": ""reduce_speed"", ""speed_limit"": 50, ""reason"": ""Moderate Congestion""}"
2026-01-21 10:29:35,reduce_speed,"{""action"": ""reduce_speed"", ""speed_limit"": 50, ""reason"": ""Moderate Congestion""}"
2026-01-21 10:29:38,reduce_speed,"{""action"": ""reduce_speed"", ""speed_limit"": 50, ""reason"": ""Moderate Congestion""}"
2026-01-21 10:29:41,reduce_speed,"{""action"": ""reduce_speed"", ""speed_limit"": 50, ""reason"": ""Moderate Congestion""}"
2026-01-21 10:29:44,normal,"{""action"": ""normal"", ""speed_limit"": 60, ""reason"": ""Free Flow""}"
2026-01-21 10:29:47,normal,"{""action"": ""normal"", ""speed_limit"": 60, ""reason"": ""Free Flow""}"
2026-01-21 10:29:50,normal,"{""action"": ""normal"", ""speed_limit"": 60, ""reason"": ""Free Flow""}"
2026-01-21 10:29:53,normal,"{""action"": ""normal"", ""speed_limit"": 60, ""reason"": ""Free Flow""}"
2026-01-21 10:29:56,normal,"{""action"": ""normal"", ""speed_limit"": 60, ""reason"": ""Free Flow""}"
2026-01-21 10:29:59,reduce_speed,"{""action"": ""reduce_speed"", ""speed_limit"": 50, ""reason"": ""Moderate Congestion""}"
2026-01-21 10:30:02,normal,"{""action"": ""normal"", ""speed_limit"": 60, ""reason"": ""Free Flow""}"
2026-01-21 10:30:05,reduce_speed,"{""action"": ""reduce_speed"", ""speed_limit"": 40, ""reason"": ""Heavy Congestion""}"
2026-01-21 10:30:08,reduce_speed,"{""action"": ""reduce_speed"", ""speed_limit"": 50, ""reason"": ""Moderate Congestion""}"
2026-01-21 10:30:11,reduce_speed,"{""action"": ""reduce_speed"", ""speed_limit"": 40, ""reason"": ""Heavy Congestion""}"
2026-01-21 10:30:14,reduce_speed,"{""action"": ""reduce_speed"", ""speed_limit"": 50, ""reason"": ""Moderate Congestion""}"
2026-01-21 10:30:17,normal,"{""action"": ""normal"", ""speed_limit"": 60, ""reason"": ""Free Flow""}"
2026-01-21 10:30:20,normal,"{""action"": ""normal"", ""speed_limit"": 60, ""reason"": ""Free Flow""}"
2026-01-21 10:30:23,reduce_speed,"{""action"": ""reduce_speed"", ""speed_limit"": 50, ""reason"": ""Moderate Congestion""}"
2026-01-21 10:30:26,reduce_speed,"{""action"": ""reduce_speed"", ""speed_limit"": 50, ""reason"": ""Moderate Congestion""}"
2026-01-21 10:30:29,reduce_speed,"{""action"": ""reduce_speed"", ""speed_limit"": 50, ""reason"": ""Moderate Congestion""}"
2026-01-21 10:30:32,reduce_speed,"{""action"": ""reduce_speed"", ""speed_limit"": 40, ""reason"": ""Heavy Congestion""}"
2026-01-21 10:30:35,reduce_speed,"{""action"": ""reduce_speed"", ""speed_limit"": 40, ""reason"": ""Heavy Congestion""}"
2026-01-21 10:30:38,reduce_speed,"{""action"": ""reduce_speed"", ""speed_limit"": 40, ""reason"": ""Heavy Congestion""}"
2026-01-21 10:30:41,normal,"{""action"": ""normal"", ""speed_limit"": 60, ""reason"": ""Free Flow""}"
2026-01-21 10:30:44,reduce_speed,"{""action"": ""reduce_speed"", ""speed_limit"": 40, ""reason"": ""Heavy Congestion""}"
2026-01-21 10:30:47,normal,"{""action"": ""normal"", ""speed_limit"": 60, ""reason"": ""Free Flow""}"
2026-01-21 10:30:50,reduce_speed,"{""action"": ""reduce_speed"", ""speed_limit"": 40, ""reason"": ""Heavy Congestion""}"
2026-01-21 10:30:53,normal,"{""action"": ""normal"", ""speed_limit"": 60, ""reason"": ""Free Flow""}"
2026-01-21 10:30:56,reduce_speed,"{""action"": ""reduce_speed"", ""speed_limit"": 50, ""reason"": ""Moderate Congestion""}"
2026-01-21 10:30:59,normal,"{""action"": ""normal"", ""speed_limit"": 60, ""reason"": ""Free Flow""}"
2026-01-21 10:31:02,reduce_speed,"{""action"": ""reduce_speed"", ""speed_limit"": 50, ""reason"": ""Moderate Congestion""}"
2026-01-21 10:31:05,reduce_speed,"{""action"": ""reduce_speed"", ""speed_limit"": 50, ""reason"": ""Moderate Congestion""}"
2026-01-21 10:31:08,reduce_speed,"{""action"": ""reduce_speed"", ""speed_limit"": 40, ""reason"": ""Heavy Congestion""}"
2026-01-21 10:31:11,normal,"{""action"": ""normal"", ""speed_limit"": 60, ""reason"": ""Free Flow""}"
2026-01-21 10:31:14,normal,"{""action"": ""normal"", ""speed_limit"": 60, ""reason"": ""Free Flow""}"
2026-01-21 10:31:17,reduce_speed,"{""action"": ""reduce_speed"", ""speed_limit"": 40, ""reason"": ""Heavy Congestion""}"
2026-01-21 10:31:20,reduce_speed,"{""action"": ""reduce_speed"", ""speed_limit"": 50, ""reason"": ""Moderate Congestion""}"
2026-01-21 10:31:23,normal,"{""action"": ""normal"", ""speed_limit"": 60, ""reason"": ""Free Flow""}"
2026-01-21 10:31:26,reduce_speed,"{""action"": ""reduce_speed"", ""speed_limit"": 50, ""reason"": ""Moderate Congestion""}"
2026-01-21 10:31:29,normal,"{""action"": ""normal"", ""speed_limit"": 60, ""reason"": ""Free Flow""}"
2026-01-21 10:31:32,normal,"{""action"": ""normal"", ""speed_limit"": 60, ""reason"": ""Free Flow""}"
2026-01-21 10:31:35,normal,"{""action"": ""normal"", ""speed_limit"": 60, ""reason"": ""Free Flow""}"
2026-01-21 10:31:38,reduce_speed,"{""action"": ""reduce_speed"", ""speed_limit"": 50, ""reason"": ""Moderate Congestion""}"
2026-01-21 10:31:41,normal,"{""action"": ""normal"", ""speed_limit"": 60, ""reason"": ""Free Flow""}"
2026-01-21 10:31:44,reduce_speed,"{""action"": ""reduce_speed"", ""speed_limit"": 50, ""reason"": ""Moderate Congestion""}"
2026-01-21 10:31:47,reduce_speed,"{""action"": ""reduce_speed"", ""speed_limit"": 50, ""reason"": ""Moderate Congestion""}"
2026-01-21 10:31:50,normal,"{""action"": ""normal"", ""speed_limit"": 60, ""reason"": ""Free Flow""}"
2026-01-21 10:31:54,reduce_speed,"{""action"": ""reduce_speed"", ""speed_limit"": 50, ""reason"": ""Moderate Congestion""}"
2026-01-21 10:31:57,reduce_speed,"{""action"": ""reduce_speed"", ""speed_limit"": 50, ""reason"": ""Moderate Congestion""}"
2026-01-21 10:32:00,reduce_speed,"{""action"": ""reduce_speed"", ""speed_limit"": 50, ""reason"": ""Moderate Congestion""}"
2026-01-21 10:32:03,reduce_speed,"{""action"": ""reduce_speed"", ""speed_limit"": 40, ""reason"": ""Heavy Congestion""}"
2026-01-21 10:32:06,reduce_speed,"{""action"": ""reduce_speed"", ""speed_limit"": 40, ""reason"": ""Heavy Congestion""}"
2026-01-21 10:32:09,normal,"{""action"": ""normal"", ""speed_limit"": 60, ""reason"": ""Free Flow""}"
2026-01-21 10:32:12,reduce_speed,"{""action"": ""reduce_speed"", ""speed_limit"": 50, ""reason"": ""Moderate Congestion""}"
2026-01-21 10:32:15,normal,"{""action"": ""normal"", ""speed_limit"": 60, ""reason"": ""Free Flow""}"
2026-01-21 10:32:18,reduce_speed,"{""action"": ""reduce_speed"", ""speed_limit"": 40, ""reason"": ""Heavy Congestion""}"
2026-01-21 10:32:21,reduce_speed,"{""action"": ""reduce_speed"", ""speed_limit"": 50, ""reason"": ""Moderate Congestion""}"
2026-01-21 10:32:24,reduce_speed,"{""action"": ""reduce_speed"", ""speed_limit"": 50, ""reason"": ""Moderate Congestion""}"
2026-01-21 10:32:27,reduce_speed,"{""action"": ""reduce_speed"", ""speed_limit"": 40, ""reason"": ""Heavy Congestion""}"
2026-01-21 10:32:30,normal,"{""action"": ""normal"", ""speed_limit"": 60, ""reason"": ""Free Flow""}"
2026-01-21 10:32:33,normal,"{""action"": ""normal"", ""speed_limit"": 60, ""reason"": ""Free Flow""}"
2026-01-21 10:32:36,reduce_speed,"{""action"": ""reduce_speed"", ""speed_limit"": 50, ""reason"": ""Moderate Congestion""}"
2026-01-21 10:32:39,reduce_speed,"{""action"": ""reduce_speed"", ""speed_limit"": 50, ""reason"": ""Moderate Congestion""}"
2026-01-21 10:32:42,reduce_speed,"{""action"": ""reduce_speed"", ""speed_limit"": 40, ""reason"": ""Heavy Congestion""}"
2026-01-21 10:32:45,reduce_speed,"{""action"": ""reduce_speed"", ""speed_limit"": 40, ""reason"": ""Heavy Congestion""}"
2026-01-21 10:32:48,reduce_speed,"{""action"": ""reduce_speed"", ""speed_limit"": 50, ""reason"": ""Moderate Congestion""}"
2026-01-21 10:32:51,reduce_speed,"{""action"": ""reduce_speed"", ""speed_limit"": 50, ""reason"": ""Moderate Congestion""}"
2026-01-21 10:32:54,reduce_speed,"{""action"": ""reduce_speed"", ""speed_limit"": 50, ""reason"": ""Moderate Congestion""}"
2026-01-21 10:32:57,normal,"{""action"": ""normal"", ""speed_limit"": 60, ""reason"": ""Free Flow""}"
2026-01-21 10:33:00,normal,"{""action"": ""normal"", ""speed_limit"": 60, ""reason"": ""Free Flow""}"
2026-01-21 10:33:03,normal,"{""action"": ""normal"", ""speed_limit"": 60, ""reason"": ""Free Flow""}"
2026-01-21 10:33:06,reduce_speed,"{""action"": ""reduce_speed"", ""speed_limit"": 50, ""reason"": ""Moderate Congestion""}"
2026-01-21 10:33:09,reduce_speed,"{""action"": ""reduce_speed"", ""speed_limit"": 50, ""reason"": ""Moderate Congestion""}"
2026-01-21 10:33:12,reduce_speed,"{""action"": ""reduce_speed"", ""speed_limit"": 40, ""reason"": ""Heavy Congestion""}"
2026-01-21 10:33:15,reduce_speed,"{""action"": ""reduce_speed"", ""speed_limit"": 40, ""reason"": ""Heavy Congestion""}"
2026-01-21 10:33:18,reduce_speed,"{""action"": ""reduce_speed"", ""speed_limit"": 50, ""reason"": ""Moderate Congestion""}"
2026-01-21 10:33:21,reduce_speed,"{""action"": ""reduce_speed"", ""speed_limit"": 50, ""reason"": ""Moderate Congestion""}"
2026-01-21 10:33:24,reduce_speed,"{""action"": ""reduce_speed"", ""speed_limit"": 40, ""reason"": ""Heavy Congestion""}"
2026-01-21 10:33:27,reduce_speed,"{""action"": ""reduce_speed"", ""speed_limit"": 50, ""reason"": ""Moderate Congestion""}"
2026-01-21 10:33:30,reduce_speed,"{""action"": ""reduce_speed"", ""speed_limit"": 50, ""reason"": ""Moderate Congestion""}"
2026-01-21 10:33:33,reduce_speed,"{""action"": ""reduce_speed"", ""speed_limit"": 40, ""reason"": ""Heavy Congestion""}"
2026-01-21 10:33:36,reduce_speed,"{""action"": ""reduce_speed"", ""speed_limit"": 50, ""reason"": ""Moderate Congestion""}"
2026-01-21 10:33:39,reduce_speed,"{""action"": ""reduce_speed"", ""speed_limit"": 40, ""reason"": ""Heavy Congestion""}"
2026-01-21 10:33:42,reduce_speed,"{""action"": ""reduce_speed"", ""speed_limit"": 50, ""reason"": ""Moderate Congestion""}"
2026-01-21 10:33:45,reduce_speed,"{""action"": ""reduce_speed"", ""speed_limit"": 50, ""reason"": ""Moderate Congestion""}"
2026-01-21 10:33:48,normal,"{""action"": ""normal"", ""speed_limit"": 60, ""reason"": ""Free Flow""}"
2026-01-21 10:33:51,reduce_speed,"{""action"": ""reduce_speed"", ""speed_limit"": 50, ""reason"": ""Moderate Congestion""}"
2026-01-21 10:33:54,normal,"{""action"": ""normal"", ""speed_limit"": 60, ""reason"": ""Free Flow""}"
2026-01-21 10:33:57,normal,"{""action"": ""normal"", ""speed_limit"": 60, ""reason"": ""Free Flow""}"
2026-01-21 10:34:00,reduce_speed,"{""action"": ""reduce_speed"", ""speed_limit"": 50, ""reason"": ""Moderate Congestion""}"
2026-01-21 10:34:03,reduce_speed,"{""action"": ""reduce_speed"", ""speed_limit"": 50, ""reason"": ""Moderate Congestion""}"
2026-01-21 10:34:06,reduce_speed,"{""action"": ""reduce_speed"", ""speed_limit"": 40, ""reason"": ""Heavy Congestion""}"
2026-01-21 10:34:09,reduce_speed,"{""action"": ""reduce_speed"", ""speed_limit"": 40, ""reason"": ""Heavy Congestion""}"
2026-01-21 10:34:12,normal,"{""action"": ""normal"", ""speed_limit"": 60, ""reason"": ""Free Flow""}"
2026-01-21 10:34:15,normal,"{""action"": ""normal"", ""speed_limit"": 60, ""reason"": ""Free Flow""}"
2026-01-21 10:34:18,normal,"{""action"": ""normal"", ""speed_limit"": 60, ""reason"": ""Free Flow""}"
2026-01-21 10:34:21,reduce_speed,"{""action"": ""reduce_speed"", ""speed_limit"": 40, ""reason"": ""Heavy Congestion""}"
2026-01-21 10:34:24,reduce_speed,"{""action"": ""reduce_speed"", ""speed_limit"": 50, ""reason"": ""Moderate Congestion""}"
2026-01-21 10:34:27,reduce_speed,"{""action"": ""reduce_speed"", ""speed_limit"": 50, ""reason"": ""Moderate Congestion""}"
2026-01-21 10:34:30,reduce_speed,"{""action"": ""reduce_speed"", ""speed_limit"": 40, ""reason"": ""Heavy Congestion""}"
2026-01-21 10:34:33,normal,"{""action"": ""normal"", ""speed_limit"": 60, ""reason"": ""Free Flow""}"
2026-01-21 10:34:36,normal,"{""action"": ""normal"", ""speed_limit"": 60, ""reason"": ""Free Flow""}"
2026-01-21 10:34:39,normal,"{""action"": ""normal"", ""speed_limit"": 60, ""reason"": ""Free Flow""}"
2026-01-21 10:34:42,reduce_speed,"{""action"": ""reduce_speed"", ""speed_limit"": 40, ""reason"": ""Heavy Congestion""}"
2026-01-21 10:34:45,normal,"{""action"": ""normal"", ""speed_limit"": 60, ""reason"": ""Free Flow""}"
2026-01-21 10:34:48,normal,"{""action"": ""normal"", ""speed_limit"": 60, ""reason"": ""Free Flow""}"
2026-01-21 10:34:51,reduce_speed,"{""action"": ""reduce_speed"", ""speed_limit"": 50, ""reason"": ""Moderate Congestion""}"
2026-01-21 10:34:54,reduce_speed,"{""action"": ""reduce_speed"", ""speed_limit"": 50, ""reason"": ""Moderate Congestion""}"
2026-01-21 10:34:57,reduce_speed,"{""action"": ""reduce_speed"", ""speed_limit"": 40, ""reason"": ""Heavy Congestion""}"
2026-01-21 10:35:00,reduce_speed,"{""action"": ""reduce_speed"", ""speed_limit"": 50, ""reason"": ""Moderate Congestion""}"
2026-01-21 10:35:03,reduce_speed,"{""action"": ""reduce_speed"", ""speed_limit"": 50, ""reason"": ""Moderate Congestion""}"
2026-01-21 10:35:06,reduce_speed,"{""action"": ""reduce_speed"", ""speed_limit"": 50, ""reason"": ""Moderate Congestion""}"
2026-01-21 10:35:09,reduce_speed,"{""action"": ""reduce_speed"", ""speed_limit"": 50, ""reason"": ""Moderate Congestion""}"
2026-01-21 10:35:12,reduce_speed,"{""action"": ""reduce_speed"", ""speed_limit"": 40, ""reason"": ""Heavy Congestion""}"
2026-01-21 10:35:15,reduce_speed,"{""action"": ""reduce_speed"", ""speed_limit"": 50, ""reason"": ""Moderate Congestion""}"
2026-01-21 10:35:18,normal,"{""action"": ""normal"", ""speed_limit"": 60, ""reason"": ""Free Flow""}"
2026-01-21 10:35:21,reduce_speed,"{""action"": ""reduce_speed"", ""speed_limit"": 50, ""reason"": ""Moderate Congestion""}"
2026-01-21 10:35:24,normal,"{""action"": ""normal"", ""speed_limit"": 60, ""reason"": ""Free Flow""}"
2026-01-21 10:35:27,normal,"{""action"": ""normal"", ""speed_limit"": 60, ""reason"": ""Free Flow""}"
2026-01-21 10:35:30,normal,"{""action"": ""normal"", ""speed_limit"": 60, ""reason"": ""Free Flow""}"
2026-01-21 10:35:33,reduce_speed,"{""action"": ""reduce_speed"", ""speed_limit"": 50, ""reason"": ""Moderate Congestion""}"
2026-01-21 10:35:36,normal,"{""action"": ""normal"", ""speed_limit"": 60, ""reason"": ""Free Flow""}"
2026-01-21 10:35:39,reduce_speed,"{""action"": ""reduce_speed"", ""speed_limit"": 50, ""reason"": ""Moderate Congestion""}"
2026-01-21 10:35:42,normal,"{""action"": ""normal"", ""speed_limit"": 60, ""reason"": ""Free Flow""}"
2026-01-21 10:35:45,reduce_speed,"{""action"": ""reduce_speed"", ""speed_limit"": 40, ""reason"": ""Heavy Congestion""}"
2026-01-21 10:35:48,reduce_speed,"{""action"": ""reduce_speed"", ""speed_limit"": 40, ""reason"": ""Heavy Congestion""}"
2026-01-21 10:35:51,reduce_speed,"{""action"": ""reduce_speed"", ""speed_limit"": 40, ""reason"": ""Heavy Congestion""}"
2026-01-21 10:35:54,reduce_speed,"{""action"": ""reduce_speed"", ""speed_limit"": 50, ""reason"": ""Moderate Congestion""}"
2026-01-21 10:35:57,reduce_speed,"{""action"": ""reduce_speed"", ""speed_limit"": 50, ""reason"": ""Moderate Congestion""}"
2026-01-21 10:36:00,reduce_speed,"{""action"": ""reduce_speed"", ""speed_limit"": 50, ""reason"": ""Moderate Congestion""}"
2026-01-21 10:36:03,reduce_speed,"{""action"": ""reduce_speed"", ""speed_limit"": 50, ""reason"": ""Moderate Congestion""}"
2026-01-21 10:36:06,reduce_speed,"{""action"": ""reduce_speed"", ""speed_limit"": 40, ""reason"": ""Heavy Congestion""}"
2026-01-21 10:36:09,reduce_speed,"{""action"": ""reduce_speed"", ""speed_limit"": 40, ""reason"": ""Heavy Congestion""}"
2026-01-21 10:36:12,reduce_speed,"{""action"": ""reduce_speed"", ""speed_limit"": 40, ""reason"": ""Heavy Congestion""}"
2026-01-21 10:36:15,normal,"{""action"": ""normal"", ""speed_limit"": 60, ""reason"": ""Free Flow""}"
2026-01-21 10:36:18,reduce_speed,"{""action"": ""reduce_speed"", ""speed_limit"": 50, ""reason"": ""Moderate Congestion""}"
2026-01-21 10:36:21,reduce_speed,"{""action"": ""reduce_speed"", ""speed_limit"": 50, ""reason"": ""Moderate Congestion""}"
2026-01-21 10:36:24,reduce_speed,"{""action"": ""reduce_speed"", ""speed_limit"": 50, ""reason"": ""Moderate Congestion""}"
2026-01-21 10:36:27,reduce_speed,"{""action"": ""reduce_speed"", ""speed_limit"": 50, ""reason"": ""Moderate Congestion""}"
2026-01-21 10:36:30,normal,"{""action"": ""normal"", ""speed_limit"": 60, ""reason"": ""Free Flow""}"
2026-01-21 10:36:33,reduce_speed,"{""action"": ""reduce_speed"", ""speed_limit"": 40, ""reason"": ""Heavy Congestion""}"
2026-01-21 10:36:36,reduce_speed,"{""action"": ""reduce_speed"", ""speed_limit"": 40, ""reason"": ""Heavy Congestion""}"
2026-01-21 10:36:39,normal,"{""action"": ""normal"", ""speed_limit"": 60, ""reason"": ""Free Flow""}"
2026-01-21 10:36:42,reduce_speed,"{""action"": ""reduce_speed"", ""speed_limit"": 50, ""reason"": ""Moderate Congestion""}"
2026-01-21 10:36:45,reduce_speed,"{""action"": ""reduce_speed"", ""speed_limit"": 40, ""reason"": ""Heavy Congestion""}"
2026-01-21 10:36:48,reduce_speed,"{""action"": ""reduce_speed"", ""speed_limit"": 50, ""reason"": ""Moderate Congestion""}"
2026-01-21 10:36:51,normal,"{""action"": ""normal"", ""speed_limit"": 60, ""reason"": ""Free Flow""}"
2026-01-21 10:36:54,normal,"{""action"": ""normal"", ""speed_limit"": 60, ""reason"": ""Free Flow""}"
2026-01-21 10:36:57,normal,"{""action"": ""normal"", ""speed_limit"": 60, ""reason"": ""Free Flow""}"
2026-01-21 10:37:00,normal,"{""action"": ""normal"", ""speed_limit"": 60, ""reason"": ""Free Flow""}"
2026-01-21 10:37:03,normal,"{""action"": ""normal"", ""speed_limit"": 60, ""reason"": ""Free Flow""}"
2026-01-21 10:37:06,normal,"{""action"": ""normal"", ""speed_limit"": 60, ""reason"": ""Free Flow""}"
2026-01-21 10:37:09,reduce_speed,"{""action"": ""reduce_speed"", ""speed_limit"": 40, ""reason"": ""Heavy Congestion""}"
2026-01-21 10:37:12,reduce_speed,"{""action"": ""reduce_speed"", ""speed_limit"": 50, ""reason"": ""Moderate Congestion""}"
2026-01-21 10:37:15,reduce_speed,"{""action"": ""reduce_speed"", ""speed_limit"": 50, ""reason"": ""Moderate Congestion""}"
2026-01-21 10:37:18,reduce_speed,"{""action"": ""reduce_speed"", ""speed_limit"": 50, ""reason"": ""Moderate Congestion""}"
2026-01-21 10:37:21,normal,"{""action"": ""normal"", ""speed_limit"": 60, ""reason"": ""Free Flow""}"
2026-01-21 10:37:24,normal,"{""action"": ""normal"", ""speed_limit"": 60, ""reason"": ""Free Flow""}"
2026-01-21 10:37:27,normal,"{""action"": ""normal"", ""speed_limit"": 60, ""reason"": ""Free Flow""}"
2026-01-21 10:37:30,normal,"{""action"": ""normal"", ""speed_limit"": 60, ""reason"": ""Free Flow""}"
2026-01-21 10:37:33,normal,"{""action"": ""normal"", ""speed_limit"": 60, ""reason"": ""Free Flow""}"
2026-01-21 10:37:36,reduce_speed,"{""action"": ""reduce_speed"", ""speed_limit"": 40, ""reason"": ""Heavy Congestion""}"
2026-01-21 10:37:39,reduce_speed,"{""action"": ""reduce_speed"", ""speed_limit"": 50, ""reason"": ""Moderate Congestion""}"
2026-01-21 10:37:42,reduce_speed,"{""action"": ""reduce_speed"", ""speed_limit"": 40, ""reason"": ""Heavy Congestion""}"
2026-01-21 10:37:45,normal,"{""action"": ""normal"", ""speed_limit"": 60, ""reason"": ""Free Flow""}"
2026-01-21 10:37:48,normal,"{""action"": ""normal"", ""speed_limit"": 60, ""reason"": ""Free Flow""}"
2026-01-21 10:37:51,reduce_speed,"{""action"": ""reduce_speed"", ""speed_limit"": 40, ""reason"": ""Heavy Congestion""}"
2026-01-21 10:37:54,reduce_speed,"{""action"": ""reduce_speed"", ""speed_limit"": 50, ""reason"": ""Moderate Congestion""}"
2026-01-21 10:37:57,normal,"{""action"": ""normal"", ""speed_limit"": 60, ""reason"": ""Free Flow""}"
2026-01-21 10:38:00,reduce_speed,"{""action"": ""reduce_speed"", ""speed_limit"": 50, ""reason"": ""Moderate Congestion""}"
2026-01-21 10:38:03,reduce_speed,"{""action"": ""reduce_speed"", ""speed_limit"": 50, ""reason"": ""Moderate Congestion""}"
2026-01-21 10:38:06,reduce_speed,"{""action"": ""reduce_speed"", ""speed_limit"": 50, ""reason"": ""Moderate Congestion""}"
2026-01-21 10:38:09,reduce_speed,"{""action"": ""reduce_speed"", ""speed_limit"": 40, ""reason"": ""Heavy Congestion""}"
2026-01-21 10:38:12,normal,"{""action"": ""normal"", ""speed_limit"": 60, ""reason"": ""Free Flow""}"
2026-01-21 10:38:15,reduce_speed,"{""action"": ""reduce_speed"", ""speed_limit"": 40, ""reason"": ""Heavy Congestion""}"
2026-01-21 10:38:18,reduce_speed,"{""action"": ""reduce_speed"", ""speed_limit"": 50, ""reason"": ""Moderate Congestion""}"
2026-01-21 10:38:21,reduce_speed,"{""action"": ""reduce_speed"", ""speed_limit"": 50, ""reason"": ""Moderate Congestion""}"
2026-01-21 10:38:24,normal,"{""action"": ""normal"", ""speed_limit"": 60, ""reason"": ""Free Flow""}"
2026-01-21 10:38:27,normal,"{""action"": ""normal"", ""speed_limit"": 60, ""reason"": ""Free Flow""}"
2026-01-21 10:38:30,normal,"{""action"": ""normal"", ""speed_limit"": 60, ""reason"": ""Free Flow""}"
2026-01-21 10:38:33,normal,"{""action"": ""normal"", ""speed_limit"": 60, ""reason"": ""Free Flow""}"
2026-01-21 10:38:36,normal,"{""action"": ""normal"", ""speed_limit"": 60, ""reason"": ""Free Flow""}"
2026-01-21 10:38:39,normal,"{""action"": ""normal"", ""speed_limit"": 60, ""reason"": ""Free Flow""}"
2026-01-21 10:38:42,reduce_speed,"{""action"": ""reduce_speed"", ""speed_limit"": 40, ""reason"": ""Heavy Congestion""}"
2026-01-21 10:38:45,reduce_speed,"{""action"": ""reduce_speed"", ""speed_limit"": 50, ""reason"": ""Moderate Congestion""}"
2026-01-21 10:38:48,normal,"{""action"": ""normal"", ""speed_limit"": 60, ""reason"": ""Free Flow""}"
2026-01-21 10:38:51,reduce_speed,"{""action"": ""reduce_speed"", ""speed_limit"": 40, ""reason"": ""Heavy Congestion""}"
2026-01-21 10:38:54,reduce_speed,"{""action"": ""reduce_speed"", ""speed_limit"": 40, ""reason"": ""Heavy Congestion""}"
2026-01-21 10:38:57,reduce_speed,"{""action"": ""reduce_speed"", ""speed_limit"": 50, ""reason"": ""Moderate Congestion""}"
2026-01-21 10:39:00,reduce_speed,"{""action"": ""reduce_speed"", ""speed_limit"": 40, ""reason"": ""Heavy Congestion""}"
2026-01-21 10:39:03,normal,"{""action"": ""normal"", ""speed_limit"": 60, ""reason"": ""Free Flow""}"
2026-01-21 10:39:06,reduce_speed,"{""action"": ""reduce_speed"", ""speed_limit"": 40, ""reason"": ""Heavy Congestion""}"
2026-01-21 10:39:09,reduce_speed,"{""action"": ""reduce_speed"", ""speed_limit"": 40, ""reason"": ""Heavy Congestion""}"
2026-01-21 10:39:12,reduce_speed,"{""action"": ""reduce_speed"", ""speed_limit"": 40, ""reason"": ""Heavy Congestion""}"
2026-01-21 10:39:15,reduce_speed,"{""action"": ""reduce_speed"", ""speed_limit"": 40, ""reason"": ""Heavy Congestion""}"
2026-01-21 10:39:18,reduce_speed,"{""action"": ""reduce_speed"", ""speed_limit"": 50, ""reason"": ""Moderate Congestion""}"
2026-01-21 10:39:21,reduce_speed,"{""action"": ""reduce_speed"", ""speed_limit"": 50, ""reason"": ""Moderate Congestion""}"
2026-01-21 10:39:24,reduce_speed,"{""action"": ""reduce_speed"", ""speed_limit"": 50, ""reason"": ""Moderate Congestion""}"
2026-01-21 10:39:27,normal,"{""action"": ""normal"", ""speed_limit"": 60, ""reason"": ""Free Flow""}"
2026-01-21 10:39:30,normal,"{""action"": ""normal"", ""speed_limit"": 60, ""reason"": ""Free Flow""}"
2026-01-21 10:39:33,reduce_speed,"{""action"": ""reduce_speed"", ""speed_limit"": 50, ""reason"": ""Moderate Congestion""}"
2026-01-21 10:39:36,reduce_speed,"{""action"": ""reduce_speed"", ""speed_limit"": 50, ""reason"": ""Moderate Congestion""}"
2026-01-21 10:39:39,reduce_speed,"{""action"": ""reduce_speed"", ""speed_limit"": 50, ""reason"": ""Moderate Congestion""}"
2026-01-21 10:39:42,normal,"{""action"": ""normal"", ""speed_limit"": 60, ""reason"": ""Free Flow""}"
2026-01-21 10:39:45,reduce_speed,"{""action"": ""reduce_speed"", ""speed_limit"": 50, ""reason"": ""Moderate Congestion""}"
2026-01-21 10:39:48,reduce_speed,"{""action"": ""reduce_speed"", ""speed_limit"": 40, ""reason"": ""Heavy Congestion""}"
2026-01-21 10:39:51,reduce_speed,"{""action"": ""reduce_speed"", ""speed_limit"": 50, ""reason"": ""Moderate Congestion""}"
2026-01-21 10:39:54,normal,"{""action"": ""normal"", ""speed_limit"": 60, ""reason"": ""Free Flow""}"
2026-01-21 10:39:57,reduce_speed,"{""action"": ""reduce_speed"", ""speed_limit"": 40, ""reason"": ""Heavy Congestion""}"
2026-01-21 10:40:00,reduce_speed,"{""action"": ""reduce_speed"", ""speed_limit"": 40, ""reason"": ""Heavy Congestion""}"
2026-01-21 10:40:03,reduce_speed,"{""action"": ""reduce_speed"", ""speed_limit"": 40, ""reason"": ""Heavy Congestion""}"
2026-01-21 10:40:06,reduce_speed,"{""action"": ""reduce_speed"", ""speed_limit"": 50, ""reason"": ""Moderate Congestion""}"
2026-01-21 10:40:09,reduce_speed,"{""action"": ""reduce_speed"", ""speed_limit"": 50, ""reason"": ""Moderate Congestion""}"
2026-01-21 10:40:12,reduce_speed,"{""action"": ""reduce_speed"", ""speed_limit"": 40, ""reason"": ""Heavy Congestion""}"
2026-01-21 10:40:15,normal,"{""action"": ""normal"", ""speed_limit"": 60, ""reason"": ""Free Flow""}"
2026-01-21 10:40:18,normal,"{""action"": ""normal"", ""speed_limit"": 60, ""reason"": ""Free Flow""}"
2026-01-21 10:40:21,normal,"{""action"": ""normal"", ""speed_limit"": 60, ""reason"": ""Free Flow""}"
2026-01-21 10:40:24,normal,"{""action"": ""normal"", ""speed_limit"": 60, ""reason"": ""Free Flow""}"
2026-01-21 10:40:27,normal,"{""action"": ""normal"", ""speed_limit"": 60, ""reason"": ""Free Flow""}"
2026-01-21 10:40:30,reduce_speed,"{""action"": ""reduce_speed"", ""speed_limit"": 50, ""reason"": ""Moderate Congestion""}"
2026-01-21 10:40:33,normal,"{""action"": ""normal"", ""speed_limit"": 60, ""reason"": ""Free Flow""}"
2026-01-21 10:40:36,reduce_speed,"{""action"": ""reduce_speed"", ""speed_limit"": 40, ""reason"": ""Heavy Congestion""}"
2026-01-21 10:40:39,normal,"{""action"": ""normal"", ""speed_limit"": 60, ""reason"": ""Free Flow""}"
2026-01-21 10:40:42,normal,"{""action"": ""normal"", ""speed_limit"": 60, ""reason"": ""Free Flow""}"
2026-01-21 10:40:45,reduce_speed,"{""action"": ""reduce_speed"", ""speed_limit"": 50, ""reason"": ""Moderate Congestion""}"
2026-01-21 10:40:48,reduce_speed,"{""action"": ""reduce_speed"", ""speed_limit"": 40, ""reason"": ""Heavy Congestion""}"
2026-01-21 10:40:51,reduce_speed,"{""action"": ""reduce_speed"", ""speed_limit"": 40, ""reason"": ""Heavy Congestion""}"
2026-01-21 10:40:54,normal,"{""action"": ""normal"", ""speed_limit"": 60, ""reason"": ""Free Flow""}"
2026-01-21 10:40:57,reduce_speed,"{""action"": ""reduce_speed"", ""speed_limit"": 40, ""reason"": ""Heavy Congestion""}"
2026-01-21 10:41:00,reduce_speed,"{""action"": ""reduce_speed"", ""speed_limit"": 50, ""reason"": ""Moderate Congestion""}"
2026-01-21 10:41:03,normal,"{""action"": ""normal"", ""speed_limit"": 60, ""reason"": ""Free Flow""}"
2026-01-21 10:41:06,reduce_speed,"{""action"": ""reduce_speed"", ""speed_limit"": 50, ""reason"": ""Moderate Congestion""}"
2026-01-21 10:41:09,normal,"{""action"": ""normal"", ""speed_limit"": 60, ""reason"": ""Free Flow""}"
2026-01-21 10:41:12,reduce_speed,"{""action"": ""reduce_speed"", ""speed_limit"": 50, ""reason"": ""Moderate Congestion""}"
2026-01-21 10:41:15,normal,"{""action"": ""normal"", ""speed_limit"": 60, ""reason"": ""Free Flow""}"
2026-01-21 10:41:18,reduce_speed,"{""action"": ""reduce_speed"", ""speed_limit"": 50, ""reason"": ""Moderate Congestion""}"
2026-01-21 10:41:21,reduce_speed,"{""action"": ""reduce_speed"", ""speed_limit"": 40, ""reason"": ""Heavy Congestion""}"
2026-01-21 10:41:24,reduce_speed,"{""action"": ""reduce_speed"", ""speed_limit"": 40, ""reason"": ""Heavy Congestion""}"
2026-01-21 10:41:27,reduce_speed,"{""action"": ""reduce_speed"", ""speed_limit"": 50, ""reason"": ""Moderate Congestion""}"
2026-01-21 10:41:30,reduce_speed,"{""action"": ""reduce_speed"", ""speed_limit"": 40, ""reason"": ""Heavy Congestion""}"
2026-01-21 10:41:33,reduce_speed,"{""action"": ""reduce_speed"", ""speed_limit"": 50, ""reason"": ""Moderate Congestion""}"
2026-01-21 10:41:36,normal,"{""action"": ""normal"", ""speed_limit"": 60, ""reason"": ""Free Flow""}"
2026-01-21 10:41:39,reduce_speed,"{""action"": ""reduce_speed"", ""speed_limit"": 40, ""reason"": ""Heavy Congestion""}"
2026-01-21 10:41:42,reduce_speed,"{""action"": ""reduce_speed"", ""speed_limit"": 40, ""reason"": ""Heavy Congestion""}"
2026-01-21 10:41:45,normal,"{""action"": ""normal"", ""speed_limit"": 60, ""reason"": ""Free Flow""}"
2026-01-21 10:41:48,normal,"{""action"": ""normal"", ""speed_limit"": 60, ""reason"": ""Free Flow""}"
2026-01-21 10:41:51,normal,"{""action"": ""normal"", ""speed_limit"": 60, ""reason"": ""Free Flow""}"
2026-01-21 10:41:54,reduce_speed,"{""action"": ""reduce_speed"", ""speed_limit"": 40, ""reason"": ""Heavy Congestion""}"
2026-01-21 10:41:57,reduce_speed,"{""action"": ""reduce_speed"", ""speed_limit"": 50, ""reason"": ""Moderate Congestion""}"
2026-01-21 10:42:00,normal,"{""action"": ""normal"", ""speed_limit"": 60, ""reason"": ""Free Flow""}"
2026-01-21 10:42:03,reduce_speed,"{""action"": ""reduce_speed"", ""speed_limit"": 50, ""reason"": ""Moderate Congestion""}"
2026-01-21 10:42:06,reduce_speed,"{""action"": ""reduce_speed"", ""speed_limit"": 50, ""reason"": ""Moderate Congestion""}"
2026-01-21 10:42:09,reduce_speed,"{""action"": ""reduce_speed"", ""speed_limit"": 40, ""reason"": ""Heavy Congestion""}"
2026-01-21 10:42:12,reduce_speed,"{""action"": ""reduce_speed"", ""speed_limit"": 50, ""reason"": ""Moderate Congestion""}"
2026-01-21 10:42:15,normal,"{""action"": ""normal"", ""speed_limit"": 60, ""reason"": ""Free Flow""}"
2026-01-21 10:42:18,reduce_speed,"{""action"": ""reduce_speed"", ""speed_limit"": 50, ""reason"": ""Moderate Congestion""}"
2026-01-21 10:42:21,reduce_speed,"{""action"": ""reduce_speed"", ""speed_limit"": 40, ""reason"": ""Heavy Congestion""}"
2026-01-21 10:42:24,reduce_speed,"{""action"": ""reduce_speed"", ""speed_limit"": 40, ""reason"": ""Heavy Congestion""}"
2026-01-21 10:42:27,reduce_speed,"{""action"": ""reduce_speed"", ""speed_limit"": 40, ""reason"": ""Heavy Congestion""}"
2026-01-21 10:42:30,normal,"{""action"": ""normal"", ""speed_limit"": 60, ""reason"": ""Free Flow""}"
2026-01-21 10:42:33,reduce_speed,"{""action"": ""reduce_speed"", ""speed_limit"": 50, ""reason"": ""Moderate Congestion""}"
2026-01-21 10:42:36,normal,"{""action"": ""normal"", ""speed_limit"": 60, ""reason"": ""Free Flow""}"
2026-01-21 10:42:39,normal,"{""action"": ""normal"", ""speed_limit"": 60, ""reason"": ""Free Flow""}"
2026-01-21 10:42:42,normal,"{""action"": ""normal"", ""speed_limit"": 60, ""reason"": ""Free Flow""}"
2026-01-21 10:42:45,reduce_speed,"{""action"": ""reduce_speed"", ""speed_limit"": 40, ""reason"": ""Heavy Congestion""}"
2026-01-21 10:42:48,reduce_speed,"{""action"": ""reduce_speed"", ""speed_limit"": 50, ""reason"": ""Moderate Congestion""}"
2026-01-21 10:42:51,reduce_speed,"{""action"": ""reduce_speed"", ""speed_limit"": 40, ""reason"": ""Heavy Congestion""}"
2026-01-21 10:42:54,reduce_speed,"{""action"": ""reduce_speed"", ""speed_limit"": 50, ""reason"": ""Moderate Congestion""}"
2026-01-21 10:42:57,reduce_speed,"{""action"": ""reduce_speed"", ""speed_limit"": 50, ""reason"": ""Moderate Congestion""}"
2026-01-21 10:43:00,reduce_speed,"{""action"": ""reduce_speed"", ""speed_limit"": 50, ""reason"": ""Moderate Congestion""}"
2026-01-21 10:43:03,reduce_speed,"{""action"": ""reduce_speed"", ""speed_limit"": 40, ""reason"": ""Heavy Congestion""}"
2026-01-21 10:43:06,normal,"{""action"": ""normal"", ""speed_limit"": 60, ""reason"": ""Free Flow""}"
2026-01-21 10:43:09,normal,"{""action"": ""normal"", ""speed_limit"": 60, ""reason"": ""Free Flow""}"
2026-01-21 10:43:12,normal,"{""action"": ""normal"", ""speed_limit"": 60, ""reason"": ""Free Flow""}"
2026-01-21 10:43:15,reduce_speed,"{""action"": ""reduce_speed"", ""speed_limit"": 40, ""reason"": ""Heavy Congestion""}"
2026-01-21 10:43:18,reduce_speed,"{""action"": ""reduce_speed"", ""speed_limit"": 50, ""reason"": ""Moderate Congestion""}"
2026-01-21 10:43:21,reduce_speed,"{""action"": ""reduce_speed"", ""speed_limit"": 50, ""reason"": ""Moderate Congestion""}"
2026-01-21 10:43:24,reduce_speed,"{""action"": ""reduce_speed"", ""speed_limit"": 40, ""reason"": ""Heavy Congestion""}"
2026-01-21 10:43:27,reduce_speed,"{""action"": ""reduce_speed"", ""speed_limit"": 40, ""reason"": ""Heavy Congestion""}"
2026-01-21 10:43:30,reduce_speed,"{""action"": ""reduce_speed"", ""speed_limit"": 40, ""reason"": ""Heavy Congestion""}"
2026-01-21 10:43:33,normal,"{""action"": ""normal"", ""speed_limit"": 60, ""reason"": ""Free Flow""}"
2026-01-21 10:43:36,normal,"{""action"": ""normal"", ""speed_limit"": 60, ""reason"": ""Free Flow""}"
2026-01-21 10:43:39,normal,"{""action"": ""normal"", ""speed_limit"": 60, ""reason"": ""Free Flow""}"
2026-01-21 10:43:42,normal,"{""action"": ""normal"", ""speed_limit"": 60, ""reason"": ""Free Flow""}"
2026-01-21 10:43:45,normal,"{""action"": ""normal"", ""speed_limit"": 60, ""reason"": ""Free Flow""}"
2026-01-21 10:43:48,reduce_speed,"{""action"": ""reduce_speed"", ""speed_limit"": 50, ""reason"": ""Moderate Congestion""}"
2026-01-21 10:43:51,reduce_speed,"{""action"": ""reduce_speed"", ""speed_limit"": 50, ""reason"": ""Moderate Congestion""}"
2026-01-21 10:43:54,reduce_speed,"{""action"": ""reduce_speed"", ""speed_limit"": 40, ""reason"": ""Heavy Congestion""}"
2026-01-21 10:43:57,reduce_speed,"{""action"": ""reduce_speed"", ""speed_limit"": 40, ""reason"": ""Heavy Congestion""}"
2026-01-21 10:44:00,reduce_speed,"{""action"": ""reduce_speed"", ""speed_limit"": 50, ""reason"": ""Moderate Congestion""}"
2026-01-21 10:44:03,normal,"{""action"": ""normal"", ""speed_limit"": 60, ""reason"": ""Free Flow""}"
2026-01-21 10:44:06,reduce_speed,"{""action"": ""reduce_speed"", ""speed_limit"": 40, ""reason"": ""Heavy Congestion""}"
2026-01-21 10:44:09,reduce_speed,"{""action"": ""reduce_speed"", ""speed_limit"": 50, ""reason"": ""Moderate Congestion""}"
2026-01-21 10:44:12,reduce_speed,"{""action"": ""reduce_speed"", ""speed_limit"": 40, ""reason"": ""Heavy Congestion""}"
2026-01-21 10:44:15,reduce_speed,"{""action"": ""reduce_speed"", ""speed_limit"": 50, ""reason"": ""Moderate Congestion""}"
2026-01-21 10:44:18,normal,"{""action"": ""normal"", ""speed_limit"": 60, ""reason"": ""Free Flow""}"
2026-01-21 10:44:21,reduce_speed,"{""action"": ""reduce_speed"", ""speed_limit"": 50, ""reason"": ""Moderate Congestion""}"
2026-01-21 10:44:24,normal,"{""action"": ""normal"", ""speed_limit"": 60, ""reason"": ""Free Flow""}"
2026-01-21 10:44:27,normal,"{""action"": ""normal"", ""speed_limit"": 60, ""reason"": ""Free Flow""}"
2026-01-21 10:44:30,normal,"{""action"": ""normal"", ""speed_limit"": 60, ""reason"": ""Free Flow""}"
2026-01-21 10:44:33,normal,"{""action"": ""normal"", ""speed_limit"": 60, ""reason"": ""Free Flow""}"
2026-01-21 10:44:36,normal,"{""action"": ""normal"", ""speed_limit"": 60, ""reason"": ""Free Flow""}"
2026-01-21 10:44:39,reduce_speed,"{""action"": ""reduce_speed"", ""speed_limit"": 40, ""reason"": ""Heavy Congestion""}"
2026-01-21 10:44:42,reduce_speed,"{""action"": ""reduce_speed"", ""speed_limit"": 40, ""reason"": ""Heavy Congestion""}"
2026-01-21 10:44:45,reduce_speed,"{""action"": ""reduce_speed"", ""speed_limit"": 40, ""reason"": ""Heavy Congestion""}"
2026-01-21 10:44:48,reduce_speed,"{""action"": ""reduce_speed"", ""speed_limit"": 40, ""reason"": ""Heavy Congestion""}"
2026-01-21 10:44:51,reduce_speed,"{""action"": ""reduce_speed"", ""speed_limit"": 40, ""reason"": ""Heavy Congestion""}"
2026-01-21 10:44:54,normal,"{""action"": ""normal"", ""speed_limit"": 60, ""reason"": ""Free Flow""}"
2026-01-21 10:44:57,normal,"{""action"": ""normal"", ""speed_limit"": 60, ""reason"": ""Free Flow""}"
2026-01-21 10:45:00,normal,"{""action"": ""normal"", ""speed_limit"": 60, ""reason"": ""Free Flow""}"
2026-01-21 10:45:03,normal,"{""action"": ""normal"", ""speed_limit"": 60, ""reason"": ""Free Flow""}"
2026-01-21 10:45:06,normal,"{""action"": ""normal"", ""speed_limit"": 60, ""reason"": ""Free Flow""}"
2026-01-21 10:45:09,normal,"{""action"": ""normal"", ""speed_limit"": 60, ""reason"": ""Free Flow""}"
2026-01-21 10:45:12,reduce_speed,"{""action"": ""reduce_speed"", ""speed_limit"": 40, ""reason"": ""Heavy Congestion""}"
2026-01-21 10:45:15,reduce_speed,"{""action"": ""reduce_speed"", ""speed_limit"": 40, ""reason"": ""Heavy Congestion""}"
2026-01-21 10:45:18,reduce_speed,"{""action"": ""reduce_speed"", ""speed_limit"": 50, ""reason"": ""Moderate Congestion""}"
2026-01-21 10:45:21,reduce_speed,"{""action"": ""reduce_speed"", ""speed_limit"": 40, ""reason"": ""Heavy Congestion""}"
2026-01-21 10:45:24,reduce_speed,"{""action"": ""reduce_speed"", ""speed_limit"": 50, ""reason"": ""Moderate Congestion""}"
2026-01-21 10:45:27,normal,"{""action"": ""normal"", ""speed_limit"": 60, ""reason"": ""Free Flow""}"
2026-01-21 10:45:30,reduce_speed,"{""action"": ""reduce_speed"", ""speed_limit"": 40, ""reason"": ""Heavy Congestion""}"
2026-01-21 10:45:33,normal,"{""action"": ""normal"", ""speed_limit"": 60, ""reason"": ""Free Flow""}"
2026-01-21 10:45:36,reduce_speed,"{""action"": ""reduce_speed"", ""speed_limit"": 40, ""reason"": ""Heavy Congestion""}"
2026-01-21 10:45:39,reduce_speed,"{""action"": ""reduce_speed"", ""speed_limit"": 50, ""reason"": ""Moderate Congestion""}"
2026-01-21 10:45:42,reduce_speed,"{""action"": ""reduce_speed"", ""speed_limit"": 40, ""reason"": ""Heavy Congestion""}"
2026-01-21 10:45:45,normal,"{""action"": ""normal"", ""speed_limit"": 60, ""reason"": ""Free Flow""}"
2026-01-21 10:45:48,reduce_speed,"{""action"": ""reduce_speed"", ""speed_limit"": 40, ""reason"": ""Heavy Congestion""}"
2026-01-21 10:45:51,reduce_speed,"{""action"": ""reduce_speed"", ""speed_limit"": 40, ""reason"": ""Heavy Congestion""}"
2026-01-21 10:45:54,reduce_speed,"{""action"": ""reduce_speed"", ""speed_limit"": 50, ""reason"": ""Moderate Congestion""}"
2026-01-21 10:45:57,reduce_speed,"{""action"": ""reduce_speed"", ""speed_limit"": 40, ""reason"": ""Heavy Congestion""}"
2026-01-21 10:46:00,reduce_speed,"{""action"": ""reduce_speed"", ""speed_limit"": 50, ""reason"": ""Moderate Congestion""}"
2026-01-21 10:46:03,normal,"{""action"": ""normal"", ""speed_limit"": 60, ""reason"": ""Free Flow""}"
2026-01-21 10:46:06,reduce_speed,"{""action"": ""reduce_speed"", ""speed_limit"": 50, ""reason"": ""Moderate Congestion""}"
2026-01-21 10:46:09,normal,"{""action"": ""normal"", ""speed_limit"": 60, ""reason"": ""Free Flow""}"
2026-01-21 10:46:12,reduce_speed,"{""action"": ""reduce_speed"", ""speed_limit"": 40, ""reason"": ""Heavy Congestion""}"
2026-01-21 10:46:15,reduce_speed,"{""action"": ""reduce_speed"", ""speed_limit"": 50, ""reason"": ""Moderate Congestion""}"
2026-01-21 10:46:18,normal,"{""action"": ""normal"", ""speed_limit"": 60, ""reason"": ""Free Flow""}"
2026-01-21 10:46:21,reduce_speed,"{""action"": ""reduce_speed"", ""speed_limit"": 50, ""reason"": ""Moderate Congestion""}"
2026-01-21 10:46:24,normal,"{""action"": ""normal"", ""speed_limit"": 60, ""reason"": ""Free Flow""}"
2026-01-21 10:46:27,reduce_speed,"{""action"": ""reduce_speed"", ""speed_limit"": 40, ""reason"": ""Heavy Congestion""}"
2026-01-21 10:46:30,reduce_speed,"{""action"": ""reduce_speed"", ""speed_limit"": 50, ""reason"": ""Moderate Congestion""}"
2026-01-21 10:46:33,reduce_speed,"{""action"": ""reduce_speed"", ""speed_limit"": 40, ""reason"": ""Heavy Congestion""}"
2026-01-21 10:46:36,reduce_speed,"{""action"": ""reduce_speed"", ""speed_limit"": 40, ""reason"": ""Heavy Congestion""}"
2026-01-21 10:46:39,reduce_speed,"{""action"": ""reduce_speed"", ""speed_limit"": 50, ""reason"": ""Moderate Congestion""}"
2026-01-21 10:46:42,normal,"{""action"": ""normal"", ""speed_limit"": 60, ""reason"": ""Free Flow""}"
2026-01-21 10:46:45,normal,"{""action"": ""normal"", ""speed_limit"": 60, ""reason"": ""Free Flow""}"
2026-01-21 10:46:48,reduce_speed,"{""action"": ""reduce_speed"", ""speed_limit"": 50, ""reason"": ""Moderate Congestion""}"
2026-01-21 10:46:51,normal,"{""action"": ""normal"", ""speed_limit"": 60, ""reason"": ""Free Flow""}"
2026-01-21 10:46:54,reduce_speed,"{""action"": ""reduce_speed"", ""speed_limit"": 40, ""reason"": ""Heavy Congestion""}"
2026-01-21 10:46:57,normal,"{""action"": ""normal"", ""speed_limit"": 60, ""reason"": ""Free Flow""}"
2026-01-21 10:47:00,normal,"{""action"": ""normal"", ""speed_limit"": 60, ""reason"": ""Free Flow""}"
2026-01-21 10:47:03,normal,"{""action"": ""normal"", ""speed_limit"": 60, ""reason"": ""Free Flow""}"
2026-01-21 10:47:06,reduce_speed,"{""action"": ""reduce_speed"", ""speed_limit"": 50, ""reason"": ""Moderate Congestion""}"
2026-01-21 10:47:09,reduce_speed,"{""action"": ""reduce_speed"", ""speed_limit"": 50, ""reason"": ""Moderate Congestion""}"
2026-01-21 10:47:12,reduce_speed,"{""action"": ""reduce_speed"", ""speed_limit"": 40, ""reason"": ""Heavy Congestion""}"
2026-01-21 10:47:15,normal,"{""action"": ""normal"", ""speed_limit"": 60, ""reason"": ""Free Flow""}"
2026-01-21 10:47:18,reduce_speed,"{""action"": ""reduce_speed"", ""speed_limit"": 40, ""reason"": ""Heavy Congestion""}"
2026-01-21 10:47:21,reduce_speed,"{""action"": ""reduce_speed"", ""speed_limit"": 50, ""reason"": ""Moderate Congestion""}"
2026-01-21 10:47:24,normal,"{""action"": ""normal"", ""speed_limit"": 60, ""reason"": ""Free Flow""}"
2026-01-21 10:47:27,normal,"{""action"": ""normal"", ""speed_limit"": 60, ""reason"": ""Free Flow""}"
2026-01-21 10:47:30,reduce_speed,"{""action"": ""reduce_speed"", ""speed_limit"": 40, ""reason"": ""Heavy Congestion""}"
2026-01-21 10:47:33,reduce_speed,"{""action"": ""reduce_speed"", ""speed_limit"": 50, ""reason"": ""Moderate Congestion""}"
2026-01-21 10:47:36,reduce_speed,"{""action"": ""reduce_speed"", ""speed_limit"": 40, ""reason"": ""Heavy Congestion""}"
2026-01-21 10:47:39,normal,"{""action"": ""normal"", ""speed_limit"": 60, ""reason"": ""Free Flow""}"
2026-01-21 10:47:42,reduce_speed,"{""action"": ""reduce_speed"", ""speed_limit"": 50, ""reason"": ""Moderate Congestion""}"
2026-01-21 10:47:45,reduce_speed,"{""action"": ""reduce_speed"", ""speed_limit"": 50, ""reason"": ""Moderate Congestion""}"
2026-01-21 10:47:48,reduce_speed,"{""action"": ""reduce_speed"", ""speed_limit"": 40, ""reason"": ""Heavy Congestion""}"
2026-01-21 10:47:51,reduce_speed,"{""action"": ""reduce_speed"", ""speed_limit"": 50, ""reason"": ""Moderate Congestion""}"
2026-01-21 10:47:54,normal,"{""action"": ""normal"", ""speed_limit"": 60, ""reason"": ""Free Flow""}"
2026-01-21 10:47:57,reduce_speed,"{""action"": ""reduce_speed"", ""speed_limit"": 50, ""reason"": ""Moderate Congestion""}"
2026-01-21 10:48:00,reduce_speed,"{""action"": ""reduce_speed"", ""speed_limit"": 50, ""reason"": ""Moderate Congestion""}"
2026-01-21 10:48:03,normal,"{""action"": ""normal"", ""speed_limit"": 60, ""reason"": ""Free Flow""}"
2026-01-21 10:48:06,reduce_speed,"{""action"": ""reduce_speed"", ""speed_limit"": 50, ""reason"": ""Moderate Congestion""}"
2026-01-21 10:48:09,reduce_speed,"{""action"": ""reduce_speed"", ""speed_limit"": 50, ""reason"": ""Moderate Congestion""}"
2026-01-21 10:48:12,reduce_speed,"{""action"": ""reduce_speed"", ""speed_limit"": 40, ""reason"": ""Heavy Congestion""}"
2026-01-21 10:48:15,reduce_speed,"{""action"": ""reduce_speed"", ""speed_limit"": 50, ""reason"": ""Moderate Congestion""}"
2026-01-21 10:48:18,reduce_speed,"{""action"": ""reduce_speed"", ""speed_limit"": 50, ""reason"": ""Moderate Congestion""}"
2026-01-21 10:48:21,normal,"{""action"": ""normal"", ""speed_limit"": 60, ""reason"": ""Free Flow""}"
2026-01-21 10:48:24,reduce_speed,"{""action"": ""reduce_speed"", ""speed_limit"": 40, ""reason"": ""Heavy Congestion""}"
2026-01-21 10:48:27,normal,"{""action"": ""normal"", ""speed_limit"": 60, ""reason"": ""Free Flow""}"
2026-01-21 10:48:30,normal,"{""action"": ""normal"", ""speed_limit"": 60, ""reason"": ""Free Flow""}"
2026-01-21 10:48:33,reduce_speed,"{""action"": ""reduce_speed"", ""speed_limit"": 50, ""reason"": ""Moderate Congestion""}"
2026-01-21 10:48:36,reduce_speed,"{""action"": ""reduce_speed"", ""speed_limit"": 40, ""reason"": ""Heavy Congestion""}"
2026-01-21 10:48:39,reduce_speed,"{""action"": ""reduce_speed"", ""speed_limit"": 40, ""reason"": ""Heavy Congestion""}"
2026-01-21 10:48:42,reduce_speed,"{""action"": ""reduce_speed"", ""speed_limit"": 40, ""reason"": ""Heavy Congestion""}"
2026-01-21 10:48:45,reduce_speed,"{""action"": ""reduce_speed"", ""speed_limit"": 40, ""reason"": ""Heavy Congestion""}"
2026-01-21 10:48:48,normal,"{""action"": ""normal"", ""speed_limit"": 60, ""reason"": ""Free Flow""}"
2026-01-21 10:48:51,reduce_speed,"{""action"": ""reduce_speed"", ""speed_limit"": 50, ""reason"": ""Moderate Congestion""}"
2026-01-21 10:48:54,reduce_speed,"{""action"": ""reduce_speed"", ""speed_limit"": 40, ""reason"": ""Heavy Congestion""}"
2026-01-21 10:48:57,reduce_speed,"{""action"": ""reduce_speed"", ""speed_limit"": 40, ""reason"": ""Heavy Congestion""}"
2026-01-21 10:49:00,normal,"{""action"": ""normal"", ""speed_limit"": 60, ""reason"": ""Free Flow""}"
2026-01-21 10:49:03,reduce_speed,"{""action"": ""reduce_speed"", ""speed_limit"": 50, ""reason"": ""Moderate Congestion""}"
2026-01-21 10:49:06,reduce_speed,"{""action"": ""reduce_speed"", ""speed_limit"": 50, ""reason"": ""Moderate Congestion""}"
2026-01-21 10:49:09,reduce_speed,"{""action"": ""reduce_speed"", ""speed_limit"": 50, ""reason"": ""Moderate Congestion""}"
2026-01-21 10:49:12,reduce_speed,"{""action"": ""reduce_speed"", ""speed_limit"": 50, ""reason"": ""Moderate Congestion""}"
2026-01-21 10:49:15,normal,"{""action"": ""normal"", ""speed_limit"": 60, ""reason"": ""Free Flow""}"
2026-01-21 10:49:18,reduce_speed,"{""action"": ""reduce_speed"", ""speed_limit"": 50, ""reason"": ""Moderate Congestion""}"
2026-01-21 10:49:21,reduce_speed,"{""action"": ""reduce_speed"", ""speed_limit"": 40, ""reason"": ""Heavy Congestion""}"
2026-01-21 10:49:24,reduce_speed,"{""action"": ""reduce_speed"", ""speed_limit"": 50, ""reason"": ""Moderate Congestion""}"
2026-01-21 10:49:27,reduce_speed,"{""action"": ""reduce_speed"", ""speed_limit"": 40, ""reason"": ""Heavy Congestion""}"
2026-01-21 10:49:30,normal,"{""action"": ""normal"", ""speed_limit"": 60, ""reason"": ""Free Flow""}"
2026-01-21 10:49:33,reduce_speed,"{""action"": ""reduce_speed"", ""speed_limit"": 40, ""reason"": ""Heavy Congestion""}"
2026-01-21 10:49:36,reduce_speed,"{""action"": ""reduce_speed"", ""speed_limit"": 40, ""reason"": ""Heavy Congestion""}"
2026-01-21 10:49:39,reduce_speed,"{""action"": ""reduce_speed"", ""speed_limit"": 50, ""reason"": ""Moderate Congestion""}"
2026-01-21 10:49:42,normal,"{""action"": ""normal"", ""speed_limit"": 60, ""reason"": ""Free Flow""}"
2026-01-21 10:49:45,normal,"{""action"": ""normal"", ""speed_limit"": 60, ""reason"": ""Free Flow""}"
2026-01-21 10:49:48,normal,"{""action"": ""normal"", ""speed_limit"": 60, ""reason"": ""Free Flow""}"
2026-01-21 10:49:51,normal,"{""action"": ""normal"", ""speed_limit"": 60, ""reason"": ""Free Flow""}"
2026-01-21 10:49:54,reduce_speed,"{""action"": ""reduce_speed"", ""speed_limit"": 50, ""reason"": ""Moderate Congestion""}"
2026-01-21 10:49:57,reduce_speed,"{""action"": ""reduce_speed"", ""speed_limit"": 40, ""reason"": ""Heavy Congestion""}"
2026-01-21 10:50:00,normal,"{""action"": ""normal"", ""speed_limit"": 60, ""reason"": ""Free Flow""}"
2026-01-21 10:50:03,reduce_speed,"{""action"": ""reduce_speed"", ""speed_limit"": 40, ""reason"": ""Heavy Congestion""}"
2026-01-21 10:50:06,reduce_speed,"{""action"": ""reduce_speed"", ""speed_limit"": 40, ""reason"": ""Heavy Congestion""}"
2026-01-21 10:50:09,reduce_speed,"{""action"": ""reduce_speed"", ""speed_limit"": 40, ""reason"": ""Heavy Congestion""}"
2026-01-21 10:50:12,reduce_speed,"{""action"": ""reduce_speed"", ""speed_limit"": 40, ""reason"": ""Heavy Congestion""}"
2026-01-21 10:50:15,normal,"{""action"": ""normal"", ""speed_limit"": 60, ""reason"": ""Free Flow""}"
2026-01-21 10:50:18,normal,"{""action"": ""normal"", ""speed_limit"": 60, ""reason"": ""Free Flow""}"
2026-01-21 10:50:21,reduce_speed,"{""action"": ""reduce_speed"", ""speed_limit"": 50, ""reason"": ""Moderate Congestion""}"
2026-01-21 10:50:24,reduce_speed,"{""action"": ""reduce_speed"", ""speed_limit"": 40, ""reason"": ""Heavy Congestion""}"
2026-01-21 10:50:27,reduce_speed,"{""action"": ""reduce_speed"", ""speed_limit"": 40, ""reason"": ""Heavy Congestion""}"
2026-01-21 10:50:30,reduce_speed,"{""action"": ""reduce_speed"", ""speed_limit"": 50, ""reason"": ""Moderate Congestion""}"
2026-01-21 10:50:33,reduce_speed,"{""action"": ""reduce_speed"", ""speed_limit"": 50, ""reason"": ""Moderate Congestion""}"
2026-01-21 10:50:36,normal,"{""action"": ""normal"", ""speed_limit"": 60, ""reason"": ""Free Flow""}"
2026-01-21 10:50:39,reduce_speed,"{""action"": ""reduce_speed"", ""speed_limit"": 50, ""reason"": ""Moderate Congestion""}"
2026-01-21 10:50:42,reduce_speed,"{""action"": ""reduce_speed"", ""speed_limit"": 50, ""reason"": ""Moderate Congestion""}"
2026-01-21 10:50:45,reduce_speed,"{""action"": ""reduce_speed"", ""speed_limit"": 50, ""reason"": ""Moderate Congestion""}"
2026-01-21 10:50:48,normal,"{""action"": ""normal"", ""speed_limit"": 60, ""reason"": ""Free Flow""}"
2026-01-21 10:50:51,reduce_speed,"{""action"": ""reduce_speed"", ""speed_limit"": 50, ""reason"": ""Moderate Congestion""}"
2026-01-21 10:50:54,reduce_speed,"{""action"": ""reduce_speed"", ""speed_limit"": 50, ""reason"": ""Moderate Congestion""}"
2026-01-21 10:50:57,normal,"{""action"": ""normal"", ""speed_limit"": 60, ""reason"": ""Free Flow""}"
2026-01-21 10:51:00,reduce_speed,"{""action"": ""reduce_speed"", ""speed_limit"": 50, ""reason"": ""Moderate Congestion""}"
2026-01-21 10:51:03,reduce_speed,"{""action"": ""reduce_speed"", ""speed_limit"": 50, ""reason"": ""Moderate Congestion""}"
2026-01-21 10:51:06,normal,"{""action"": ""normal"", ""speed_limit"": 60, ""reason"": ""Free Flow""}"
2026-01-21 10:51:09,reduce_speed,"{""action"": ""reduce_speed"", ""speed_limit"": 40, ""reason"": ""Heavy Congestion""}"
2026-01-21 10:51:12,reduce_speed,"{""action"": ""reduce_speed"", ""speed_limit"": 40, ""reason"": ""Heavy Congestion""}"
2026-01-21 10:51:15,normal,"{""action"": ""normal"", ""speed_limit"": 60, ""reason"": ""Free Flow""}"
2026-01-21 10:51:18,normal,"{""action"": ""normal"", ""speed_limit"": 60, ""reason"": ""Free Flow""}"
2026-01-21 10:51:21,normal,"{""action"": ""normal"", ""speed_limit"": 60, ""reason"": ""Free Flow""}"
2026-01-21 10:51:24,reduce_speed,"{""action"": ""reduce_speed"", ""speed_limit"": 50, ""reason"": ""Moderate Congestion""}"
2026-01-21 10:51:27,reduce_speed,"{""action"": ""reduce_speed"", ""speed_limit"": 50, ""reason"": ""Moderate Congestion""}"
2026-01-21 10:51:30,reduce_speed,"{""action"": ""reduce_speed"", ""speed_limit"": 40, ""reason"": ""Heavy Congestion""}"
2026-01-21 10:51:33,reduce_speed,"{""action"": ""reduce_speed"", ""speed_limit"": 40, ""reason"": ""Heavy Congestion""}"
2026-01-21 10:51:36,reduce_speed,"{""action"": ""reduce_speed"", ""speed_limit"": 50, ""reason"": ""Moderate Congestion""}"
2026-01-21 10:51:39,normal,"{""action"": ""normal"", ""speed_limit"": 60, ""reason"": ""Free Flow""}"
2026-01-21 10:51:42,reduce_speed,"{""action"": ""reduce_speed"", ""speed_limit"": 40, ""reason"": ""Heavy Congestion""}"
2026-01-21 10:51:45,normal,"{""action"": ""normal"", ""speed_limit"": 60, ""reason"": ""Free Flow""}"
2026-01-21 10:51:48,normal,"{""action"": ""normal"", ""speed_limit"": 60, ""reason"": ""Free Flow""}"
2026-01-21 10:51:51,reduce_speed,"{""action"": ""reduce_speed"", ""speed_limit"": 50, ""reason"": ""Moderate Congestion""}"
2026-01-21 10:51:54,reduce_speed,"{""action"": ""reduce_speed"", ""speed_limit"": 50, ""reason"": ""Moderate Congestion""}"
2026-01-21 10:51:57,reduce_speed,"{""action"": ""reduce_speed"", ""speed_limit"": 40, ""reason"": ""Heavy Congestion""}"
2026-01-21 10:52:00,reduce_speed,"{""action"": ""reduce_speed"", ""speed_limit"": 50, ""reason"": ""Moderate Congestion""}"
2026-01-21 10:52:03,normal,"{""action"": ""normal"", ""speed_limit"": 60, ""reason"": ""Free Flow""}"
2026-01-21 10:52:06,normal,"{""action"": ""normal"", ""speed_limit"": 60, ""reason"": ""Free Flow""}"
2026-01-21 10:52:09,reduce_speed,"{""action"": ""reduce_speed"", ""speed_limit"": 50, ""reason"": ""Moderate Congestion""}"
2026-01-21 10:52:12,normal,"{""action"": ""normal"", ""speed_limit"": 60, ""reason"": ""Free Flow""}"
2026-01-21 10:52:15,normal,"{""action"": ""normal"", ""speed_limit"": 60, ""reason"": ""Free Flow""}"
2026-01-21 10:52:18,reduce_speed,"{""action"": ""reduce_speed"", ""speed_limit"": 40, ""reason"": ""Heavy Congestion""}"
2026-01-21 10:52:21,reduce_speed,"{""action"": ""reduce_speed"", ""speed_limit"": 50, ""reason"": ""Moderate Congestion""}"
2026-01-21 10:52:24,reduce_speed,"{""action"": ""reduce_speed"", ""speed_limit"": 40, ""reason"": ""Heavy Congestion""}"
2026-01-21 10:52:27,reduce_speed,"{""action"": ""reduce_speed"", ""speed_limit"": 50, ""reason"": ""Moderate Congestion""}"
2026-01-21 10:52:30,reduce_speed,"{""action"": ""reduce_speed"", ""speed_limit"": 50, ""reason"": ""Moderate Congestion""}"
2026-01-21 10:52:33,reduce_speed,"{""action"": ""reduce_speed"", ""speed_limit"": 50, ""reason"": ""Moderate Congestion""}"
2026-01-21 10:52:36,normal,"{""action"": ""normal"", ""speed_limit"": 60, ""reason"": ""Free Flow""}"
2026-01-21 10:52:39,normal,"{""action"": ""normal"", ""speed_limit"": 60, ""reason"": ""Free Flow""}"
2026-01-21 10:52:42,reduce_speed,"{""action"": ""reduce_speed"", ""speed_limit"": 50, ""reason"": ""Moderate Congestion""}"
2026-01-21 10:52:45,reduce_speed,"{""action"": ""reduce_speed"", ""speed_limit"": 40, ""reason"": ""Heavy Congestion""}"
2026-01-21 10:52:48,normal,"{""action"": ""normal"", ""speed_limit"": 60, ""reason"": ""Free Flow""}"
2026-01-21 10:52:51,reduce_speed,"{""action"": ""reduce_speed"", ""speed_limit"": 50, ""reason"": ""Moderate Congestion""}"
2026-01-21 10:52:54,reduce_speed,"{""action"": ""reduce_speed"", ""speed_limit"": 40, ""reason"": ""Heavy Congestion""}"
2026-01-21 10:52:57,reduce_speed,"{""action"": ""reduce_speed"", ""speed_limit"": 50, ""reason"": ""Moderate Congestion""}"
2026-01-21 10:53:00,reduce_speed,"{""action"": ""reduce_speed"", ""speed_limit"": 50, ""reason"": ""Moderate Congestion""}"
2026-01-21 10:53:03,reduce_speed,"{""action"": ""reduce_speed"", ""speed_limit"": 50, ""reason"": ""Moderate Congestion""}"
2026-01-21 10:53:06,normal,"{""action"": ""normal"", ""speed_limit"": 60, ""reason"": ""Free Flow""}"
2026-01-21 10:53:09,reduce_speed,"{""action"": ""reduce_speed"", ""speed_limit"": 40, ""reason"": ""Heavy Congestion""}"
2026-01-21 10:53:12,normal,"{""action"": ""normal"", ""speed_limit"": 60, ""reason"": ""Free Flow""}"
2026-01-21 10:53:15,reduce_speed,"{""action"": ""reduce_speed"", ""speed_limit"": 40, ""reason"": ""Heavy Congestion""}"
2026-01-21 10:53:18,normal,"{""action"": ""normal"", ""speed_limit"": 60, ""reason"": ""Free Flow""}"
2026-01-21 10:53:21,reduce_speed,"{""action"": ""reduce_speed"", ""speed_limit"": 40, ""reason"": ""Heavy Congestion""}"
2026-01-21 10:53:24,reduce_speed,"{""action"": ""reduce_speed"", ""speed_limit"": 50, ""reason"": ""Moderate Congestion""}"
2026-01-21 10:53:27,reduce_speed,"{""action"": ""reduce_speed"", ""speed_limit"": 50, ""reason"": ""Moderate Congestion""}"
2026-01-21 10:53:30,normal,"{""action"": ""normal"", ""speed_limit"": 60, ""reason"": ""Free Flow""}"
2026-01-21 10:53:33,reduce_speed,"{""action"": ""reduce_speed"", ""speed_limit"": 50, ""reason"": ""Moderate Congestion""}"
2026-01-21 10:53:36,reduce_speed,"{""action"": ""reduce_speed"", ""speed_limit"": 40, ""reason"": ""Heavy Congestion""}"
2026-01-21 10:53:39,normal,"{""action"": ""normal"", ""speed_limit"": 60, ""reason"": ""Free Flow""}"
2026-01-21 10:53:42,reduce_speed,"{""action"": ""reduce_speed"", ""speed_limit"": 40, ""reason"": ""Heavy Congestion""}"
2026-01-21 10:53:45,reduce_speed,"{""action"": ""reduce_speed"", ""speed_limit"": 40, ""reason"": ""Heavy Congestion""}"
2026-01-21 10:53:48,normal,"{""action"": ""normal"", ""speed_limit"": 60, ""reason"": ""Free Flow""}"
2026-01-21 10:53:51,reduce_speed,"{""action"": ""reduce_speed"", ""speed_limit"": 50, ""reason"": ""Moderate Congestion""}"
2026-01-21 10:53:54,reduce_speed,"{""action"": ""reduce_speed"", ""speed_limit"": 40, ""reason"": ""Heavy Congestion""}"
2026-01-21 10:53:57,reduce_speed,"{""action"": ""reduce_speed"", ""speed_limit"": 50, ""reason"": ""Moderate Congestion""}"
2026-01-21 10:54:00,normal,"{""action"": ""normal"", ""speed_limit"": 60, ""reason"": ""Free Flow""}"
2026-01-21 10:54:03,normal,"{""action"": ""normal"", ""speed_limit"": 60, ""reason"": ""Free Flow""}"
2026-01-21 10:54:06,normal,"{""action"": ""normal"", ""speed_limit"": 60, ""reason"": ""Free Flow""}"
2026-01-21 10:54:09,reduce_speed,"{""action"": ""reduce_speed"", ""speed_limit"": 50, ""reason"": ""Moderate Congestion""}"
2026-01-21 10:54:12,reduce_speed,"{""action"": ""reduce_speed"", ""speed_limit"": 50, ""reason"": ""Moderate Congestion""}"
2026-01-21 10:54:15,normal,"{""action"": ""normal"", ""speed_limit"": 60, ""reason"": ""Free Flow""}"
2026-01-21 10:54:18,reduce_speed,"{""action"": ""reduce_speed"", ""speed_limit"": 40, ""reason"": ""Heavy Congestion""}"
2026-01-21 10:54:21,reduce_speed,"{""action"": ""reduce_speed"", ""speed_limit"": 50, ""reason"": ""Moderate Congestion""}"
2026-01-21 10:54:24,normal,"{""action"": ""normal"", ""speed_limit"": 60, ""reason"": ""Free Flow""}"
2026-01-21 10:54:27,normal,"{""action"": ""normal"", ""speed_limit"": 60, ""reason"": ""Free Flow""}"
2026-01-21 10:54:30,reduce_speed,"{""action"": ""reduce_speed"", ""speed_limit"": 40, ""reason"": ""Heavy Congestion""}"
2026-01-21 10:54:33,normal,"{""action"": ""normal"", ""speed_limit"": 60, ""reason"": ""Free Flow""}"
2026-01-21 10:54:36,reduce_speed,"{""action"": ""reduce_speed"", ""speed_limit"": 50, ""reason"": ""Moderate Congestion""}"
2026-01-21 10:54:39,reduce_speed,"{""action"": ""reduce_speed"", ""speed_limit"": 50, ""reason"": ""Moderate Congestion""}"
2026-01-21 10:54:42,normal,"{""action"": ""normal"", ""speed_limit"": 60, ""reason"": ""Free Flow""}"
2026-01-21 10:54:45,normal,"{""action"": ""normal"", ""speed_limit"": 60, ""reason"": ""Free Flow""}"
2026-01-21 10:54:48,normal,"{""action"": ""normal"", ""speed_limit"": 60, ""reason"": ""Free Flow""}"
2026-01-21 10:54:51,reduce_speed,"{""action"": ""reduce_speed"", ""speed_limit"": 50, ""reason"": ""Moderate Congestion""}"
2026-01-21 10:54:54,reduce_speed,"{""action"": ""reduce_speed"", ""speed_limit"": 50, ""reason"": ""Moderate Congestion""}"
2026-01-21 10:54:57,reduce_speed,"{""action"": ""reduce_speed"", ""speed_limit"": 50, ""reason"": ""Moderate Congestion""}"
2026-01-21 10:55:00,reduce_speed,"{""action"": ""reduce_speed"", ""speed_limit"": 40, ""reason"": ""Heavy Congestion""}"
2026-01-21 10:55:03,normal,"{""action"": ""normal"", ""speed_limit"": 60, ""reason"": ""Free Flow""}"
2026-01-21 10:55:06,reduce_speed,"{""action"": ""reduce_speed"", ""speed_limit"": 50, ""reason"": ""Moderate Congestion""}"
2026-01-21 10:55:09,reduce_speed,"{""action"": ""reduce_speed"", ""speed_limit"": 50, ""reason"": ""Moderate Congestion""}"
2026-01-21 10:55:12,normal,"{""action"": ""normal"", ""speed_limit"": 60, ""reason"": ""Free Flow""}"
2026-01-21 10:55:15,normal,"{""action"": ""normal"", ""speed_limit"": 60, ""reason"": ""Free Flow""}"
2026-01-21 10:55:18,normal,"{""action"": ""normal"", ""speed_limit"": 60, ""reason"": ""Free Flow""}"
2026-01-21 10:55:21,reduce_speed,"{""action"": ""reduce_speed"", ""speed_limit"": 40, ""reason"": ""Heavy Congestion""}"
2026-01-21 10:55:24,reduce_speed,"{""action"": ""reduce_speed"", ""speed_limit"": 40, ""reason"": ""Heavy Congestion""}"
2026-01-21 10:55:27,reduce_speed,"{""action"": ""reduce_speed"", ""speed_limit"": 50, ""reason"": ""Moderate Congestion""}"
2026-01-21 10:55:30,reduce_speed,"{""action"": ""reduce_speed"", ""speed_limit"": 40, ""reason"": ""Heavy Congestion""}"
2026-01-21 10:55:33,reduce_speed,"{""action"": ""reduce_speed"", ""speed_limit"": 40, ""reason"": ""Heavy Congestion""}"
2026-01-21 10:55:36,reduce_speed,"{""action"": ""reduce_speed"", ""speed_limit"": 50, ""reason"": ""Moderate Congestion""}"
2026-01-21 10:55:39,normal,"{""action"": ""normal"", ""speed_limit"": 60, ""reason"": ""Free Flow""}"
2026-01-21 10:55:42,reduce_speed,"{""action"": ""reduce_speed"", ""speed_limit"": 50, ""reason"": ""Moderate Congestion""}"
2026-01-21 10:55:45,normal,"{""action"": ""normal"", ""speed_limit"": 60, ""reason"": ""Free Flow""}"
2026-01-21 10:55:48,normal,"{""action"": ""normal"", ""speed_limit"": 60, ""reason"": ""Free Flow""}"
2026-01-21 10:55:51,reduce_speed,"{""action"": ""reduce_speed"", ""speed_limit"": 40, ""reason"": ""Heavy Congestion""}"
2026-01-21 10:55:54,normal,"{""action"": ""normal"", ""speed_limit"": 60, ""reason"": ""Free Flow""}"
2026-01-21 10:55:57,reduce_speed,"{""action"": ""reduce_speed"", ""speed_limit"": 40, ""reason"": ""Heavy Congestion""}"
2026-01-21 10:56:00,reduce_speed,"{""action"": ""reduce_speed"", ""speed_limit"": 50, ""reason"": ""Moderate Congestion""}"
2026-01-21 10:56:03,reduce_speed,"{""action"": ""reduce_speed"", ""speed_limit"": 40, ""reason"": ""Heavy Congestion""}"
2026-01-21 10:56:06,reduce_speed,"{""action"": ""reduce_speed"", ""speed_limit"": 50, ""reason"": ""Moderate Congestion""}"
2026-01-21 10:56:09,reduce_speed,"{""action"": ""reduce_speed"", ""speed_limit"": 50, ""reason"": ""Moderate Congestion""}"
2026-01-21 10:56:12,reduce_speed,"{""action"": ""reduce_speed"", ""speed_limit"": 50, ""reason"": ""Moderate Congestion""}"
2026-01-21 10:56:15,reduce_speed,"{""action"": ""reduce_speed"", ""speed_limit"": 40, ""reason"": ""Heavy Congestion""}"
2026-01-21 10:56:18,reduce_speed,"{""action"": ""reduce_speed"", ""speed_limit"": 50, ""reason"": ""Moderate Congestion""}"
2026-01-21 10:56:21,normal,"{""action"": ""normal"", ""speed_limit"": 60, ""reason"": ""Free Flow""}"
2026-01-21 10:56:24,reduce_speed,"{""action"": ""reduce_speed"", ""speed_limit"": 50, ""reason"": ""Moderate Congestion""}"
2026-01-21 10:56:27,normal,"{""action"": ""normal"", ""speed_limit"": 60, ""reason"": ""Free Flow""}"
2026-01-21 10:56:30,normal,"{""action"": ""normal"", ""speed_limit"": 60, ""reason"": ""Free Flow""}"
2026-01-21 10:56:33,reduce_speed,"{""action"": ""reduce_speed"", ""speed_limit"": 40, ""reason"": ""Heavy Congestion""}"
2026-01-21 10:56:36,reduce_speed,"{""action"": ""reduce_speed"", ""speed_limit"": 50, ""reason"": ""Moderate Congestion""}"
2026-01-21 10:56:39,reduce_speed,"{""action"": ""reduce_speed"", ""speed_limit"": 50, ""reason"": ""Moderate Congestion""}"
2026-01-21 10:56:42,normal,"{""action"": ""normal"", ""speed_limit"": 60, ""reason"": ""Free Flow""}"
2026-01-21 10:56:45,reduce_speed,"{""action"": ""reduce_speed"", ""speed_limit"": 50, ""reason"": ""Moderate Congestion""}"
2026-01-21 10:56:48,normal,"{""action"": ""normal"", ""speed_limit"": 60, ""reason"": ""Free Flow""}"
2026-01-21 10:56:51,reduce_speed,"{""action"": ""reduce_speed"", ""speed_limit"": 50, ""reason"": ""Moderate Congestion""}"
2026-01-21 10:56:54,normal,"{""action"": ""normal"", ""speed_limit"": 60, ""reason"": ""Free Flow""}"
2026-01-21 10:56:57,normal,"{""action"": ""normal"", ""speed_limit"": 60, ""reason"": ""Free Flow""}"
2026-01-21 10:57:00,reduce_speed,"{""action"": ""reduce_speed"", ""speed_limit"": 50, ""reason"": ""Moderate Congestion""}"
2026-01-21 10:57:03,reduce_speed,"{""action"": ""reduce_speed"", ""speed_limit"": 40, ""reason"": ""Heavy Congestion""}"
2026-01-21 10:57:06,reduce_speed,"{""action"": ""reduce_speed"", ""speed_limit"": 50, ""reason"": ""Moderate Congestion""}"
2026-03-03 01:37:49,SYS_1_NORTH_GREEN,"{""duration"": 5, ""queue"": 1}"
2026-03-03 01:38:14,SYS_1_NORTH_GREEN,"{""duration"": 8, ""queue"": 2}"
2026-03-03 01:40:17,SYS_1_NORTH_GREEN,"{""duration"": 5, ""queue"": 1}"
2026-03-03 01:40:42,SYS_1_NORTH_GREEN,"{""duration"": 8, ""queue"": 2}"
2026-03-03 01:41:25,SYS_1_NORTH_GREEN,"{""duration"": 5, ""queue"": 1}"
2026-03-03 01:41:49,SYS_1_NORTH_GREEN,"{""duration"": 8, ""queue"": 2}"
2026-03-03 01:42:17,SYS_1_NORTH_GREEN,"{""duration"": 15, ""queue"": 7}"
2026-03-03 01:44:10,SYS_3_SETTINGS,"{""manual_limit"": 249}"
2026-03-03 01:44:10,SYS_3_SETTINGS,"{""manual_limit"": 243}"
2026-03-03 01:44:10,SYS_3_SETTINGS,"{""manual_limit"": 232}"
2026-03-03 01:44:10,SYS_3_SETTINGS,"{""manual_limit"": 217}"
2026-03-03 01:44:10,SYS_3_SETTINGS,"{""manual_limit"": 209}"
2026-03-03 01:44:10,SYS_3_SETTINGS,"{""manual_limit"": 199}"
2026-03-03 01:44:10,SYS_3_SETTINGS,"{""manual_limit"": 195}"
2026-03-03 01:44:10,SYS_3_SETTINGS,"{""manual_limit"": 193}"
2026-03-03 01:44:10,SYS_3_SETTINGS,"{""manual_limit"": 190}"
2026-03-03 01:44:10,SYS_3_SETTINGS,"{""manual_limit"": 189}"
2026-03-03 01:44:11,SYS_3_SETTINGS,"{""manual_limit"": 188}"
2026-03-03 01:44:11,SYS_3_SETTINGS,"{""manual_limit"": 187}"
2026-03-03 01:44:11,SYS_3_SETTINGS,"{""manual_limit"": 186}"
2026-03-03 01:44:11,SYS_3_SETTINGS,"{""manual_limit"": 185}"
2026-03-03 01:44:11,SYS_3_SETTINGS,"{""manual_limit"": 183}"
2026-03-03 01:44:11,SYS_3_SETTINGS,"{""manual_limit"": 182}"
2026-03-03 01:44:11,SYS_3_SETTINGS,"{""manual_limit"": 179}"
2026-03-03 01:44:11,SYS_3_SETTINGS,"{""manual_limit"": 173}"
2026-03-03 01:44:11,SYS_3_SETTINGS,"{""manual_limit"": 166}"
2026-03-03 01:44:11,SYS_3_SETTINGS,"{""manual_limit"": 156}"
2026-03-03 01:44:11,SYS_3_SETTINGS,"{""manual_limit"": 150}"
2026-03-03 01:44:11,SYS_3_SETTINGS,"{""manual_limit"": 145}"
2026-03-03 01:44:11,SYS_3_SETTINGS,"{""manual_limit"": 140}"
2026-03-03 01:44:11,SYS_3_SETTINGS,"{""manual_limit"": 139}"
2026-03-03 01:44:11,SYS_3_SETTINGS,"{""manual_limit"": 138}"
2026-03-03 01:44:11,SYS_3_SETTINGS,"{""manual_limit"": 137}"
2026-03-03 01:44:11,SYS_3_SETTINGS,"{""manual_limit"": 136}"
2026-03-03 01:44:11,SYS_3_SETTINGS,"{""manual_limit"": 135}"
2026-03-03 01:44:11,SYS_3_SETTINGS,"{""manual_limit"": 134}"
2026-03-03 01:44:12,SYS_3_SETTINGS,"{""manual_limit"": 159}"
2026-03-03 01:44:12,SYS_3_SETTINGS,"{""manual_limit"": 173}"
2026-03-03 01:44:13,SYS_3_SETTINGS,"{""manual_limit"": 192}"
2026-03-03 01:44:13,SYS_3_SETTINGS,"{""manual_limit"": 207}"
2026-03-03 01:44:13,SYS_3_SETTINGS,"{""manual_limit"": 220}"
2026-03-03 01:44:13,SYS_3_SETTINGS,"{""manual_limit"": 232}"
2026-03-03 01:44:13,SYS_3_SETTINGS,"{""manual_limit"": 237}"
2026-03-03 01:44:13,SYS_3_SETTINGS,"{""manual_limit"": 240}"
2026-03-03 01:44:13,SYS_3_SETTINGS,"{""manual_limit"": 247}"
2026-03-03 01:44:13,SYS_3_SETTINGS,"{""manual_limit"": 255}"
2026-03-03 01:44:16,SYS_3_SETTINGS,"{""danger"": false}"
2026-03-03 01:44:17,SYS_3_SETTINGS,"{""danger"": false}"
2026-03-03 01:44:18,SYS_3_SETTINGS,"{""danger"": true}"
2026-03-03 01:44:25,SYS_3_SETTINGS,"{""danger"": false}"
2026-03-03 01:44:28,SYS_3_SETTINGS,"{""danger"": true}"
2026-03-03 01:44:48,SYS_3_SETTINGS,"{""danger"": false}"
2026-03-03 01:44:53,SYS_3_SETTINGS,"{""manual_limit"": 173}"
2026-03-03 01:45:12,SYS_1_NORTH_GREEN,"{""duration"": 5, ""queue"": 1}"
2026-03-03 01:45:35,SYS_3_SETTINGS,"{""danger"": false}"
2026-03-03 01:45:37,SYS_3_SETTINGS,"{""danger"": false}"
2026-03-03 01:45:37,SYS_1_NORTH_GREEN,"{""duration"": 8, ""queue"": 2}"
2026-03-03 01:45:39,SYS_3_SETTINGS,"{""manual_limit"": 255}"
2026-03-03 01:45:42,SYS_3_SETTINGS,"{""danger"": true}"
2026-03-03 01:45:44,SYS_3_SETTINGS,"{""danger"": false}"
2026-03-03 01:46:04,SYS_1_NORTH_GREEN,"{""duration"": 15, ""queue"": 5}"
2026-03-03 01:46:31,SYS_3_SETTINGS,"{""danger"": false}"
2026-03-03 01:46:31,SYS_3_SETTINGS,"{""danger"": false}"
2026-03-03 01:46:32,SYS_3_SETTINGS,"{""danger"": false}"
2026-03-03 01:46:39,SYS_1_NORTH_GREEN,"{""duration"": 15, ""queue"": 17}"
2026-03-03 01:47:14,SYS_1_NORTH_GREEN,"{""duration"": 15, ""queue"": 23}"
2026-03-03 01:47:48,SYS_1_NORTH_GREEN,"{""duration"": 5, ""queue"": 1}"
2026-03-03 01:47:55,SYS_3_SETTINGS,"{""danger"": true}"
2026-03-03 01:47:58,SYS_3_SETTINGS,"{""danger"": false}"
2026-03-03 01:47:59,SYS_3_SETTINGS,"{""danger"": false}"
2026-03-03 01:47:59,SYS_3_SETTINGS,"{""danger"": false}"
2026-03-03 01:47:59,SYS_3_SETTINGS,"{""danger"": false}"
2026-03-03 01:48:00,SYS_3_SETTINGS,"{""danger"": false}"
2026-03-03 01:48:00,SYS_3_SETTINGS,"{""danger"": false}"
2026-03-03 01:48:00,SYS_3_SETTINGS,"{""danger"": false}"
2026-03-03 01:48:08,SYS_3_SETTINGS,"{""danger"": true}"
2026-03-03 01:48:11,SYS_3_SETTINGS,"{""danger"": false}"
2026-03-03 01:48:13,SYS_1_NORTH_GREEN,"{""duration"": 8, ""queue"": 2}"
2026-03-03 01:51:55,SYS_3_SETTINGS,"{""danger"": false}"
2026-03-03 01:51:55,SYS_3_SETTINGS,"{""danger"": false}"
2026-03-03 01:51:55,SYS_3_SETTINGS,"{""danger"": false}"
2026-03-03 01:51:57,SYS_3_SETTINGS,"{""manual_limit"": 250}"
2026-03-03 01:51:57,SYS_3_SETTINGS,"{""manual_limit"": 245}"
2026-03-03 01:51:57,SYS_3_SETTINGS,"{""manual_limit"": 239}"
2026-03-03 01:51:57,SYS_3_SETTINGS,"{""manual_limit"": 229}"
2026-03-03 01:51:57,SYS_3_SETTINGS,"{""manual_limit"": 221}"
2026-03-03 01:51:57,SYS_3_SETTINGS,"{""manual_limit"": 205}"
2026-03-03 01:51:57,SYS_3_SETTINGS,"{""manual_limit"": 193}"
2026-03-03 01:51:57,SYS_3_SETTINGS,"{""manual_limit"": 183}"
2026-03-03 01:51:57,SYS_3_SETTINGS,"{""manual_limit"": 161}"
2026-03-03 01:51:57,SYS_3_SETTINGS,"{""manual_limit"": 149}"
2026-03-03 01:51:57,SYS_3_SETTINGS,"{""manual_limit"": 136}"
2026-03-03 01:51:57,SYS_3_SETTINGS,"{""manual_limit"": 121}"
2026-03-03 01:51:57,SYS_3_SETTINGS,"{""manual_limit"": 114}"
2026-03-03 01:51:57,SYS_3_SETTINGS,"{""manual_limit"": 106}"
2026-03-03 01:51:57,SYS_3_SETTINGS,"{""manual_limit"": 103}"
2026-03-03 01:52:01,SYS_1_NORTH_GREEN,"{""duration"": 5, ""queue"": 1}"
2026-03-03 01:52:06,SYS_3_SETTINGS,"{""manual_limit"": 129}"
2026-03-03 01:52:06,SYS_3_SETTINGS,"{""manual_limit"": 141}"
2026-03-03 01:52:06,SYS_3_SETTINGS,"{""manual_limit"": 155}"
2026-03-03 01:52:06,SYS_3_SETTINGS,"{""manual_limit"": 161}"
2026-03-03 01:52:06,SYS_3_SETTINGS,"{""manual_limit"": 173}"
2026-03-03 01:52:06,SYS_3_SETTINGS,"{""manual_limit"": 181}"
2026-03-03 01:52:06,SYS_3_SETTINGS,"{""manual_limit"": 187}"
2026-03-03 01:52:06,SYS_3_SETTINGS,"{""manual_limit"": 195}"
2026-03-03 01:52:06,SYS_3_SETTINGS,"{""manual_limit"": 198}"
2026-03-03 01:52:06,SYS_3_SETTINGS,"{""manual_limit"": 201}"
2026-03-03 01:52:06,SYS_3_SETTINGS,"{""manual_limit"": 202}"
2026-03-03 01:52:06,SYS_3_SETTINGS,"{""manual_limit"": 205}"
2026-03-03 01:52:06,SYS_3_SETTINGS,"{""manual_limit"": 220}"
2026-03-03 01:52:06,SYS_3_SETTINGS,"{""manual_limit"": 242}"
2026-03-03 01:52:06,SYS_3_SETTINGS,"{""manual_limit"": 255}"
2026-03-03 01:52:26,SYS_1_NORTH_GREEN,"{""duration"": 13, ""queue"": 4}"
2026-03-03 01:56:29,SYS_1_NORTH_GREEN,"{""duration"": 5, ""queue"": 1}"
2026-03-03 01:56:54,SYS_1_NORTH_GREEN,"{""duration"": 13, ""queue"": 4}"
2026-03-03 01:57:26,SYS_1_NORTH_GREEN,"{""duration"": 13, ""queue"": 4}"
2026-03-03 01:57:59,SYS_1_NORTH_GREEN,"{""duration"": 13, ""queue"": 4}"
2026-03-03 02:01:22,SYS_1_NORTH_GREEN,"{""duration"": 5, ""queue"": 1}"
2026-03-03 02:01:53,SYS_1_NORTH_GREEN,"{""duration"": 5, ""queue"": 1}"
2026-03-03 02:02:29,SYS_1_NORTH_GREEN,"{""duration"": 5, ""queue"": 1}"
2026-03-03 02:02:55,SYS_1_NORTH_GREEN,"{""duration"": 5, ""queue"": 1}"
2026-03-03 02:03:19,SYS_1_NORTH_GREEN,"{""duration"": 5, ""queue"": 1}"
2026-03-03 02:03:44,SYS_1_NORTH_GREEN,"{""duration"": 5, ""queue"": 1}"
2026-03-03 02:04:08,SYS_1_NORTH_GREEN,"{""duration"": 5, ""queue"": 1}"
2026-03-03 02:04:33,SYS_1_NORTH_GREEN,"{""duration"": 5, ""queue"": 1}"
2026-03-03 02:12:46,SYS_1_NORTH_GREEN,"{""duration"": 5, ""queue"": 1}"
2026-03-03 02:13:10,SYS_1_NORTH_GREEN,"{""duration"": 13, ""queue"": 4}"
2026-03-03 02:13:42,SYS_3_SETTINGS,"{""danger"": true}"
2026-03-03 02:13:46,SYS_3_SETTINGS,"{""danger"": false}"
2026-03-03 02:15:12,SYS_1_NORTH_GREEN,"{""duration"": 5, ""queue"": 1}"
2026-03-03 02:29:35,SYS_1_NORTH_GREEN,"{""duration"": 5, ""queue"": 1}"
2026-03-03 02:29:59,SYS_1_NORTH_GREEN,"{""duration"": 13, ""queue"": 4}"
2026-03-03 02:30:34,SYS_1_NORTH_GREEN,"{""duration"": 5, ""queue"": 1}"
2026-03-03 02:30:59,SYS_1_NORTH_GREEN,"{""duration"": 8, ""queue"": 2}"
2026-03-03 02:31:26,SYS_1_NORTH_GREEN,"{""duration"": 8, ""queue"": 2}"
2026-03-03 02:31:54,SYS_1_NORTH_GREEN,"{""duration"": 15, ""queue"": 5}"
2026-03-26 00:39:42,SYS_1_NORTH_GREEN,"{""duration"": 5, ""queue"": 1}"
2026-03-27 02:33:21,SYS_1_NORTH_GREEN,"{""duration"": 5, ""queue"": 1}"
2026-03-27 02:33:46,SYS_1_NORTH_GREEN,"{""duration"": 8, ""queue"": 2}"
2026-03-27 02:34:14,SYS_1_NORTH_GREEN,"{""duration"": 8, ""queue"": 2}"
2026-03-27 02:34:42,SYS_1_NORTH_GREEN,"{""duration"": 8, ""queue"": 2}"
2026-03-27 02:35:10,SYS_1_NORTH_GREEN,"{""duration"": 8, ""queue"": 2}"
2026-03-27 02:35:37,SYS_1_NORTH_GREEN,"{""duration"": 8, ""queue"": 2}"
2026-03-27 02:36:05,SYS_1_NORTH_GREEN,"{""duration"": 8, ""queue"": 2}"
2026-03-27 02:36:33,SYS_1_NORTH_GREEN,"{""duration"": 8, ""queue"": 2}"
2026-03-27 02:37:01,SYS_1_NORTH_GREEN,"{""duration"": 8, ""queue"": 2}"
2026-03-27 02:37:29,SYS_1_NORTH_GREEN,"{""duration"": 8, ""queue"": 2}"
2026-03-27 03:17:46,SYS_1_NORTH_GREEN,"{""duration"": 5, ""queue"": 1}"
2026-03-27 03:18:11,SYS_1_NORTH_GREEN,"{""duration"": 8, ""queue"": 2}"
2026-03-27 03:18:39,SYS_1_NORTH_GREEN,"{""duration"": 8, ""queue"": 2}"
2026-03-27 03:19:07,SYS_1_NORTH_GREEN,"{""duration"": 8, ""queue"": 2}"
2026-03-27 03:19:35,SYS_1_NORTH_GREEN,"{""duration"": 15, ""queue"": 12}"
2026-03-27 03:20:10,SYS_1_NORTH_GREEN,"{""duration"": 15, ""queue"": 12}"
2026-03-27 03:20:44,SYS_1_NORTH_GREEN,"{""duration"": 10, ""queue"": 3}"
2026-03-27 03:21:14,SYS_1_NORTH_GREEN,"{""duration"": 10, ""queue"": 3}"
2026-03-27 03:21:44,SYS_1_NORTH_GREEN,"{""duration"": 10, ""queue"": 3}"
2026-03-27 03:22:14,SYS_1_NORTH_GREEN,"{""duration"": 10, ""queue"": 3}"
2026-03-27 03:22:44,SYS_1_NORTH_GREEN,"{""duration"": 10, ""queue"": 3}"
2026-03-27 03:23:05,SYS_3_SETTINGS,"{""danger"": true}"
2026-03-27 03:23:08,SYS_3_SETTINGS,"{""danger"": true}"
2026-03-27 03:23:11,SYS_3_SETTINGS,"{""danger"": true}"
2026-03-27 03:23:13,SYS_3_SETTINGS,"{""danger"": false}"
2026-03-27 03:23:13,SYS_3_SETTINGS,"{""danger"": false}"
2026-03-27 03:23:14,SYS_1_NORTH_GREEN,"{""duration"": 10, ""queue"": 3}"
2026-03-27 03:23:44,SYS_1_NORTH_GREEN,"{""duration"": 10, ""queue"": 3}"
2026-03-27 03:24:13,SYS_1_NORTH_GREEN,"{""duration"": 10, ""queue"": 3}"
2026-03-27 03:24:43,SYS_1_NORTH_GREEN,"{""duration"": 10, ""queue"": 3}"
2026-03-27 03:24:59,SYS_2_EMERGENCY,"{""action"": ""Forced North Green"", ""status"": ""ACTIVE""}"
2026-03-27 03:25:03,SYS_2_EMERGENCY,"{""action"": ""Emergency Cleared"", ""status"": ""RESOLVED""}"
2026-03-27 03:25:20,SYS_1_NORTH_GREEN,"{""duration"": 10, ""queue"": 3}"
2026-03-27 03:25:50,SYS_1_NORTH_GREEN,"{""duration"": 10, ""queue"": 3}"
2026-03-27 03:26:20,SYS_1_NORTH_GREEN,"{""duration"": 10, ""queue"": 3}"
2026-03-27 03:26:50,SYS_1_NORTH_GREEN,"{""duration"": 10, ""queue"": 3}"
2026-03-27 03:27:20,SYS_1_NORTH_GREEN,"{""duration"": 10, ""queue"": 3}"
2026-03-27 03:27:49,SYS_1_NORTH_GREEN,"{""duration"": 10, ""queue"": 3}"
2026-03-27 03:28:19,SYS_1_NORTH_GREEN,"{""duration"": 10, ""queue"": 3}"
2026-03-27 03:28:49,SYS_1_NORTH_GREEN,"{""duration"": 10, ""queue"": 3}"
2026-03-27 03:29:19,SYS_1_NORTH_GREEN,"{""duration"": 10, ""queue"": 3}"
2026-03-27 03:29:49,SYS_1_NORTH_GREEN,"{""duration"": 10, ""queue"": 3}"
2026-03-27 03:30:19,SYS_1_NORTH_GREEN,"{""duration"": 10, ""queue"": 3}"
2026-03-27 03:30:49,SYS_1_NORTH_GREEN,"{""duration"": 10, ""queue"": 3}"
2026-03-27 03:31:19,SYS_1_NORTH_GREEN,"{""duration"": 10, ""queue"": 3}"
2026-03-27 03:31:48,SYS_1_NORTH_GREEN,"{""duration"": 10, ""queue"": 3}"
2026-03-27 03:32:18,SYS_1_NORTH_GREEN,"{""duration"": 10, ""queue"": 3}"
2026-03-27 03:32:48,SYS_1_NORTH_GREEN,"{""duration"": 10, ""queue"": 3}"
2026-03-27 03:33:18,SYS_1_NORTH_GREEN,"{""duration"": 10, ""queue"": 3}"
2026-03-27 03:33:35,SYS_2_EMERGENCY,"{""action"": ""Forced North Green"", ""status"": ""ACTIVE""}"
2026-03-27 03:33:39,SYS_2_EMERGENCY,"{""action"": ""Emergency Cleared"", ""status"": ""RESOLVED""}"
2026-03-27 03:33:57,SYS_1_NORTH_GREEN,"{""duration"": 15, ""queue"": 7}"
2026-03-27 03:34:32,SYS_1_NORTH_GREEN,"{""duration"": 15, ""queue"": 7}"
2026-03-27 03:35:06,SYS_1_NORTH_GREEN,"{""duration"": 15, ""queue"": 7}"
2026-03-27 03:35:41,SYS_1_NORTH_GREEN,"{""duration"": 15, ""queue"": 7}"
2026-03-27 03:36:16,SYS_1_NORTH_GREEN,"{""duration"": 15, ""queue"": 7}"
2026-03-27 03:36:51,SYS_1_NORTH_GREEN,"{""duration"": 15, ""queue"": 7}"
2026-03-27 03:37:26,SYS_1_NORTH_GREEN,"{""duration"": 15, ""queue"": 7}"
2026-03-27 03:38:01,SYS_1_NORTH_GREEN,"{""duration"": 15, ""queue"": 7}"
2026-03-27 03:38:35,SYS_1_NORTH_GREEN,"{""duration"": 15, ""queue"": 7}"
2026-03-27 03:39:10,SYS_1_NORTH_GREEN,"{""duration"": 15, ""queue"": 7}"
2026-03-27 03:39:45,SYS_1_NORTH_GREEN,"{""duration"": 15, ""queue"": 7}"
2026-03-27 03:40:20,SYS_1_NORTH_GREEN,"{""duration"": 15, ""queue"": 7}"
2026-03-27 03:40:55,SYS_1_NORTH_GREEN,"{""duration"": 15, ""queue"": 7}"
2026-03-27 03:41:30,SYS_1_NORTH_GREEN,"{""duration"": 15, ""queue"": 7}"
2026-03-27 03:42:04,SYS_1_NORTH_GREEN,"{""duration"": 15, ""queue"": 7}"
2026-03-27 03:42:39,SYS_1_NORTH_GREEN,"{""duration"": 15, ""queue"": 7}"
2026-03-27 03:43:17,SYS_3_SETTINGS,"{""queue_update"": {""arm"": ""West"", ""change"": 1}}"
2026-03-27 03:43:17,SYS_3_SETTINGS,"{""queue_update"": {""arm"": ""West"", ""change"": 1}}"
2026-03-27 03:43:20,SYS_3_SETTINGS,"{""queue_update"": {""arm"": ""West"", ""change"": -1}}"
2026-03-27 03:43:22,SYS_3_SETTINGS,"{""queue_update"": {""arm"": ""South"", ""change"": 1}}"
2026-03-27 03:43:23,SYS_3_SETTINGS,"{""queue_update"": {""arm"": ""South"", ""change"": 1}}"
2026-03-27 03:43:24,SYS_3_SETTINGS,"{""queue_update"": {""arm"": ""East"", ""change"": -1}}"
2026-03-27 03:43:25,SYS_3_SETTINGS,"{""queue_update"": {""arm"": ""East"", ""change"": -1}}"
2026-03-27 03:43:27,SYS_1_NORTH_GREEN,"{""duration"": 5, ""queue"": 1}"
2026-03-27 03:43:35,SYS_3_SETTINGS,"{""queue_update"": {""arm"": ""West"", ""change"": 1}}"
2026-03-27 03:43:37,SYS_3_SETTINGS,"{""queue_update"": {""arm"": ""West"", ""change"": 1}}"
2026-03-27 03:43:37,SYS_3_SETTINGS,"{""queue_update"": {""arm"": ""West"", ""change"": 1}}"
2026-03-27 03:43:37,SYS_3_SETTINGS,"{""queue_update"": {""arm"": ""West"", ""change"": 1}}"
2026-03-27 03:43:38,SYS_3_SETTINGS,"{""queue_update"": {""arm"": ""West"", ""change"": -1}}"
2026-03-27 03:43:39,SYS_3_SETTINGS,"{""queue_update"": {""arm"": ""West"", ""change"": -1}}"
2026-03-27 03:43:39,SYS_3_SETTINGS,"{""queue_update"": {""arm"": ""West"", ""change"": -1}}"
2026-03-27 03:43:40,SYS_3_SETTINGS,"{""queue_update"": {""arm"": ""South"", ""change"": 1}}"
2026-03-27 03:43:41,SYS_3_SETTINGS,"{""queue_update"": {""arm"": ""South"", ""change"": 1}}"
2026-03-27 03:43:42,SYS_3_SETTINGS,"{""queue_update"": {""arm"": ""South"", ""change"": -1}}"
2026-03-27 03:43:42,SYS_3_SETTINGS,"{""queue_update"": {""arm"": ""South"", ""change"": -1}}"
2026-03-27 03:43:47,SYS_3_SETTINGS,"{""queue_update"": {""arm"": ""South"", ""change"": 1}}"
2026-03-27 03:43:47,SYS_3_SETTINGS,"{""queue_update"": {""arm"": ""South"", ""change"": 1}}"
2026-03-27 03:43:59,SYS_1_NORTH_GREEN,"{""duration"": 5, ""queue"": 1}"
2026-03-27 03:44:02,SYS_3_SETTINGS,"{""queue_update"": {""arm"": ""West"", ""change"": -1}}"
2026-03-27 03:44:17,SYS_3_SETTINGS,"{""queue_update"": {""arm"": ""East"", ""change"": -1}}"
2026-03-27 03:44:18,SYS_3_SETTINGS,"{""queue_update"": {""arm"": ""East"", ""change"": 1}}"
2026-03-27 03:44:34,SYS_1_NORTH_GREEN,"{""duration"": 5, ""queue"": 1}"
2026-03-27 03:44:40,SYS_3_SETTINGS,"{""queue_update"": {""arm"": ""West"", ""change"": 1}}"
2026-03-27 03:44:46,SYS_3_SETTINGS,"{""queue_update"": {""arm"": ""South"", ""change"": -1}}"
2026-03-27 03:44:51,SYS_3_SETTINGS,"{""queue_update"": {""arm"": ""West"", ""change"": -1}}"
2026-03-27 03:45:14,SYS_1_NORTH_GREEN,"{""duration"": 5, ""queue"": 1}"
2026-03-27 03:45:39,SYS_3_SETTINGS,"{""queue_update"": {""arm"": ""West"", ""change"": -1}}"
2026-03-27 03:45:42,SYS_3_SETTINGS,"{""queue_update"": {""arm"": ""East"", ""change"": -1}}"
2026-03-27 03:45:52,SYS_1_NORTH_GREEN,"{""duration"": 5, ""queue"": 1}"
2026-03-27 03:46:22,SYS_1_NORTH_GREEN,"{""duration"": 5, ""queue"": 1}"
2026-03-27 03:46:40,SYS_2_EMERGENCY,"{""action"": ""Forced North Green"", ""status"": ""ACTIVE""}"
2026-03-27 03:46:47,SYS_2_EMERGENCY,"{""action"": ""Emergency Cleared"", ""status"": ""RESOLVED""}"
2026-03-27 03:46:54,SYS_3_SETTINGS,"{""queue_update"": {""arm"": ""South"", ""change"": -1}}"
2026-03-27 03:46:55,SYS_3_SETTINGS,"{""queue_update"": {""arm"": ""South"", ""change"": -1}}"
2026-03-27 03:47:10,SYS_1_NORTH_GREEN,"{""duration"": 10, ""queue"": 3}"
2026-03-27 03:47:34,SYS_3_SETTINGS,"{""queue_update"": {""arm"": ""South"", ""change"": -1}}"
2026-03-27 03:47:40,SYS_1_NORTH_GREEN,"{""duration"": 10, ""queue"": 3}"
2026-03-27 03:48:02,SYS_1_NORTH_GREEN,"{""duration"": 10, ""queue"": 3}"
2026-03-27 03:48:24,SYS_1_NORTH_GREEN,"{""duration"": 10, ""queue"": 3}"
2026-03-27 03:48:47,SYS_1_NORTH_GREEN,"{""duration"": 10, ""queue"": 3}"
2026-03-27 03:49:09,SYS_1_NORTH_GREEN,"{""duration"": 10, ""queue"": 3}"
2026-03-27 03:49:31,SYS_1_NORTH_GREEN,"{""duration"": 10, ""queue"": 3}"
2026-03-27 03:49:53,SYS_1_NORTH_GREEN,"{""duration"": 10, ""queue"": 3}"
2026-03-27 03:50:16,SYS_1_NORTH_GREEN,"{""duration"": 10, ""queue"": 3}"
2026-03-27 03:50:38,SYS_1_NORTH_GREEN,"{""duration"": 10, ""queue"": 3}"
2026-03-27 03:51:00,SYS_1_NORTH_GREEN,"{""duration"": 10, ""queue"": 3}"
2026-03-27 03:51:22,SYS_1_NORTH_GREEN,"{""duration"": 10, ""queue"": 3}"
2026-03-27 03:51:44,SYS_1_NORTH_GREEN,"{""duration"": 10, ""queue"": 3}"
2026-03-27 03:52:07,SYS_1_NORTH_GREEN,"{""duration"": 10, ""queue"": 3}"
2026-03-27 03:52:29,SYS_1_NORTH_GREEN,"{""duration"": 10, ""queue"": 3}"
2026-03-27 03:52:51,SYS_1_NORTH_GREEN,"{""duration"": 10, ""queue"": 3}"
2026-03-27 03:53:13,SYS_1_NORTH_GREEN,"{""duration"": 10, ""queue"": 3}"
2026-03-27 03:53:36,SYS_1_NORTH_GREEN,"{""duration"": 10, ""queue"": 3}"
2026-03-27 03:53:58,SYS_1_NORTH_GREEN,"{""duration"": 10, ""queue"": 3}"
2026-03-27 03:54:20,SYS_1_NORTH_GREEN,"{""duration"": 10, ""queue"": 3}"
2026-03-27 03:54:42,SYS_1_NORTH_GREEN,"{""duration"": 10, ""queue"": 3}"
2026-03-27 03:55:04,SYS_1_NORTH_GREEN,"{""duration"": 10, ""queue"": 3}"
2026-03-27 03:55:27,SYS_1_NORTH_GREEN,"{""duration"": 10, ""queue"": 3}"
2026-03-27 03:55:49,SYS_1_NORTH_GREEN,"{""duration"": 10, ""queue"": 3}"
2026-03-27 03:56:11,SYS_1_NORTH_GREEN,"{""duration"": 10, ""queue"": 3}"
2026-03-27 03:56:33,SYS_1_NORTH_GREEN,"{""duration"": 10, ""queue"": 3}"
2026-03-27 03:56:56,SYS_1_NORTH_GREEN,"{""duration"": 10, ""queue"": 3}"
2026-03-27 03:57:18,SYS_1_NORTH_GREEN,"{""duration"": 10, ""queue"": 3}"
2026-03-27 03:57:40,SYS_1_NORTH_GREEN,"{""duration"": 10, ""queue"": 3}"
2026-03-27 03:58:02,SYS_1_NORTH_GREEN,"{""duration"": 10, ""queue"": 3}"
2026-03-27 03:58:24,SYS_1_NORTH_GREEN,"{""duration"": 10, ""queue"": 3}"
2026-03-27 03:58:47,SYS_1_NORTH_GREEN,"{""duration"": 10, ""queue"": 3}"
2026-03-27 03:59:09,SYS_1_NORTH_GREEN,"{""duration"": 10, ""queue"": 3}"
2026-03-27 03:59:31,SYS_1_NORTH_GREEN,"{""duration"": 10, ""queue"": 3}"
2026-03-27 03:59:53,SYS_1_NORTH_GREEN,"{""duration"": 5, ""queue"": 1}"
2026-03-27 04:00:11,SYS_1_NORTH_GREEN,"{""duration"": 8, ""queue"": 2}"
2026-03-27 04:00:31,SYS_1_NORTH_GREEN,"{""duration"": 8, ""queue"": 2}"
2026-03-27 04:00:51,SYS_1_NORTH_GREEN,"{""duration"": 8, ""queue"": 2}"
2026-03-27 04:01:11,SYS_1_NORTH_GREEN,"{""duration"": 8, ""queue"": 2}"
2026-03-27 04:01:31,SYS_1_NORTH_GREEN,"{""duration"": 8, ""queue"": 2}"
2026-03-27 04:01:52,SYS_1_NORTH_GREEN,"{""duration"": 8, ""queue"": 2}"
2026-03-27 04:02:01,SYS_3_SETTINGS,"{""queue_update"": {""arm"": ""East"", ""change"": 1}}"
2026-03-27 04:02:05,SYS_3_SETTINGS,"{""queue_update"": {""arm"": ""South"", ""change"": 1}}"
2026-03-27 04:02:27,SYS_1_NORTH_GREEN,"{""duration"": 8, ""queue"": 2}"
2026-03-27 04:03:02,SYS_1_NORTH_GREEN,"{""duration"": 8, ""queue"": 2}"
2026-03-27 04:03:38,SYS_1_NORTH_GREEN,"{""duration"": 8, ""queue"": 2}"
2026-03-27 04:04:13,SYS_1_NORTH_GREEN,"{""duration"": 8, ""queue"": 2}"
2026-03-27 04:04:49,SYS_1_NORTH_GREEN,"{""duration"": 8, ""queue"": 2}"
2026-03-27 04:05:24,SYS_1_NORTH_GREEN,"{""duration"": 8, ""queue"": 2}"
2026-03-27 04:06:00,SYS_1_NORTH_GREEN,"{""duration"": 8, ""queue"": 2}"
2026-03-27 04:06:35,SYS_1_NORTH_GREEN,"{""duration"": 8, ""queue"": 2}"
2026-03-27 04:07:11,SYS_1_NORTH_GREEN,"{""duration"": 8, ""queue"": 2}"
2026-03-27 04:07:16,SYS_3_SETTINGS,"{""queue_update"": {""arm"": ""West"", ""change"": -1}}"
2026-03-27 04:07:44,SYS_1_NORTH_GREEN,"{""duration"": 5, ""queue"": 1}"
2026-03-27 04:08:14,SYS_1_NORTH_GREEN,"{""duration"": 8, ""queue"": 2}"
2026-03-27 04:08:47,SYS_1_NORTH_GREEN,"{""duration"": 8, ""queue"": 2}"
2026-03-27 04:09:20,SYS_1_NORTH_GREEN,"{""duration"": 8, ""queue"": 2}"
2026-03-27 04:09:52,SYS_1_NORTH_GREEN,"{""duration"": 8, ""queue"": 2}"
2026-03-27 04:10:25,SYS_1_NORTH_GREEN,"{""duration"": 8, ""queue"": 2}"
2026-03-27 04:10:58,SYS_1_NORTH_GREEN,"{""duration"": 8, ""queue"": 2}"
2026-03-27 04:11:31,SYS_1_NORTH_GREEN,"{""duration"": 8, ""queue"": 2}"
2026-03-27 04:12:04,SYS_1_NORTH_GREEN,"{""duration"": 8, ""queue"": 2}"
2026-03-27 04:12:37,SYS_1_NORTH_GREEN,"{""duration"": 8, ""queue"": 2}"
2026-03-27 04:13:10,SYS_1_NORTH_GREEN,"{""duration"": 8, ""queue"": 2}"
2026-03-27 04:13:43,SYS_1_NORTH_GREEN,"{""duration"": 8, ""queue"": 2}"
2026-03-27 04:14:16,SYS_1_NORTH_GREEN,"{""duration"": 8, ""queue"": 2}"
2026-03-27 04:14:49,SYS_1_NORTH_GREEN,"{""duration"": 8, ""queue"": 2}"
2026-03-27 04:15:22,SYS_1_NORTH_GREEN,"{""duration"": 8, ""queue"": 2}"
2026-03-27 04:15:55,SYS_1_NORTH_GREEN,"{""duration"": 8, ""queue"": 2}"
2026-03-27 04:16:28,SYS_1_NORTH_GREEN,"{""duration"": 8, ""queue"": 2}"
2026-03-27 04:17:01,SYS_1_NORTH_GREEN,"{""duration"": 8, ""queue"": 2}"
2026-03-27 04:17:34,SYS_1_NORTH_GREEN,"{""duration"": 8, ""queue"": 2}"
2026-03-27 04:18:07,SYS_1_NORTH_GREEN,"{""duration"": 8, ""queue"": 2}"
2026-03-27 04:18:37,SYS_3_SETTINGS,"{""queue_update"": {""arm"": ""West"", ""change"": 1}}"
2026-03-27 04:18:40,SYS_1_NORTH_GREEN,"{""duration"": 8, ""queue"": 2}"
2026-03-27 04:18:42,SYS_3_SETTINGS,"{""queue_update"": {""arm"": ""South"", ""change"": 1}}"
2026-03-27 04:18:55,SYS_2_EMERGENCY,"{""action"": ""Forced North Green"", ""status"": ""ACTIVE""}"
2026-03-27 04:19:01,SYS_2_EMERGENCY,"{""action"": ""Emergency Cleared"", ""status"": ""RESOLVED""}"
2026-03-27 04:19:10,SYS_2_EMERGENCY,"{""action"": ""Forced North Green"", ""status"": ""ACTIVE""}"
2026-03-27 04:19:24,SYS_2_EMERGENCY,"{""action"": ""Emergency Cleared"", ""status"": ""RESOLVED""}"
2026-03-27 04:19:34,SYS_2_EMERGENCY,"{""action"": ""Forced North Green"", ""status"": ""ACTIVE""}"
2026-03-27 04:25:38,SYS_2_EMERGENCY,"{""action"": ""Emergency Cleared"", ""status"": ""RESOLVED""}"
2026-03-27 04:26:06,SYS_1_NORTH_GREEN,"{""duration"": 13, ""queue"": 4}"
2026-03-27 04:26:10,SYS_2_EMERGENCY,"{""action"": ""Forced North Green"", ""status"": ""ACTIVE""}"
2026-03-27 04:26:27,SYS_2_EMERGENCY,"{""action"": ""Emergency Cleared"", ""status"": ""RESOLVED""}"
2026-03-27 04:26:29,SYS_2_EMERGENCY,"{""action"": ""Forced North Green"", ""status"": ""ACTIVE""}"
2026-03-27 04:26:30,SYS_2_EMERGENCY,"{""action"": ""Emergency Cleared"", ""status"": ""RESOLVED""}"
2026-03-27 04:26:57,SYS_1_NORTH_GREEN,"{""duration"": 13, ""queue"": 4}"
2026-03-27 04:27:23,SYS_2_EMERGENCY,"{""action"": ""Forced North Green"", ""status"": ""ACTIVE""}"
2026-03-27 04:27:29,SYS_2_EMERGENCY,"{""action"": ""Emergency Cleared"", ""status"": ""RESOLVED""}"
2026-03-27 04:27:56,SYS_1_NORTH_GREEN,"{""duration"": 5, ""queue"": 1}"
2026-03-27 04:28:31,SYS_1_NORTH_GREEN,"{""duration"": 5, ""queue"": 1}"
2026-03-27 04:29:06,SYS_1_NORTH_GREEN,"{""duration"": 5, ""queue"": 1}"
2026-03-27 04:29:41,SYS_1_NORTH_GREEN,"{""duration"": 5, ""queue"": 1}"
2026-03-27 04:30:16,SYS_1_NORTH_GREEN,"{""duration"": 5, ""queue"": 1}"
2026-03-27 04:30:51,SYS_1_NORTH_GREEN,"{""duration"": 5, ""queue"": 1}"
2026-03-27 04:31:26,SYS_1_NORTH_GREEN,"{""duration"": 5, ""queue"": 1}"
2026-03-27 04:32:02,SYS_1_NORTH_GREEN,"{""duration"": 5, ""queue"": 1}"
2026-03-27 04:32:26,SYS_1_NORTH_GREEN,"{""duration"": 13, ""queue"": 4}"
2026-03-27 04:32:59,SYS_1_NORTH_GREEN,"{""duration"": 10, ""queue"": 3}"
2026-03-27 04:33:29,SYS_2_EMERGENCY,"{""action"": ""Forced North Green"", ""status"": ""ACTIVE""}"
2026-03-27 04:33:32,SYS_2_EMERGENCY,"{""action"": ""Emergency Cleared"", ""status"": ""RESOLVED""}"
2026-03-27 04:33:42,SYS_2_EMERGENCY,"{""action"": ""Forced North Green"", ""status"": ""ACTIVE""}"
2026-03-27 04:33:48,SYS_2_EMERGENCY,"{""action"": ""Emergency Cleared"", ""status"": ""RESOLVED""}"
2026-03-27 04:33:53,SYS_2_EMERGENCY,"{""action"": ""Forced North Green"", ""status"": ""ACTIVE""}"
2026-03-27 04:33:54,SYS_2_EMERGENCY,"{""action"": ""Emergency Cleared"", ""status"": ""RESOLVED""}"
2026-03-27 04:34:14,SYS_1_NORTH_GREEN,"{""duration"": 10, ""queue"": 3}"
2026-03-27 04:34:44,SYS_1_NORTH_GREEN,"{""duration"": 10, ""queue"": 3}"
2026-03-27 04:35:14,SYS_1_NORTH_GREEN,"{""duration"": 10, ""queue"": 3}"
2026-03-27 04:35:43,SYS_1_NORTH_GREEN,"{""duration"": 10, ""queue"": 3}"
2026-03-27 04:36:13,SYS_1_NORTH_GREEN,"{""duration"": 10, ""queue"": 3}"
2026-03-27 04:36:43,SYS_1_NORTH_GREEN,"{""duration"": 10, ""queue"": 3}"
2026-03-27 04:36:59,SYS_2_EMERGENCY,"{""action"": ""Forced North Green"", ""status"": ""ACTIVE""}"
2026-03-27 04:37:04,SYS_2_EMERGENCY,"{""action"": ""Emergency Cleared"", ""status"": ""RESOLVED""}"
2026-03-27 04:43:18,SYS_1_NORTH_GREEN,"{""duration"": 5, ""queue"": 1}"
2026-03-27 04:43:44,SYS_1_NORTH_GREEN,"{""duration"": 5, ""queue"": 1}"
2026-03-27 04:44:09,SYS_1_NORTH_GREEN,"{""duration"": 13, ""queue"": 4}"
2026-03-27 04:44:15,SYS_2_EMERGENCY,"{""action"": ""Forced North Green"", ""status"": ""ACTIVE""}"
2026-03-27 04:44:20,SYS_2_EMERGENCY,"{""action"": ""Emergency Cleared"", ""status"": ""RESOLVED""}"
2026-03-27 04:44:40,SYS_1_NORTH_GREEN,"{""duration"": 15, ""queue"": 6}"
2026-03-27 04:45:15,SYS_1_NORTH_GREEN,"{""duration"": 15, ""queue"": 6}"
2026-03-27 04:45:50,SYS_1_NORTH_GREEN,"{""duration"": 10, ""queue"": 3}"
2026-03-27 04:46:20,SYS_1_NORTH_GREEN,"{""duration"": 13, ""queue"": 4}"
2026-03-27 04:58:49,SYS_1_NORTH_GREEN,"{""duration"": 5, ""queue"": 1}"
2026-03-27 04:59:16,SYS_1_NORTH_GREEN,"{""duration"": 5, ""queue"": 1}"
2026-03-27 04:59:41,SYS_1_NORTH_GREEN,"{""duration"": 8, ""queue"": 2}"
2026-03-27 05:00:19,SYS_1_NORTH_GREEN,"{""duration"": 5, ""queue"": 1}"
2026-03-27 05:00:44,SYS_1_NORTH_GREEN,"{""duration"": 15, ""queue"": 18}"
2026-03-27 05:01:19,SYS_1_NORTH_GREEN,"{""duration"": 15, ""queue"": 18}"
2026-03-27 05:01:53,SYS_1_NORTH_GREEN,"{""duration"": 15, ""queue"": 18}"
2026-03-27 05:02:28,SYS_1_NORTH_GREEN,"{""duration"": 15, ""queue"": 18}"
2026-03-27 05:03:03,SYS_1_NORTH_GREEN,"{""duration"": 15, ""queue"": 18}"
2026-03-27 05:03:38,SYS_1_NORTH_GREEN,"{""duration"": 15, ""queue"": 18}"
2026-03-27 05:04:13,SYS_1_NORTH_GREEN,"{""duration"": 15, ""queue"": 18}"
2026-03-27 05:04:47,SYS_1_NORTH_GREEN,"{""duration"": 15, ""queue"": 18}"
2026-03-27 05:05:22,SYS_1_NORTH_GREEN,"{""duration"": 15, ""queue"": 18}"
2026-03-27 05:05:57,SYS_1_NORTH_GREEN,"{""duration"": 15, ""queue"": 18}"
2026-03-27 05:06:32,SYS_1_NORTH_GREEN,"{""duration"": 8, ""queue"": 2}"
2026-03-27 05:06:39,SYS_3_SETTINGS,"{""danger"": true}"
2026-03-27 05:06:41,SYS_3_SETTINGS,"{""danger"": true}"
2026-03-27 05:06:42,SYS_3_SETTINGS,"{""danger"": true}"
2026-03-27 05:06:43,SYS_3_SETTINGS,"{""danger"": true}"
2026-03-27 05:06:44,SYS_3_SETTINGS,"{""danger"": true}"
2026-03-27 05:06:45,SYS_3_SETTINGS,"{""danger"": false}"
2026-03-27 05:06:49,SYS_3_SETTINGS,"{""danger"": true}"
2026-03-27 05:06:51,SYS_3_SETTINGS,"{""danger"": true}"
2026-03-27 05:06:52,SYS_3_SETTINGS,"{""danger"": true}"
2026-03-27 05:06:52,SYS_3_SETTINGS,"{""danger"": true}"
2026-03-27 05:06:53,SYS_3_SETTINGS,"{""danger"": true}"
2026-03-27 05:06:57,SYS_3_SETTINGS,"{""danger"": false}"
2026-03-27 05:06:59,SYS_3_SETTINGS,"{""danger"": true}"
2026-03-27 05:07:00,SYS_1_NORTH_GREEN,"{""duration"": 8, ""queue"": 2}"
2026-03-27 05:07:00,SYS_3_SETTINGS,"{""danger"": false}"
2026-03-27 05:07:02,SYS_3_SETTINGS,"{""danger"": true}"
2026-03-27 05:07:03,SYS_3_SETTINGS,"{""danger"": false}"
2026-03-27 05:07:04,SYS_3_SETTINGS,"{""danger"": true}"
2026-03-27 05:07:06,SYS_3_SETTINGS,"{""danger"": false}"
2026-03-27 05:07:08,SYS_3_SETTINGS,"{""danger"": true}"
2026-03-27 05:07:28,SYS_1_NORTH_GREEN,"{""duration"": 8, ""queue"": 2}"
2026-03-27 05:07:35,SYS_3_SETTINGS,"{""danger"": true}"
2026-03-27 05:07:39,SYS_3_SETTINGS,"{""danger"": true}"
2026-03-27 05:07:40,SYS_3_SETTINGS,"{""danger"": false}"
2026-03-27 05:07:42,SYS_3_SETTINGS,"{""manual_limit"": 212}"
2026-03-27 05:07:43,SYS_3_SETTINGS,"{""manual_limit"": 209}"
2026-03-27 05:07:43,SYS_3_SETTINGS,"{""manual_limit"": 206}"
2026-03-27 05:07:43,SYS_3_SETTINGS,"{""manual_limit"": 204}"
2026-03-27 05:07:43,SYS_3_SETTINGS,"{""manual_limit"": 203}"
2026-03-27 05:07:43,SYS_3_SETTINGS,"{""manual_limit"": 200}"
2026-03-27 05:07:43,SYS_3_SETTINGS,"{""manual_limit"": 199}"
2026-03-27 05:07:43,SYS_3_SETTINGS,"{""manual_limit"": 196}"
2026-03-27 05:07:43,SYS_3_SETTINGS,"{""manual_limit"": 195}"
2026-03-27 05:07:43,SYS_3_SETTINGS,"{""manual_limit"": 194}"
2026-03-27 05:07:43,SYS_3_SETTINGS,"{""manual_limit"": 193}"
2026-03-27 05:07:43,SYS_3_SETTINGS,"{""manual_limit"": 192}"
2026-03-27 05:07:43,SYS_3_SETTINGS,"{""manual_limit"": 191}"
2026-03-27 05:07:43,SYS_3_SETTINGS,"{""manual_limit"": 190}"
2026-03-27 05:07:43,SYS_3_SETTINGS,"{""manual_limit"": 189}"
2026-03-27 05:07:43,SYS_3_SETTINGS,"{""manual_limit"": 188}"
2026-03-27 05:07:43,SYS_3_SETTINGS,"{""manual_limit"": 187}"
2026-03-27 05:07:43,SYS_3_SETTINGS,"{""manual_limit"": 186}"
2026-03-27 05:07:43,SYS_3_SETTINGS,"{""manual_limit"": 185}"
2026-03-27 05:07:43,SYS_3_SETTINGS,"{""manual_limit"": 184}"
2026-03-27 05:07:43,SYS_3_SETTINGS,"{""manual_limit"": 183}"
2026-03-27 05:07:43,SYS_3_SETTINGS,"{""manual_limit"": 182}"
2026-03-27 05:07:43,SYS_3_SETTINGS,"{""manual_limit"": 181}"
2026-03-27 05:07:43,SYS_3_SETTINGS,"{""manual_limit"": 180}"
2026-03-27 05:07:43,SYS_3_SETTINGS,"{""manual_limit"": 178}"
2026-03-27 05:07:43,SYS_3_SETTINGS,"{""manual_limit"": 177}"
2026-03-27 05:07:43,SYS_3_SETTINGS,"{""manual_limit"": 176}"
2026-03-27 05:07:43,SYS_3_SETTINGS,"{""manual_limit"": 175}"
2026-03-27 05:07:43,SYS_3_SETTINGS,"{""manual_limit"": 173}"
2026-03-27 05:07:44,SYS_3_SETTINGS,"{""manual_limit"": 172}"
2026-03-27 05:07:44,SYS_3_SETTINGS,"{""manual_limit"": 171}"
2026-03-27 05:07:44,SYS_3_SETTINGS,"{""manual_limit"": 170}"
2026-03-27 05:07:44,SYS_3_SETTINGS,"{""manual_limit"": 169}"
2026-03-27 05:07:44,SYS_3_SETTINGS,"{""manual_limit"": 168}"
2026-03-27 05:07:44,SYS_3_SETTINGS,"{""manual_limit"": 167}"
2026-03-27 05:07:44,SYS_3_SETTINGS,"{""manual_limit"": 166}"
2026-03-27 05:07:44,SYS_3_SETTINGS,"{""manual_limit"": 165}"
2026-03-27 05:07:44,SYS_3_SETTINGS,"{""manual_limit"": 164}"
2026-03-27 05:07:44,SYS_3_SETTINGS,"{""manual_limit"": 163}"
2026-03-27 05:07:44,SYS_3_SETTINGS,"{""manual_limit"": 162}"
2026-03-27 05:07:48,SYS_3_SETTINGS,"{""manual_limit"": 209}"
2026-03-27 05:07:51,SYS_3_SETTINGS,"{""manual_limit"": 232}"
2026-03-27 05:07:55,SYS_1_NORTH_GREEN,"{""duration"": 8, ""queue"": 2}"
2026-03-27 05:07:55,SYS_3_SETTINGS,"{""manual_limit"": 255}"
2026-03-27 05:08:07,SYS_3_SETTINGS,"{""danger"": true}"
2026-03-27 05:08:09,SYS_3_SETTINGS,"{""danger"": false}"
2026-03-27 05:08:12,SYS_3_SETTINGS,"{""danger"": true}"
2026-03-27 05:08:23,SYS_1_NORTH_GREEN,"{""duration"": 8, ""queue"": 2}"
2026-03-27 05:08:49,SYS_3_SETTINGS,"{""manual_limit"": 241}"
2026-03-27 05:08:49,SYS_3_SETTINGS,"{""manual_limit"": 228}"
2026-03-27 05:08:49,SYS_3_SETTINGS,"{""manual_limit"": 161}"
2026-03-27 05:08:49,SYS_3_SETTINGS,"{""manual_limit"": 141}"
2026-03-27 05:08:49,SYS_3_SETTINGS,"{""manual_limit"": 121}"
2026-03-27 05:08:49,SYS_3_SETTINGS,"{""manual_limit"": 106}"
2026-03-27 05:08:49,SYS_3_SETTINGS,"{""manual_limit"": 100}"
2026-03-27 05:08:49,SYS_3_SETTINGS,"{""manual_limit"": 95}"
2026-03-27 05:08:49,SYS_3_SETTINGS,"{""manual_limit"": 93}"
2026-03-27 05:08:49,SYS_3_SETTINGS,"{""manual_limit"": 91}"
2026-03-27 05:08:49,SYS_3_SETTINGS,"{""manual_limit"": 90}"
2026-03-27 05:08:49,SYS_3_SETTINGS,"{""manual_limit"": 89}"
2026-03-27 05:08:49,SYS_3_SETTINGS,"{""manual_limit"": 84}"
2026-03-27 05:08:49,SYS_3_SETTINGS,"{""manual_limit"": 79}"
2026-03-27 05:08:49,SYS_3_SETTINGS,"{""manual_limit"": 77}"
2026-03-27 05:08:49,SYS_3_SETTINGS,"{""manual_limit"": 76}"
2026-03-27 05:08:49,SYS_3_SETTINGS,"{""manual_limit"": 75}"
2026-03-27 05:08:49,SYS_3_SETTINGS,"{""manual_limit"": 74}"
2026-03-27 05:08:49,SYS_3_SETTINGS,"{""manual_limit"": 73}"
2026-03-27 05:08:49,SYS_3_SETTINGS,"{""manual_limit"": 72}"
2026-03-27 05:08:50,SYS_3_SETTINGS,"{""manual_limit"": 71}"
2026-03-27 05:08:50,SYS_3_SETTINGS,"{""manual_limit"": 72}"
2026-03-27 05:08:50,SYS_3_SETTINGS,"{""manual_limit"": 73}"
2026-03-27 05:08:50,SYS_3_SETTINGS,"{""manual_limit"": 75}"
2026-03-27 05:08:50,SYS_3_SETTINGS,"{""manual_limit"": 76}"
2026-03-27 05:08:50,SYS_3_SETTINGS,"{""manual_limit"": 77}"
2026-03-27 05:08:50,SYS_3_SETTINGS,"{""manual_limit"": 78}"
2026-03-27 05:08:50,SYS_3_SETTINGS,"{""manual_limit"": 79}"
2026-03-27 05:08:50,SYS_3_SETTINGS,"{""manual_limit"": 80}"
2026-03-27 05:08:50,SYS_3_SETTINGS,"{""manual_limit"": 81}"
2026-03-27 05:08:50,SYS_3_SETTINGS,"{""manual_limit"": 82}"
2026-03-27 05:08:50,SYS_3_SETTINGS,"{""manual_limit"": 83}"
2026-03-27 05:08:50,SYS_3_SETTINGS,"{""manual_limit"": 84}"
2026-03-27 05:08:50,SYS_3_SETTINGS,"{""manual_limit"": 85}"
2026-03-27 05:08:50,SYS_3_SETTINGS,"{""manual_limit"": 86}"
2026-03-27 05:08:51,SYS_3_SETTINGS,"{""manual_limit"": 87}"
2026-03-27 05:08:51,SYS_1_NORTH_GREEN,"{""duration"": 10, ""queue"": 3}"
2026-03-27 05:08:51,SYS_3_SETTINGS,"{""manual_limit"": 88}"
2026-03-27 05:08:51,SYS_3_SETTINGS,"{""manual_limit"": 89}"
2026-03-27 05:08:51,SYS_3_SETTINGS,"{""manual_limit"": 90}"
2026-03-27 05:08:58,SYS_3_SETTINGS,"{""manual_limit"": 89}"
2026-03-27 05:08:58,SYS_3_SETTINGS,"{""manual_limit"": 91}"
2026-03-27 05:08:58,SYS_3_SETTINGS,"{""manual_limit"": 93}"
2026-03-27 05:08:58,SYS_3_SETTINGS,"{""manual_limit"": 94}"
2026-03-27 05:08:58,SYS_3_SETTINGS,"{""manual_limit"": 95}"
2026-03-27 05:08:58,SYS_3_SETTINGS,"{""manual_limit"": 97}"
2026-03-27 05:08:58,SYS_3_SETTINGS,"{""manual_limit"": 99}"
2026-03-27 05:08:58,SYS_3_SETTINGS,"{""manual_limit"": 100}"
2026-03-27 05:08:58,SYS_3_SETTINGS,"{""manual_limit"": 102}"
2026-03-27 05:08:59,SYS_3_SETTINGS,"{""manual_limit"": 103}"
2026-03-27 05:08:59,SYS_3_SETTINGS,"{""manual_limit"": 104}"
2026-03-27 05:08:59,SYS_3_SETTINGS,"{""manual_limit"": 106}"
2026-03-27 05:08:59,SYS_3_SETTINGS,"{""manual_limit"": 107}"
2026-03-27 05:08:59,SYS_3_SETTINGS,"{""manual_limit"": 108}"
2026-03-27 05:08:59,SYS_3_SETTINGS,"{""manual_limit"": 110}"
2026-03-27 05:08:59,SYS_3_SETTINGS,"{""manual_limit"": 111}"
2026-03-27 05:08:59,SYS_3_SETTINGS,"{""manual_limit"": 112}"
2026-03-27 05:09:00,SYS_3_SETTINGS,"{""manual_limit"": 121}"
2026-03-27 05:09:01,SYS_3_SETTINGS,"{""manual_limit"": 122}"
2026-03-27 05:09:01,SYS_3_SETTINGS,"{""manual_limit"": 123}"
2026-03-27 05:09:01,SYS_3_SETTINGS,"{""manual_limit"": 125}"
2026-03-27 05:09:01,SYS_3_SETTINGS,"{""manual_limit"": 127}"
2026-03-27 05:09:01,SYS_3_SETTINGS,"{""manual_limit"": 129}"
2026-03-27 05:09:01,SYS_3_SETTINGS,"{""manual_limit"": 132}"
2026-03-27 05:09:01,SYS_3_SETTINGS,"{""manual_limit"": 134}"
2026-03-27 05:09:01,SYS_3_SETTINGS,"{""manual_limit"": 136}"
2026-03-27 05:09:01,SYS_3_SETTINGS,"{""manual_limit"": 138}"
2026-03-27 05:09:01,SYS_3_SETTINGS,"{""manual_limit"": 139}"
2026-03-27 05:09:01,SYS_3_SETTINGS,"{""manual_limit"": 141}"
2026-03-27 05:09:01,SYS_3_SETTINGS,"{""manual_limit"": 143}"
2026-03-27 05:09:01,SYS_3_SETTINGS,"{""manual_limit"": 144}"
2026-03-27 05:09:01,SYS_3_SETTINGS,"{""manual_limit"": 145}"
2026-03-27 05:09:01,SYS_3_SETTINGS,"{""manual_limit"": 147}"
2026-03-27 05:09:01,SYS_3_SETTINGS,"{""manual_limit"": 148}"
2026-03-27 05:09:01,SYS_3_SETTINGS,"{""manual_limit"": 149}"
2026-03-27 05:09:01,SYS_3_SETTINGS,"{""manual_limit"": 151}"
2026-03-27 05:09:01,SYS_3_SETTINGS,"{""manual_limit"": 152}"
2026-03-27 05:09:01,SYS_3_SETTINGS,"{""manual_limit"": 153}"
2026-03-27 05:09:01,SYS_3_SETTINGS,"{""manual_limit"": 154}"
2026-03-27 05:09:03,SYS_3_SETTINGS,"{""manual_limit"": 177}"
2026-03-27 05:09:04,SYS_3_SETTINGS,"{""manual_limit"": 225}"
2026-03-27 05:09:07,SYS_3_SETTINGS,"{""manual_limit"": 249}"
2026-03-27 05:09:08,SYS_3_SETTINGS,"{""danger"": true}"
2026-03-27 05:09:10,SYS_3_SETTINGS,"{""danger"": true}"
2026-03-27 05:09:11,SYS_3_SETTINGS,"{""danger"": false}"
2026-03-27 05:09:18,SYS_3_SETTINGS,"{""manual_limit"": 79}"
2026-03-27 05:09:20,SYS_3_SETTINGS,"{""manual_limit"": 91}"
2026-03-27 05:09:21,SYS_1_NORTH_GREEN,"{""duration"": 10, ""queue"": 3}"
2026-03-27 05:09:24,SYS_3_SETTINGS,"{""manual_limit"": 143}"
2026-03-27 05:09:26,SYS_3_SETTINGS,"{""manual_limit"": 178}"
2026-03-27 05:09:28,SYS_3_SETTINGS,"{""manual_limit"": 211}"
2026-03-27 05:09:30,SYS_3_SETTINGS,"{""manual_limit"": 243}"
2026-03-27 05:09:32,SYS_3_SETTINGS,"{""manual_limit"": 249}"
2026-03-27 05:09:32,SYS_3_SETTINGS,"{""manual_limit"": 250}"
2026-03-27 05:09:32,SYS_3_SETTINGS,"{""manual_limit"": 252}"
2026-03-27 05:09:32,SYS_3_SETTINGS,"{""manual_limit"": 254}"
2026-03-27 05:09:32,SYS_3_SETTINGS,"{""manual_limit"": 255}"
2026-03-27 05:09:33,SYS_3_SETTINGS,"{""manual_limit"": 247}"
2026-03-27 05:09:33,SYS_3_SETTINGS,"{""manual_limit"": 169}"
2026-03-27 05:09:33,SYS_3_SETTINGS,"{""manual_limit"": 156}"
2026-03-27 05:09:33,SYS_3_SETTINGS,"{""manual_limit"": 143}"
2026-03-27 05:09:33,SYS_3_SETTINGS,"{""manual_limit"": 138}"
2026-03-27 05:09:33,SYS_3_SETTINGS,"{""manual_limit"": 134}"
2026-03-27 05:09:33,SYS_3_SETTINGS,"{""manual_limit"": 126}"
2026-03-27 05:09:33,SYS_3_SETTINGS,"{""manual_limit"": 122}"
2026-03-27 05:09:33,SYS_3_SETTINGS,"{""manual_limit"": 118}"
2026-03-27 05:09:33,SYS_3_SETTINGS,"{""manual_limit"": 117}"
2026-03-27 05:09:33,SYS_3_SETTINGS,"{""manual_limit"": 116}"
2026-03-27 05:09:33,SYS_3_SETTINGS,"{""manual_limit"": 115}"
2026-03-27 05:09:33,SYS_3_SETTINGS,"{""manual_limit"": 114}"
2026-03-27 05:09:33,SYS_3_SETTINGS,"{""manual_limit"": 113}"
2026-03-27 05:09:33,SYS_3_SETTINGS,"{""manual_limit"": 112}"
2026-03-27 05:09:33,SYS_3_SETTINGS,"{""manual_limit"": 104}"
2026-03-27 05:09:33,SYS_3_SETTINGS,"{""manual_limit"": 97}"
2026-03-27 05:09:33,SYS_3_SETTINGS,"{""manual_limit"": 95}"
2026-03-27 05:09:33,SYS_3_SETTINGS,"{""manual_limit"": 94}"
2026-03-27 05:09:33,SYS_3_SETTINGS,"{""manual_limit"": 93}"
2026-03-27 05:09:33,SYS_3_SETTINGS,"{""manual_limit"": 92}"
2026-03-27 05:09:33,SYS_3_SETTINGS,"{""manual_limit"": 91}"
2026-03-27 05:09:35,SYS_3_SETTINGS,"{""manual_limit"": 90}"
2026-03-27 05:09:35,SYS_3_SETTINGS,"{""manual_limit"": 89}"
2026-03-27 05:09:35,SYS_3_SETTINGS,"{""manual_limit"": 88}"
2026-03-27 05:09:35,SYS_3_SETTINGS,"{""manual_limit"": 87}"
2026-03-27 05:09:35,SYS_3_SETTINGS,"{""manual_limit"": 86}"
2026-03-27 05:09:35,SYS_3_SETTINGS,"{""manual_limit"": 87}"
2026-03-27 05:09:35,SYS_3_SETTINGS,"{""manual_limit"": 88}"
2026-03-27 05:09:35,SYS_3_SETTINGS,"{""manual_limit"": 89}"
2026-03-27 05:09:36,SYS_3_SETTINGS,"{""manual_limit"": 90}"
2026-03-27 05:09:36,SYS_3_SETTINGS,"{""manual_limit"": 91}"
2026-03-27 05:09:36,SYS_3_SETTINGS,"{""manual_limit"": 92}"
2026-03-27 05:09:36,SYS_3_SETTINGS,"{""manual_limit"": 91}"
2026-03-27 05:09:37,SYS_3_SETTINGS,"{""manual_limit"": 90}"
2026-03-27 05:09:38,SYS_3_SETTINGS,"{""danger"": false}"
2026-03-27 05:09:40,SYS_3_SETTINGS,"{""danger"": false}"
2026-03-27 05:09:41,SYS_3_SETTINGS,"{""danger"": false}"
2026-03-27 05:09:42,SYS_3_SETTINGS,"{""danger"": true}"
2026-03-27 05:09:44,SYS_3_SETTINGS,"{""danger"": false}"
2026-03-27 05:09:45,SYS_3_SETTINGS,"{""manual_limit"": 147}"
2026-03-27 05:09:46,SYS_3_SETTINGS,"{""danger"": false}"
2026-03-27 05:09:47,SYS_3_SETTINGS,"{""danger"": false}"
2026-03-27 05:09:49,SYS_3_SETTINGS,"{""manual_limit"": 219}"
2026-03-27 05:09:50,SYS_3_SETTINGS,"{""danger"": false}"
2026-03-27 05:09:51,SYS_1_NORTH_GREEN,"{""duration"": 10, ""queue"": 3}"
2026-03-27 05:09:51,SYS_3_SETTINGS,"{""danger"": false}"
2026-03-27 05:09:52,SYS_3_SETTINGS,"{""danger"": false}"
2026-03-27 05:09:52,SYS_3_SETTINGS,"{""danger"": false}"
2026-03-27 05:09:53,SYS_3_SETTINGS,"{""manual_limit"": 251}"
2026-03-27 05:09:55,SYS_3_SETTINGS,"{""danger"": false}"
2026-03-27 05:09:56,SYS_3_SETTINGS,"{""danger"": true}"
2026-03-27 05:09:57,SYS_3_SETTINGS,"{""danger"": false}"
2026-03-27 05:09:58,SYS_3_SETTINGS,"{""danger"": false}"
2026-03-27 05:09:59,SYS_3_SETTINGS,"{""danger"": true}"
2026-03-27 05:10:01,SYS_3_SETTINGS,"{""danger"": false}"
2026-03-27 05:10:02,SYS_3_SETTINGS,"{""manual_limit"": 254}"
2026-03-27 05:10:02,SYS_3_SETTINGS,"{""manual_limit"": 255}"
2026-03-27 05:10:04,SYS_3_SETTINGS,"{""danger"": false}"
2026-03-27 05:10:21,SYS_1_NORTH_GREEN,"{""duration"": 10, ""queue"": 3}"
2026-03-27 05:10:51,SYS_1_NORTH_GREEN,"{""duration"": 10, ""queue"": 3}"
2026-03-27 05:11:20,SYS_1_NORTH_GREEN,"{""duration"": 10, ""queue"": 3}"
2026-03-27 05:11:29,SYS_3_SETTINGS,"{""manual_limit"": 173}"
2026-03-27 05:11:30,SYS_3_SETTINGS,"{""manual_limit"": 162}"
2026-03-27 05:11:30,SYS_3_SETTINGS,"{""manual_limit"": 133}"
2026-03-27 05:11:30,SYS_3_SETTINGS,"{""manual_limit"": 130}"
2026-03-27 05:11:30,SYS_3_SETTINGS,"{""manual_limit"": 128}"
2026-03-27 05:11:30,SYS_3_SETTINGS,"{""manual_limit"": 126}"
2026-03-27 05:11:30,SYS_3_SETTINGS,"{""manual_limit"": 123}"
2026-03-27 05:11:30,SYS_3_SETTINGS,"{""manual_limit"": 120}"
2026-03-27 05:11:30,SYS_3_SETTINGS,"{""manual_limit"": 118}"
2026-03-27 05:11:30,SYS_3_SETTINGS,"{""manual_limit"": 117}"
2026-03-27 05:11:30,SYS_3_SETTINGS,"{""manual_limit"": 116}"
2026-03-27 05:11:30,SYS_3_SETTINGS,"{""manual_limit"": 115}"
2026-03-27 05:11:30,SYS_3_SETTINGS,"{""manual_limit"": 114}"
2026-03-27 05:11:30,SYS_3_SETTINGS,"{""manual_limit"": 115}"
2026-03-27 05:11:31,SYS_3_SETTINGS,"{""manual_limit"": 117}"
2026-03-27 05:11:31,SYS_3_SETTINGS,"{""manual_limit"": 119}"
2026-03-27 05:11:31,SYS_3_SETTINGS,"{""manual_limit"": 120}"
2026-03-27 05:11:31,SYS_3_SETTINGS,"{""manual_limit"": 121}"
2026-03-27 05:11:31,SYS_3_SETTINGS,"{""manual_limit"": 122}"
2026-03-27 05:11:31,SYS_3_SETTINGS,"{""manual_limit"": 123}"
2026-03-27 05:11:31,SYS_3_SETTINGS,"{""manual_limit"": 125}"
2026-03-27 05:11:31,SYS_3_SETTINGS,"{""manual_limit"": 126}"
2026-03-27 05:11:31,SYS_3_SETTINGS,"{""manual_limit"": 127}"
2026-03-27 05:11:31,SYS_3_SETTINGS,"{""manual_limit"": 128}"
2026-03-27 05:11:31,SYS_3_SETTINGS,"{""manual_limit"": 129}"
2026-03-27 05:11:31,SYS_3_SETTINGS,"{""manual_limit"": 130}"
2026-03-27 05:11:31,SYS_3_SETTINGS,"{""manual_limit"": 131}"
2026-03-27 05:11:31,SYS_3_SETTINGS,"{""manual_limit"": 132}"
2026-03-27 05:11:31,SYS_3_SETTINGS,"{""manual_limit"": 133}"
2026-03-27 05:11:31,SYS_3_SETTINGS,"{""manual_limit"": 134}"
2026-03-27 05:11:31,SYS_3_SETTINGS,"{""manual_limit"": 135}"
2026-03-27 05:11:31,SYS_3_SETTINGS,"{""manual_limit"": 136}"
2026-03-27 05:11:31,SYS_3_SETTINGS,"{""manual_limit"": 137}"
2026-03-27 05:11:32,SYS_3_SETTINGS,"{""manual_limit"": 138}"
2026-03-27 05:11:32,SYS_3_SETTINGS,"{""manual_limit"": 139}"
2026-03-27 05:11:32,SYS_3_SETTINGS,"{""manual_limit"": 140}"
2026-03-27 05:11:32,SYS_3_SETTINGS,"{""manual_limit"": 141}"
2026-03-27 05:11:32,SYS_3_SETTINGS,"{""manual_limit"": 142}"
2026-03-27 05:11:32,SYS_3_SETTINGS,"{""manual_limit"": 143}"
2026-03-27 05:11:32,SYS_3_SETTINGS,"{""manual_limit"": 144}"
2026-03-27 05:11:32,SYS_3_SETTINGS,"{""manual_limit"": 145}"
2026-03-27 05:11:32,SYS_3_SETTINGS,"{""manual_limit"": 146}"
2026-03-27 05:11:32,SYS_3_SETTINGS,"{""manual_limit"": 147}"
2026-03-27 05:11:34,SYS_3_SETTINGS,"{""manual_limit"": 148}"
2026-03-27 05:11:34,SYS_3_SETTINGS,"{""manual_limit"": 149}"
2026-03-27 05:11:34,SYS_3_SETTINGS,"{""manual_limit"": 150}"
2026-03-27 05:11:34,SYS_3_SETTINGS,"{""manual_limit"": 151}"
2026-03-27 05:11:35,SYS_3_SETTINGS,"{""manual_limit"": 152}"
2026-03-27 05:11:35,SYS_3_SETTINGS,"{""manual_limit"": 151}"
2026-03-27 05:11:35,SYS_3_SETTINGS,"{""manual_limit"": 150}"
2026-03-27 05:11:37,SYS_3_SETTINGS,"{""danger"": false}"
2026-03-27 05:11:38,SYS_3_SETTINGS,"{""danger"": false}"
2026-03-27 05:11:43,SYS_2_EMERGENCY,"{""action"": ""Forced North Green"", ""status"": ""ACTIVE""}"
2026-03-27 05:11:45,SYS_3_SETTINGS,"{""danger"": false}"
2026-03-27 05:11:47,SYS_3_SETTINGS,"{""danger"": false}"
2026-03-27 05:11:48,SYS_3_SETTINGS,"{""danger"": false}"
2026-03-27 05:11:48,SYS_3_SETTINGS,"{""danger"": false}"
2026-03-27 05:11:49,SYS_3_SETTINGS,"{""danger"": false}"
2026-03-27 05:11:50,SYS_3_SETTINGS,"{""manual_limit"": 183}"
2026-03-27 05:11:52,SYS_3_SETTINGS,"{""danger"": false}"
2026-03-27 05:11:53,SYS_3_SETTINGS,"{""danger"": true}"
2026-03-27 05:11:54,SYS_3_SETTINGS,"{""danger"": false}"
2026-03-27 05:11:58,SYS_3_SETTINGS,"{""manual_limit"": 226}"
2026-03-27 05:11:59,SYS_3_SETTINGS,"{""manual_limit"": 252}"
2026-03-27 05:11:59,SYS_3_SETTINGS,"{""manual_limit"": 255}"
2026-03-27 05:12:00,SYS_3_SETTINGS,"{""danger"": false}"
2026-03-27 05:12:01,SYS_3_SETTINGS,"{""danger"": false}"
2026-03-27 05:12:03,SYS_2_EMERGENCY,"{""action"": ""Emergency Cleared"", ""status"": ""RESOLVED""}"
2026-03-27 05:12:05,SYS_3_SETTINGS,"{""danger"": false}"
2026-03-27 05:12:07,SYS_3_SETTINGS,"{""danger"": false}"
2026-03-27 05:12:07,SYS_3_SETTINGS,"{""danger"": false}"
2026-03-27 05:12:08,SYS_3_SETTINGS,"{""danger"": false}"
2026-03-27 05:12:09,SYS_3_SETTINGS,"{""danger"": false}"
2026-03-27 05:12:23,SYS_1_NORTH_GREEN,"{""duration"": 10, ""queue"": 3}"
2026-03-27 05:12:53,SYS_1_NORTH_GREEN,"{""duration"": 10, ""queue"": 3}"
2026-03-27 05:13:03,SYS_3_SETTINGS,"{""manual_limit"": 206}"
2026-03-27 05:13:04,SYS_3_SETTINGS,"{""danger"": false}"
2026-03-27 05:13:09,SYS_3_SETTINGS,"{""danger"": false}"
2026-03-27 05:13:12,SYS_3_SETTINGS,"{""danger"": false}"
2026-03-27 05:13:13,SYS_3_SETTINGS,"{""danger"": true}"
2026-03-27 05:13:15,SYS_3_SETTINGS,"{""manual_limit"": 154}"
2026-03-27 05:13:16,SYS_3_SETTINGS,"{""danger"": false}"
2026-03-27 05:13:18,SYS_3_SETTINGS,"{""danger"": true}"
2026-03-27 05:13:19,SYS_3_SETTINGS,"{""danger"": true}"
2026-03-27 05:13:20,SYS_3_SETTINGS,"{""danger"": false}"
2026-03-27 05:13:20,SYS_3_SETTINGS,"{""danger"": false}"
2026-03-27 05:13:21,SYS_3_SETTINGS,"{""danger"": false}"
2026-03-27 05:13:22,SYS_3_SETTINGS,"{""danger"": false}"
2026-03-27 05:13:23,SYS_3_SETTINGS,"{""danger"": false}"
2026-03-27 05:13:23,SYS_1_NORTH_GREEN,"{""duration"": 10, ""queue"": 3}"
2026-03-27 05:13:23,SYS_3_SETTINGS,"{""danger"": false}"
2026-03-27 05:13:23,SYS_3_SETTINGS,"{""danger"": false}"
2026-03-27 05:13:24,SYS_3_SETTINGS,"{""danger"": false}"
2026-03-27 05:13:24,SYS_3_SETTINGS,"{""danger"": false}"
2026-03-27 05:13:24,SYS_3_SETTINGS,"{""danger"": false}"
2026-03-27 05:13:24,SYS_3_SETTINGS,"{""danger"": false}"
2026-03-27 05:13:25,SYS_3_SETTINGS,"{""danger"": false}"
2026-03-27 05:13:25,SYS_3_SETTINGS,"{""danger"": false}"
2026-03-27 05:13:25,SYS_3_SETTINGS,"{""danger"": false}"
2026-03-27 05:13:26,SYS_3_SETTINGS,"{""danger"": false}"
2026-03-27 05:13:26,SYS_3_SETTINGS,"{""danger"": false}"
2026-03-27 05:13:26,SYS_3_SETTINGS,"{""danger"": false}"
2026-03-27 05:13:26,SYS_3_SETTINGS,"{""danger"": false}"
2026-03-27 05:13:27,SYS_3_SETTINGS,"{""danger"": false}"
2026-03-27 05:13:27,SYS_3_SETTINGS,"{""danger"": false}"
2026-03-27 05:13:27,SYS_3_SETTINGS,"{""danger"": false}"
2026-03-27 05:13:27,SYS_3_SETTINGS,"{""danger"": false}"
2026-03-27 05:13:28,SYS_3_SETTINGS,"{""danger"": false}"
2026-03-27 05:13:28,SYS_3_SETTINGS,"{""danger"": false}"
2026-03-27 05:13:28,SYS_3_SETTINGS,"{""danger"": false}"
2026-03-27 05:13:29,SYS_3_SETTINGS,"{""danger"": false}"
2026-03-27 05:13:29,SYS_3_SETTINGS,"{""danger"": false}"
2026-03-27 05:13:29,SYS_3_SETTINGS,"{""danger"": false}"
2026-03-27 05:13:29,SYS_3_SETTINGS,"{""danger"": false}"
2026-03-27 05:13:30,SYS_3_SETTINGS,"{""danger"": false}"
2026-03-27 05:13:30,SYS_3_SETTINGS,"{""danger"": false}"
2026-03-27 05:13:30,SYS_3_SETTINGS,"{""danger"": false}"
2026-03-27 05:13:30,SYS_3_SETTINGS,"{""danger"": false}"
2026-03-27 05:13:47,SYS_3_SETTINGS,"{""manual_limit"": 223}"
2026-03-27 05:13:47,SYS_3_SETTINGS,"{""manual_limit"": 226}"
2026-03-27 05:13:47,SYS_3_SETTINGS,"{""manual_limit"": 249}"
2026-03-27 05:13:47,SYS_3_SETTINGS,"{""manual_limit"": 255}"
2026-03-27 05:13:49,SYS_3_SETTINGS,"{""danger"": false}"
2026-03-27 05:13:53,SYS_1_NORTH_GREEN,"{""duration"": 10, ""queue"": 3}"
2026-03-27 05:14:07,SYS_3_SETTINGS,"{""queue_update"": {""arm"": ""West"", ""change"": -1}}"
2026-03-27 05:14:20,SYS_1_NORTH_GREEN,"{""duration"": 10, ""queue"": 3}"
2026-03-27 05:14:24,SYS_3_SETTINGS,"{""danger"": false}"
2026-03-27 05:14:27,SYS_3_SETTINGS,"{""manual_limit"": 144}"
2026-03-27 05:14:28,SYS_3_SETTINGS,"{""danger"": false}"
2026-03-27 05:14:29,SYS_3_SETTINGS,"{""danger"": false}"
2026-03-27 05:14:33,SYS_3_SETTINGS,"{""manual_limit"": 166}"
2026-03-27 05:14:35,SYS_3_SETTINGS,"{""manual_limit"": 151}"
2026-03-27 05:14:37,SYS_3_SETTINGS,"{""manual_limit"": 132}"
2026-03-27 05:14:38,SYS_3_SETTINGS,"{""danger"": false}"
2026-03-27 05:14:47,SYS_1_NORTH_GREEN,"{""duration"": 10, ""queue"": 3}"
2026-03-27 05:14:47,SYS_3_SETTINGS,"{""danger"": false}"
2026-03-27 05:14:48,SYS_3_SETTINGS,"{""danger"": false}"
2026-03-27 05:14:50,SYS_3_SETTINGS,"{""danger"": false}"
2026-03-27 05:14:54,SYS_3_SETTINGS,"{""danger"": true}"
2026-03-27 05:14:58,SYS_3_SETTINGS,"{""danger"": true}"
2026-03-27 05:14:59,SYS_3_SETTINGS,"{""danger"": true}"
2026-03-27 05:15:15,SYS_1_NORTH_GREEN,"{""duration"": 10, ""queue"": 3}"
2026-03-27 05:15:42,SYS_1_NORTH_GREEN,"{""duration"": 10, ""queue"": 3}"
2026-03-27 05:16:09,SYS_1_NORTH_GREEN,"{""duration"": 10, ""queue"": 3}"
2026-03-27 05:16:37,SYS_1_NORTH_GREEN,"{""duration"": 10, ""queue"": 3}"
2026-03-27 05:16:56,SYS_3_SETTINGS,"{""manual_limit"": 239}"
2026-03-27 05:16:56,SYS_3_SETTINGS,"{""manual_limit"": 255}"
2026-03-27 05:17:02,SYS_3_SETTINGS,"{""danger"": false}"
2026-03-27 05:17:05,SYS_1_NORTH_GREEN,"{""duration"": 5, ""queue"": 1}"
2026-03-27 05:17:06,SYS_3_SETTINGS,"{""danger"": false}"
2026-03-27 05:17:09,SYS_3_SETTINGS,"{""danger"": false}"
2026-03-27 05:17:09,SYS_3_SETTINGS,"{""danger"": false}"
2026-03-27 05:17:09,SYS_3_SETTINGS,"{""danger"": false}"
2026-03-27 05:17:11,SYS_3_SETTINGS,"{""danger"": false}"
2026-03-27 05:17:12,SYS_3_SETTINGS,"{""danger"": true}"
2026-03-27 05:17:13,SYS_3_SETTINGS,"{""danger"": false}"
2026-03-27 05:17:27,SYS_1_NORTH_GREEN,"{""duration"": 5, ""queue"": 1}"
2026-03-27 05:17:28,SYS_3_SETTINGS,"{""danger"": false}"
2026-03-27 05:17:29,SYS_3_SETTINGS,"{""danger"": false}"
2026-03-27 05:17:29,SYS_3_SETTINGS,"{""danger"": false}"
2026-03-27 05:17:30,SYS_3_SETTINGS,"{""danger"": false}"
2026-03-27 05:17:49,SYS_1_NORTH_GREEN,"{""duration"": 10, ""queue"": 3}"
2026-03-27 05:18:17,SYS_1_NORTH_GREEN,"{""duration"": 5, ""queue"": 1}"
2026-03-27 05:18:26,SYS_3_SETTINGS,"{""danger"": false}"
2026-03-27 05:18:29,SYS_3_SETTINGS,"{""danger"": true}"
2026-03-27 05:18:30,SYS_3_SETTINGS,"{""danger"": false}"
2026-03-27 05:18:39,SYS_1_NORTH_GREEN,"{""duration"": 13, ""queue"": 4}"
2026-03-27 05:26:32,SYS_2_EMERGENCY,"{""action"": ""Forced North Green"", ""status"": ""ACTIVE""}"
2026-03-27 05:26:34,SYS_2_EMERGENCY,"{""action"": ""Emergency Cleared"", ""status"": ""RESOLVED""}"
2026-03-27 05:26:36,SYS_2_EMERGENCY,"{""action"": ""Forced North Green"", ""status"": ""ACTIVE""}"
2026-03-27 05:26:37,SYS_2_EMERGENCY,"{""action"": ""Emergency Cleared"", ""status"": ""RESOLVED""}"
2026-03-27 05:26:40,SYS_2_EMERGENCY,"{""action"": ""Forced North Green"", ""status"": ""ACTIVE""}"
2026-03-27 05:26:41,SYS_2_EMERGENCY,"{""action"": ""Emergency Cleared"", ""status"": ""RESOLVED""}"
2026-03-27 05:26:46,SYS_2_EMERGENCY,"{""action"": ""Forced North Green"", ""status"": ""ACTIVE""}"
2026-03-27 05:26:47,SYS_2_EMERGENCY,"{""action"": ""Emergency Cleared"", ""status"": ""RESOLVED""}"
2026-03-27 05:30:29,SYS_2_EMERGENCY,"{""action"": ""Forced North Green"", ""status"": ""ACTIVE""}"
2026-03-27 05:30:30,SYS_2_EMERGENCY,"{""action"": ""Emergency Cleared"", ""status"": ""RESOLVED""}"
2026-03-27 05:30:30,SYS_2_EMERGENCY,"{""action"": ""Forced North Green"", ""status"": ""ACTIVE""}"
2026-03-27 05:30:31,SYS_2_EMERGENCY,"{""action"": ""Emergency Cleared"", ""status"": ""RESOLVED""}"
2026-03-27 05:30:33,SYS_2_EMERGENCY,"{""action"": ""Forced North Green"", ""status"": ""ACTIVE""}"
2026-03-27 05:30:39,SYS_2_EMERGENCY,"{""action"": ""Emergency Cleared"", ""status"": ""RESOLVED""}"
2026-03-27 05:30:40,SYS_2_EMERGENCY,"{""action"": ""Forced North Green"", ""status"": ""ACTIVE""}"
2026-03-27 05:30:41,SYS_2_EMERGENCY,"{""action"": ""Emergency Cleared"", ""status"": ""RESOLVED""}"
2026-03-27 05:30:41,SYS_2_EMERGENCY,"{""action"": ""Forced North Green"", ""status"": ""ACTIVE""}"
2026-03-27 05:30:42,SYS_2_EMERGENCY,"{""action"": ""Emergency Cleared"", ""status"": ""RESOLVED""}"
2026-03-27 05:30:43,SYS_2_EMERGENCY,"{""action"": ""Forced North Green"", ""status"": ""ACTIVE""}"
2026-03-27 05:30:43,SYS_2_EMERGENCY,"{""action"": ""Emergency Cleared"", ""status"": ""RESOLVED""}"
2026-03-27 05:30:44,SYS_2_EMERGENCY,"{""action"": ""Forced North Green"", ""status"": ""ACTIVE""}"
2026-03-27 05:30:45,SYS_2_EMERGENCY,"{""action"": ""Emergency Cleared"", ""status"": ""RESOLVED""}"
2026-03-27 05:30:45,SYS_2_EMERGENCY,"{""action"": ""Forced North Green"", ""status"": ""ACTIVE""}"
2026-03-27 05:30:46,SYS_2_EMERGENCY,"{""action"": ""Emergency Cleared"", ""status"": ""RESOLVED""}"
2026-03-27 05:30:47,SYS_2_EMERGENCY,"{""action"": ""Forced North Green"", ""status"": ""ACTIVE""}"
2026-03-27 05:30:48,SYS_2_EMERGENCY,"{""action"": ""Emergency Cleared"", ""status"": ""RESOLVED""}"
2026-03-27 05:30:50,SYS_2_EMERGENCY,"{""action"": ""Forced North Green"", ""status"": ""ACTIVE""}"
2026-03-27 05:30:52,SYS_2_EMERGENCY,"{""action"": ""Emergency Cleared"", ""status"": ""RESOLVED""}"
2026-03-27 05:30:53,SYS_2_EMERGENCY,"{""action"": ""Forced North Green"", ""status"": ""ACTIVE""}"
2026-03-27 05:30:54,SYS_2_EMERGENCY,"{""action"": ""Emergency Cleared"", ""status"": ""RESOLVED""}"
2026-03-27 05:30:56,SYS_2_EMERGENCY,"{""action"": ""Forced North Green"", ""status"": ""ACTIVE""}"
2026-03-27 05:33:46,SYS_2_EMERGENCY,"{""action"": ""Emergency Cleared"", ""status"": ""RESOLVED""}"
2026-03-27 05:33:58,SYS_2_EMERGENCY,"{""action"": ""Forced North Green"", ""status"": ""ACTIVE""}"
2026-03-27 05:33:59,SYS_2_EMERGENCY,"{""action"": ""Emergency Cleared"", ""status"": ""RESOLVED""}"
2026-03-27 05:33:59,SYS_2_EMERGENCY,"{""action"": ""Forced North Green"", ""status"": ""ACTIVE""}"
2026-03-27 05:34:00,SYS_2_EMERGENCY,"{""action"": ""Emergency Cleared"", ""status"": ""RESOLVED""}"
2026-03-27 05:34:09,SYS_2_EMERGENCY,"{""action"": ""Forced North Green"", ""status"": ""ACTIVE""}"
2026-03-27 05:34:10,SYS_2_EMERGENCY,"{""action"": ""Emergency Cleared"", ""status"": ""RESOLVED""}"
2026-03-27 05:35:47,SYS_2_EMERGENCY,"{""action"": ""Forced North Green"", ""status"": ""ACTIVE""}"
2026-03-27 05:35:50,SYS_2_EMERGENCY,"{""action"": ""Emergency Cleared"", ""status"": ""RESOLVED""}"
2026-03-27 05:40:37,SYS_2_EMERGENCY,"{""action"": ""Forced North Green"", ""status"": ""ACTIVE""}"
2026-03-27 05:40:42,SYS_2_EMERGENCY,"{""action"": ""Emergency Cleared"", ""status"": ""RESOLVED""}"
2026-03-27 09:22:30,SYS_1_NORTH_GREEN,"{""duration"": 5, ""queue"": 1}"
2026-03-27 09:22:55,SYS_1_NORTH_GREEN,"{""duration"": 15, ""queue"": 9}"
2026-03-27 09:23:30,SYS_1_NORTH_GREEN,"{""duration"": 15, ""queue"": 9}"
2026-03-27 09:24:05,SYS_1_NORTH_GREEN,"{""duration"": 15, ""queue"": 12}"
2026-03-27 09:24:40,SYS_1_NORTH_GREEN,"{""duration"": 15, ""queue"": 22}"
2026-03-27 09:25:23,SYS_1_NORTH_GREEN,"{""duration"": 5, ""queue"": 1}"
2026-03-27 09:25:48,SYS_1_NORTH_GREEN,"{""duration"": 8, ""queue"": 2}"
2026-03-27 09:26:01,SYS_3_SETTINGS,"{""manual_limit"": 162}"
2026-03-27 09:26:07,SYS_3_SETTINGS,"{""manual_limit"": 172}"
2026-03-27 09:26:07,SYS_3_SETTINGS,"{""manual_limit"": 175}"
2026-03-27 09:26:07,SYS_3_SETTINGS,"{""manual_limit"": 187}"
2026-03-27 09:26:07,SYS_3_SETTINGS,"{""manual_limit"": 200}"
2026-03-27 09:26:07,SYS_3_SETTINGS,"{""manual_limit"": 215}"
2026-03-27 09:26:07,SYS_3_SETTINGS,"{""manual_limit"": 233}"
2026-03-27 09:26:07,SYS_3_SETTINGS,"{""manual_limit"": 240}"
2026-03-27 09:26:07,SYS_3_SETTINGS,"{""manual_limit"": 252}"
2026-03-27 09:26:07,SYS_3_SETTINGS,"{""manual_limit"": 255}"
2026-03-27 09:26:17,SYS_3_SETTINGS,"{""manual_limit"": 139}"
2026-03-27 09:26:22,SYS_3_SETTINGS,"{""manual_limit"": 182}"
2026-03-27 09:26:26,SYS_3_SETTINGS,"{""danger"": true}"
2026-03-27 09:26:30,SYS_1_NORTH_GREEN,"{""duration"": 5, ""queue"": 1}"
2026-03-27 09:26:38,SYS_3_SETTINGS,"{""danger"": false}"
2026-03-27 09:26:42,SYS_3_SETTINGS,"{""manual_limit"": 238}"
2026-03-27 09:26:45,SYS_3_SETTINGS,"{""manual_limit"": 247}"
2026-03-27 09:26:48,SYS_3_SETTINGS,"{""manual_limit"": 121}"
2026-03-27 09:26:54,SYS_3_SETTINGS,"{""manual_limit"": 94}"
2026-03-27 09:26:55,SYS_1_NORTH_GREEN,"{""duration"": 5, ""queue"": 1}"
2026-03-27 09:26:58,SYS_3_SETTINGS,"{""manual_limit"": 114}"
2026-03-27 09:27:02,SYS_3_SETTINGS,"{""manual_limit"": 138}"
2026-03-27 09:27:05,SYS_3_SETTINGS,"{""manual_limit"": 241}"
2026-03-27 09:27:10,SYS_3_SETTINGS,"{""manual_limit"": 117}"
2026-03-27 09:27:16,SYS_3_SETTINGS,"{""manual_limit"": 156}"
2026-03-27 09:27:19,SYS_3_SETTINGS,"{""manual_limit"": 126}"
2026-03-27 09:27:20,SYS_1_NORTH_GREEN,"{""duration"": 8, ""queue"": 2}"
2026-03-27 09:27:25,SYS_3_SETTINGS,"{""manual_limit"": 118}"
2026-03-27 09:27:33,SYS_3_SETTINGS,"{""manual_limit"": 104}"
2026-03-27 09:27:36,SYS_3_SETTINGS,"{""manual_limit"": 114}"
2026-03-27 09:27:38,SYS_3_SETTINGS,"{""manual_limit"": 122}"
2026-03-27 09:27:43,SYS_3_SETTINGS,"{""manual_limit"": 252}"
2026-03-27 09:27:44,SYS_3_SETTINGS,"{""manual_limit"": 122}"
2026-03-27 09:27:48,SYS_1_NORTH_GREEN,"{""duration"": 8, ""queue"": 2}"
2026-03-27 09:27:51,SYS_3_SETTINGS,"{""danger"": false}"
2026-03-27 09:27:54,SYS_3_SETTINGS,"{""manual_limit"": 254}"
2026-03-27 09:28:07,SYS_3_SETTINGS,"{""manual_limit"": 40}"
2026-03-27 09:28:16,SYS_1_NORTH_GREEN,"{""duration"": 8, ""queue"": 2}"
2026-03-27 09:28:41,SYS_2_EMERGENCY,"{""action"": ""Forced North Green"", ""status"": ""ACTIVE""}"
2026-03-27 09:28:45,SYS_2_EMERGENCY,"{""action"": ""Emergency Cleared"", ""status"": ""RESOLVED""}"
2026-03-27 09:29:05,SYS_1_NORTH_GREEN,"{""duration"": 8, ""queue"": 2}"
2026-03-27 09:29:33,SYS_1_NORTH_GREEN,"{""duration"": 5, ""queue"": 1}"
2026-03-27 09:29:58,SYS_1_NORTH_GREEN,"{""duration"": 5, ""queue"": 1}"
2026-03-27 09:30:23,SYS_1_NORTH_GREEN,"{""duration"": 5, ""queue"": 1}"
2026-03-27 09:30:48,SYS_1_NORTH_GREEN,"{""duration"": 5, ""queue"": 1}"
2026-03-27 09:31:31,SYS_1_NORTH_GREEN,"{""duration"": 5, ""queue"": 1}"
2026-03-27 09:31:35,SYS_3_SETTINGS,"{""danger"": true}"
2026-03-27 09:31:42,SYS_3_SETTINGS,"{""danger"": true}"
2026-03-27 09:31:43,SYS_3_SETTINGS,"{""danger"": false}"
2026-03-27 09:31:46,SYS_3_SETTINGS,"{""danger"": false}"
2026-03-27 09:31:53,SYS_3_SETTINGS,"{""danger"": true}"
2026-03-27 09:31:56,SYS_3_SETTINGS,"{""danger"": false}"
2026-03-27 09:31:56,SYS_1_NORTH_GREEN,"{""duration"": 8, ""queue"": 2}"
2026-03-27 09:32:24,SYS_1_NORTH_GREEN,"{""duration"": 8, ""queue"": 2}"
2026-03-27 09:32:53,SYS_1_NORTH_GREEN,"{""duration"": 8, ""queue"": 2}"
2026-03-27 09:33:21,SYS_1_NORTH_GREEN,"{""duration"": 15, ""queue"": 10}"
2026-03-27 09:33:56,SYS_1_NORTH_GREEN,"{""duration"": 15, ""queue"": 11}"
2026-03-27 09:34:31,SYS_1_NORTH_GREEN,"{""duration"": 15, ""queue"": 11}"
2026-03-27 09:34:32,SYS_2_EMERGENCY,"{""action"": ""Forced North Green"", ""status"": ""ACTIVE""}"
2026-03-27 09:34:38,SYS_2_EMERGENCY,"{""action"": ""Emergency Cleared"", ""status"": ""RESOLVED""}"
2026-03-27 09:34:42,SYS_2_EMERGENCY,"{""action"": ""Forced North Green"", ""status"": ""ACTIVE""}"
2026-03-27 09:34:46,SYS_2_EMERGENCY,"{""action"": ""Emergency Cleared"", ""status"": ""RESOLVED""}"
2026-03-27 09:34:49,SYS_2_EMERGENCY,"{""action"": ""Forced North Green"", ""status"": ""ACTIVE""}"
2026-03-27 09:35:04,SYS_2_EMERGENCY,"{""action"": ""Emergency Cleared"", ""status"": ""RESOLVED""}"
2026-03-27 09:35:24,SYS_1_NORTH_GREEN,"{""duration"": 13, ""queue"": 4}"
2026-03-27 09:35:57,SYS_1_NORTH_GREEN,"{""duration"": 15, ""queue"": 7}"
2026-03-27 09:36:32,SYS_1_NORTH_GREEN,"{""duration"": 15, ""queue"": 7}"
2026-03-27 09:37:07,SYS_1_NORTH_GREEN,"{""duration"": 15, ""queue"": 8}"
2026-03-27 09:37:42,SYS_1_NORTH_GREEN,"{""duration"": 15, ""queue"": 5}"
2026-03-27 09:38:17,SYS_1_NORTH_GREEN,"{""duration"": 13, ""queue"": 4}"
2026-03-27 09:38:50,SYS_1_NORTH_GREEN,"{""duration"": 13, ""queue"": 4}"
2026-03-27 09:39:23,SYS_1_NORTH_GREEN,"{""duration"": 13, ""queue"": 4}"
2026-03-27 09:39:56,SYS_1_NORTH_GREEN,"{""duration"": 15, ""queue"": 8}"
2026-03-27 09:40:31,SYS_1_NORTH_GREEN,"{""duration"": 15, ""queue"": 8}"
2026-03-27 09:41:06,SYS_1_NORTH_GREEN,"{""duration"": 15, ""queue"": 8}"
2026-03-27 09:41:40,SYS_1_NORTH_GREEN,"{""duration"": 15, ""queue"": 8}"
2026-03-27 09:42:15,SYS_1_NORTH_GREEN,"{""duration"": 15, ""queue"": 8}"
2026-03-27 09:42:50,SYS_1_NORTH_GREEN,"{""duration"": 15, ""queue"": 8}"
2026-03-27 09:43:25,SYS_1_NORTH_GREEN,"{""duration"": 15, ""queue"": 8}"
2026-03-27 09:44:00,SYS_1_NORTH_GREEN,"{""duration"": 15, ""queue"": 8}"
2026-03-27 09:44:35,SYS_1_NORTH_GREEN,"{""duration"": 10, ""queue"": 3}"
2026-03-27 09:44:52,SYS_2_EMERGENCY,"{""action"": ""Forced North Green"", ""status"": ""ACTIVE""}"
2026-03-27 09:44:59,SYS_2_EMERGENCY,"{""action"": ""Emergency Cleared"", ""status"": ""RESOLVED""}"
2026-03-27 09:45:19,SYS_1_NORTH_GREEN,"{""duration"": 5, ""queue"": 1}"
2026-03-27 09:45:44,SYS_1_NORTH_GREEN,"{""duration"": 10, ""queue"": 3}"
2026-03-27 09:46:14,SYS_1_NORTH_GREEN,"{""duration"": 15, ""queue"": 5}"
2026-03-27 09:46:48,SYS_1_NORTH_GREEN,"{""duration"": 8, ""queue"": 2}"
2026-03-27 09:50:22,SYS_1_NORTH_GREEN,"{""duration"": 5, ""queue"": 1}"
2026-03-27 09:50:57,SYS_1_NORTH_GREEN,"{""duration"": 5, ""queue"": 1}"
2026-03-27 09:53:07,SYS_1_NORTH_GREEN,"{""duration"": 5, ""queue"": 1}"
2026-03-27 09:53:32,SYS_1_NORTH_GREEN,"{""duration"": 10, ""queue"": 3}"
2026-03-27 09:54:01,SYS_1_NORTH_GREEN,"{""duration"": 10, ""queue"": 3}"
2026-03-27 09:54:41,SYS_1_NORTH_GREEN,"{""duration"": 5, ""queue"": 1}"
2026-03-27 09:55:51,SYS_1_NORTH_GREEN,"{""duration"": 5, ""queue"": 1}"
2026-03-27 09:56:16,SYS_1_NORTH_GREEN,"{""duration"": 15, ""queue"": 5}"
2026-03-27 09:56:56,SYS_1_NORTH_GREEN,"{""duration"": 5, ""queue"": 1}"
2026-03-27 09:57:20,SYS_1_NORTH_GREEN,"{""duration"": 15, ""queue"": 5}"
2026-03-27 09:57:55,SYS_1_NORTH_GREEN,"{""duration"": 8, ""queue"": 2}"
2026-03-27 09:58:09,SYS_2_EMERGENCY,"{""action"": ""Forced North Green"", ""status"": ""ACTIVE""}"
2026-03-27 09:58:13,SYS_2_EMERGENCY,"{""action"": ""Emergency Cleared"", ""status"": ""RESOLVED""}"
2026-03-27 09:58:39,SYS_1_NORTH_GREEN,"{""duration"": 5, ""queue"": 1}"
2026-03-27 09:58:48,SYS_3_SETTINGS,"{""danger"": false}"
2026-03-27 09:59:00,SYS_3_SETTINGS,"{""manual_limit"": 193}"
2026-03-27 09:59:01,SYS_3_SETTINGS,"{""manual_limit"": 171}"
2026-03-27 09:59:04,SYS_1_NORTH_GREEN,"{""duration"": 10, ""queue"": 3}"
2026-03-27 09:59:07,SYS_3_SETTINGS,"{""danger"": true}"
2026-03-27 09:59:24,SYS_3_SETTINGS,"{""danger"": false}"
2026-03-27 09:59:25,SYS_3_SETTINGS,"{""manual_limit"": 255}"
2026-03-27 09:59:34,SYS_1_NORTH_GREEN,"{""duration"": 10, ""queue"": 3}"
2026-03-27 10:00:04,SYS_1_NORTH_GREEN,"{""duration"": 10, ""queue"": 3}"
2026-03-27 10:00:34,SYS_1_NORTH_GREEN,"{""duration"": 10, ""queue"": 3}"
2026-03-27 10:01:04,SYS_1_NORTH_GREEN,"{""duration"": 10, ""queue"": 3}"
2026-03-27 10:01:34,SYS_1_NORTH_GREEN,"{""duration"": 10, ""queue"": 3}"
2026-03-27 10:02:09,SYS_1_NORTH_GREEN,"{""duration"": 5, ""queue"": 1}"
2026-03-27 10:02:39,SYS_1_NORTH_GREEN,"{""duration"": 5, ""queue"": 1}"
2026-03-27 10:03:04,SYS_1_NORTH_GREEN,"{""duration"": 8, ""queue"": 2}"
2026-03-27 10:03:23,SYS_2_EMERGENCY,"{""action"": ""Forced North Green"", ""status"": ""ACTIVE""}"
2026-03-27 10:03:29,SYS_2_EMERGENCY,"{""action"": ""Emergency Cleared"", ""status"": ""RESOLVED""}"
2026-03-27 10:03:32,SYS_2_EMERGENCY,"{""action"": ""Forced North Green"", ""status"": ""ACTIVE""}"
2026-03-27 10:03:34,SYS_2_EMERGENCY,"{""action"": ""Emergency Cleared"", ""status"": ""RESOLVED""}"
2026-03-27 10:03:54,SYS_1_NORTH_GREEN,"{""duration"": 5, ""queue"": 1}"
2026-03-27 10:04:19,SYS_1_NORTH_GREEN,"{""duration"": 5, ""queue"": 1}"
2026-03-27 10:04:24,SYS_2_EMERGENCY,"{""action"": ""Forced North Green"", ""status"": ""ACTIVE""}"
2026-03-27 10:04:37,SYS_2_EMERGENCY,"{""action"": ""Emergency Cleared"", ""status"": ""RESOLVED""}"
2026-03-27 10:04:57,SYS_1_NORTH_GREEN,"{""duration"": 5, ""queue"": 1}"
2026-03-27 10:05:22,SYS_1_NORTH_GREEN,"{""duration"": 5, ""queue"": 1}"
2026-03-27 10:05:47,SYS_1_NORTH_GREEN,"{""duration"": 10, ""queue"": 3}"
2026-03-27 10:06:17,SYS_1_NORTH_GREEN,"{""duration"": 10, ""queue"": 3}"
2026-03-27 10:06:46,SYS_1_NORTH_GREEN,"{""duration"": 15, ""queue"": 5}"
2026-03-27 10:10:36,SYS_1_NORTH_GREEN,"{""duration"": 5, ""queue"": 1}"
2026-03-27 10:11:26,SYS_2_EMERGENCY,"{""action"": ""Forced North Green"", ""status"": ""ACTIVE""}"
2026-03-27 10:11:33,SYS_2_EMERGENCY,"{""action"": ""Emergency Cleared"", ""status"": ""RESOLVED""}"
2026-03-27 10:21:12,SYS_1_NORTH_GREEN,"{""duration"": 5, ""queue"": 1}"
2026-03-27 10:21:37,SYS_1_NORTH_GREEN,"{""duration"": 13, ""queue"": 4}"
2026-03-27 10:22:10,SYS_1_NORTH_GREEN,"{""duration"": 8, ""queue"": 2}"
2026-03-27 10:22:19,SYS_3_SETTINGS,"{""queue_update"": {""arm"": ""West"", ""change"": -1}}"
2026-03-27 10:22:19,SYS_3_SETTINGS,"{""queue_update"": {""arm"": ""West"", ""change"": -1}}"
2026-03-27 10:22:36,SYS_3_SETTINGS,"{""queue_update"": {""arm"": ""East"", ""change"": -1}}"
2026-03-27 10:22:43,SYS_3_SETTINGS,"{""queue_update"": {""arm"": ""East"", ""change"": -1}}"
2026-03-27 10:22:45,SYS_3_SETTINGS,"{""queue_update"": {""arm"": ""East"", ""change"": 1}}"
2026-03-27 10:22:47,SYS_3_SETTINGS,"{""queue_update"": {""arm"": ""West"", ""change"": 1}}"
2026-03-27 10:22:50,SYS_3_SETTINGS,"{""queue_update"": {""arm"": ""South"", ""change"": 1}}"
2026-03-27 10:23:00,SYS_3_SETTINGS,"{""queue_update"": {""arm"": ""West"", ""change"": 1}}"
2026-03-27 10:23:01,SYS_3_SETTINGS,"{""queue_update"": {""arm"": ""West"", ""change"": 1}}"
2026-03-27 10:23:01,SYS_3_SETTINGS,"{""queue_update"": {""arm"": ""West"", ""change"": 1}}"
2026-03-27 10:23:04,SYS_1_NORTH_GREEN,"{""duration"": 5, ""queue"": 1}"
2026-03-27 10:23:30,SYS_3_SETTINGS,"{""queue_update"": {""arm"": ""West"", ""change"": -1}}"
2026-03-27 10:23:30,SYS_3_SETTINGS,"{""queue_update"": {""arm"": ""West"", ""change"": -1}}"
2026-03-27 10:23:31,SYS_3_SETTINGS,"{""queue_update"": {""arm"": ""West"", ""change"": -1}}"
2026-03-27 10:23:36,SYS_3_SETTINGS,"{""queue_update"": {""arm"": ""South"", ""change"": -1}}"
2026-03-27 10:23:38,SYS_3_SETTINGS,"{""queue_update"": {""arm"": ""East"", ""change"": -1}}"
2026-03-27 10:23:42,SYS_1_NORTH_GREEN,"{""duration"": 5, ""queue"": 1}"
2026-03-27 10:23:49,SYS_3_SETTINGS,"{""queue_update"": {""arm"": ""West"", ""change"": -1}}"
2026-03-27 10:24:00,SYS_3_SETTINGS,"{""queue_update"": {""arm"": ""South"", ""change"": 1}}"
2026-03-27 10:24:01,SYS_3_SETTINGS,"{""queue_update"": {""arm"": ""South"", ""change"": 1}}"
2026-03-27 10:24:13,SYS_1_NORTH_GREEN,"{""duration"": 5, ""queue"": 1}"
2026-03-27 10:24:18,SYS_3_SETTINGS,"{""queue_update"": {""arm"": ""East"", ""change"": 1}}"
2026-03-27 10:24:38,SYS_1_NORTH_GREEN,"{""duration"": 5, ""queue"": 1}"
2026-03-27 10:24:46,SYS_3_SETTINGS,"{""queue_update"": {""arm"": ""East"", ""change"": -1}}"
2026-03-27 10:24:50,SYS_3_SETTINGS,"{""queue_update"": {""arm"": ""South"", ""change"": -1}}"
2026-03-27 10:24:51,SYS_3_SETTINGS,"{""queue_update"": {""arm"": ""South"", ""change"": -1}}"
2026-03-27 10:24:52,SYS_1_NORTH_GREEN,"{""duration"": 5, ""queue"": 1}"
2026-03-27 10:25:00,SYS_1_NORTH_GREEN,"{""duration"": 5, ""queue"": 1}"
2026-03-27 10:25:09,SYS_1_NORTH_GREEN,"{""duration"": 5, ""queue"": 1}"
2026-03-27 10:25:46,SYS_1_NORTH_GREEN,"{""duration"": 5, ""queue"": 1}"
2026-03-27 10:26:06,SYS_1_NORTH_GREEN,"{""duration"": 5, ""queue"": 1}"
2026-03-27 10:26:14,SYS_1_NORTH_GREEN,"{""duration"": 5, ""queue"": 1}"
2026-03-27 10:26:21,SYS_1_NORTH_GREEN,"{""duration"": 8, ""queue"": 2}"
2026-03-27 10:29:35,SYS_1_NORTH_GREEN,"{""duration"": 5, ""queue"": 1}"
2026-03-27 10:29:42,SYS_1_NORTH_GREEN,"{""duration"": 5, ""queue"": 1}"
2026-03-27 10:29:49,SYS_1_NORTH_GREEN,"{""duration"": 5, ""queue"": 1}"
2026-03-27 10:29:57,SYS_1_NORTH_GREEN,"{""duration"": 5, ""queue"": 1}"
2026-03-27 10:30:04,SYS_1_NORTH_GREEN,"{""duration"": 5, ""queue"": 1}"
2026-03-27 10:30:11,SYS_1_NORTH_GREEN,"{""duration"": 5, ""queue"": 1}"
2026-03-27 10:30:16,SYS_2_EMERGENCY,"{""action"": ""Forced North Green"", ""status"": ""ACTIVE""}"
2026-03-27 10:30:28,SYS_2_EMERGENCY,"{""action"": ""Emergency Cleared"", ""status"": ""RESOLVED""}"
2026-03-27 10:30:30,SYS_1_NORTH_GREEN,"{""duration"": 5, ""queue"": 1}"
2026-03-27 10:30:37,SYS_1_NORTH_GREEN,"{""duration"": 5, ""queue"": 1}"
2026-03-27 10:30:44,SYS_1_NORTH_GREEN,"{""duration"": 5, ""queue"": 1}"
2026-03-27 10:30:51,SYS_1_NORTH_GREEN,"{""duration"": 5, ""queue"": 1}"
2026-03-27 10:30:58,SYS_1_NORTH_GREEN,"{""duration"": 5, ""queue"": 1}"
2026-03-27 10:31:05,SYS_1_NORTH_GREEN,"{""duration"": 5, ""queue"": 1}"
2026-03-27 10:31:12,SYS_1_NORTH_GREEN,"{""duration"": 5, ""queue"": 1}"
2026-03-27 10:31:20,SYS_1_NORTH_GREEN,"{""duration"": 5, ""queue"": 1}"
2026-03-27 10:31:27,SYS_1_NORTH_GREEN,"{""duration"": 5, ""queue"": 1}"
2026-03-27 10:31:34,SYS_1_NORTH_GREEN,"{""duration"": 5, ""queue"": 1}"
2026-03-27 10:31:41,SYS_1_NORTH_GREEN,"{""duration"": 5, ""queue"": 1}"
2026-03-27 10:31:48,SYS_1_NORTH_GREEN,"{""duration"": 5, ""queue"": 1}"
2026-03-27 10:31:55,SYS_1_NORTH_GREEN,"{""duration"": 5, ""queue"": 1}"
2026-03-27 10:32:02,SYS_1_NORTH_GREEN,"{""duration"": 5, ""queue"": 1}"
2026-03-27 10:32:09,SYS_1_NORTH_GREEN,"{""duration"": 5, ""queue"": 1}"
2026-03-27 10:32:16,SYS_1_NORTH_GREEN,"{""duration"": 5, ""queue"": 1}"
2026-03-27 10:32:24,SYS_1_NORTH_GREEN,"{""duration"": 5, ""queue"": 1}"
2026-03-27 10:32:31,SYS_1_NORTH_GREEN,"{""duration"": 5, ""queue"": 1}"
2026-03-27 10:32:38,SYS_1_NORTH_GREEN,"{""duration"": 5, ""queue"": 1}"
2026-03-27 10:32:45,SYS_1_NORTH_GREEN,"{""duration"": 5, ""queue"": 1}"
2026-03-27 10:32:52,SYS_1_NORTH_GREEN,"{""duration"": 5, ""queue"": 1}"
2026-03-27 10:32:59,SYS_1_NORTH_GREEN,"{""duration"": 5, ""queue"": 1}"
2026-03-27 10:33:06,SYS_1_NORTH_GREEN,"{""duration"": 5, ""queue"": 1}"
2026-03-27 10:33:13,SYS_1_NORTH_GREEN,"{""duration"": 5, ""queue"": 1}"
2026-03-27 10:33:20,SYS_1_NORTH_GREEN,"{""duration"": 5, ""queue"": 1}"
2026-03-27 10:33:27,SYS_1_NORTH_GREEN,"{""duration"": 5, ""queue"": 1}"
2026-03-27 10:33:34,SYS_1_NORTH_GREEN,"{""duration"": 5, ""queue"": 1}"
2026-03-27 10:33:41,SYS_1_NORTH_GREEN,"{""duration"": 5, ""queue"": 1}"
2026-03-27 10:33:49,SYS_1_NORTH_GREEN,"{""duration"": 5, ""queue"": 1}"
2026-03-27 10:33:58,SYS_1_NORTH_GREEN,"{""duration"": 5, ""queue"": 1}"
2026-03-27 10:34:05,SYS_1_NORTH_GREEN,"{""duration"": 5, ""queue"": 1}"
2026-03-27 10:34:12,SYS_1_NORTH_GREEN,"{""duration"": 5, ""queue"": 1}"
2026-03-27 10:34:19,SYS_1_NORTH_GREEN,"{""duration"": 5, ""queue"": 1}"
2026-03-27 10:34:26,SYS_1_NORTH_GREEN,"{""duration"": 5, ""queue"": 1}"
2026-03-27 10:34:33,SYS_1_NORTH_GREEN,"{""duration"": 5, ""queue"": 1}"
2026-03-27 10:34:34,SYS_3_SETTINGS,"{""queue_update"": {""arm"": ""West"", ""change"": 1}}"
2026-03-27 10:34:34,SYS_3_SETTINGS,"{""queue_update"": {""arm"": ""West"", ""change"": 1}}"
2026-03-27 10:34:45,SYS_3_SETTINGS,"{""queue_update"": {""arm"": ""East"", ""change"": 1}}"
2026-03-27 10:34:49,SYS_3_SETTINGS,"{""queue_update"": {""arm"": ""South"", ""change"": 1}}"
2026-03-27 10:34:50,SYS_1_NORTH_GREEN,"{""duration"": 8, ""queue"": 2}"
2026-03-27 10:50:53,SYS_1_NORTH_GREEN,"{""duration"": 5, ""queue"": 1}"
2026-03-27 10:51:26,SYS_1_NORTH_GREEN,"{""duration"": 5, ""queue"": 1}"
2026-03-27 10:51:58,SYS_1_NORTH_GREEN,"{""duration"": 5, ""queue"": 1}"
2026-03-27 10:52:31,SYS_1_NORTH_GREEN,"{""duration"": 5, ""queue"": 1}"
2026-03-27 10:53:03,SYS_1_NORTH_GREEN,"{""duration"": 5, ""queue"": 1}"
2026-03-27 10:53:36,SYS_1_NORTH_GREEN,"{""duration"": 5, ""queue"": 1}"
2026-03-27 10:54:08,SYS_1_NORTH_GREEN,"{""duration"": 5, ""queue"": 1}"
2026-03-27 10:54:41,SYS_1_NORTH_GREEN,"{""duration"": 5, ""queue"": 1}"
2026-03-27 10:55:13,SYS_1_NORTH_GREEN,"{""duration"": 5, ""queue"": 1}"
2026-03-27 10:55:46,SYS_1_NORTH_GREEN,"{""duration"": 5, ""queue"": 1}"
2026-03-27 10:56:18,SYS_1_NORTH_GREEN,"{""duration"": 5, ""queue"": 1}"
2026-03-27 10:56:51,SYS_1_NORTH_GREEN,"{""duration"": 5, ""queue"": 1}"
2026-03-27 10:57:23,SYS_1_NORTH_GREEN,"{""duration"": 5, ""queue"": 1}"
2026-03-27 10:57:56,SYS_1_NORTH_GREEN,"{""duration"": 5, ""queue"": 1}"
2026-03-27 10:58:29,SYS_1_NORTH_GREEN,"{""duration"": 5, ""queue"": 1}"
2026-03-27 10:59:01,SYS_1_NORTH_GREEN,"{""duration"": 5, ""queue"": 1}"
2026-03-27 10:59:34,SYS_1_NORTH_GREEN,"{""duration"": 5, ""queue"": 1}"
2026-03-27 11:00:06,SYS_1_NORTH_GREEN,"{""duration"": 5, ""queue"": 1}"
2026-03-27 11:00:38,SYS_1_NORTH_GREEN,"{""duration"": 5, ""queue"": 1}"
2026-03-27 11:01:11,SYS_1_NORTH_GREEN,"{""duration"": 5, ""queue"": 1}"
2026-03-27 11:01:43,SYS_1_NORTH_GREEN,"{""duration"": 5, ""queue"": 1}"
2026-03-27 11:02:16,SYS_1_NORTH_GREEN,"{""duration"": 5, ""queue"": 1}"
2026-03-27 11:02:48,SYS_1_NORTH_GREEN,"{""duration"": 5, ""queue"": 1}"
2026-03-27 11:03:20,SYS_3_SETTINGS,"{""queue_update"": {""arm"": ""West"", ""change"": -1}}"
2026-03-27 11:03:20,SYS_3_SETTINGS,"{""queue_update"": {""arm"": ""West"", ""change"": -1}}"
2026-03-27 11:03:20,SYS_3_SETTINGS,"{""queue_update"": {""arm"": ""West"", ""change"": -1}}"
2026-03-27 11:03:21,SYS_1_NORTH_GREEN,"{""duration"": 15, ""queue"": 5}"
2026-03-27 11:03:23,SYS_3_SETTINGS,"{""queue_update"": {""arm"": ""East"", ""change"": -1}}"
2026-03-27 11:03:24,SYS_3_SETTINGS,"{""queue_update"": {""arm"": ""South"", ""change"": -1}}"
2026-03-27 11:03:43,SYS_1_NORTH_GREEN,"{""duration"": 5, ""queue"": 1}"
2026-03-27 11:04:00,SYS_1_NORTH_GREEN,"{""duration"": 5, ""queue"": 1}"
2026-03-27 11:14:30,SYS_1_NORTH_GREEN,"{""duration"": 5, ""queue"": 1}"
2026-03-27 11:14:37,SYS_1_NORTH_GREEN,"{""duration"": 15, ""queue"": 6}"
2026-03-27 11:14:54,SYS_1_NORTH_GREEN,"{""duration"": 15, ""queue"": 6}"
2026-03-27 11:15:11,SYS_1_NORTH_GREEN,"{""duration"": 15, ""queue"": 6}"
2026-03-27 11:15:28,SYS_1_NORTH_GREEN,"{""duration"": 15, ""queue"": 8}"
2026-03-27 11:15:45,SYS_1_NORTH_GREEN,"{""duration"": 15, ""queue"": 6}"
2026-03-27 11:17:28,SYS_1_NORTH_GREEN,"{""duration"": 5, ""queue"": 1}"
2026-03-27 11:19:56,SYS_1_NORTH_GREEN,"{""duration"": 5, ""queue"": 1}"
2026-03-27 11:20:03,SYS_1_NORTH_GREEN,"{""duration"": 5, ""queue"": 1}"
2026-03-27 11:20:10,SYS_1_NORTH_GREEN,"{""duration"": 10, ""queue"": 3}"
2026-03-27 11:20:22,SYS_1_NORTH_GREEN,"{""duration"": 13, ""queue"": 4}"
2026-03-27 11:20:37,SYS_1_NORTH_GREEN,"{""duration"": 10, ""queue"": 3}"
2026-03-27 11:20:49,SYS_1_NORTH_GREEN,"{""duration"": 8, ""queue"": 2}"
2026-03-27 11:20:59,SYS_1_NORTH_GREEN,"{""duration"": 13, ""queue"": 4}"
2026-03-27 11:21:14,SYS_1_NORTH_GREEN,"{""duration"": 15, ""queue"": 5}"
2026-03-27 11:21:32,SYS_1_NORTH_GREEN,"{""duration"": 15, ""queue"": 5}"
2026-03-27 11:21:50,SYS_1_NORTH_GREEN,"{""duration"": 15, ""queue"": 5}"
2026-03-27 11:22:07,SYS_1_NORTH_GREEN,"{""duration"": 15, ""queue"": 6}"
2026-03-27 11:22:24,SYS_1_NORTH_GREEN,"{""duration"": 15, ""queue"": 6}"
2026-03-27 11:22:41,SYS_1_NORTH_GREEN,"{""duration"": 15, ""queue"": 6}"
2026-03-27 11:22:58,SYS_1_NORTH_GREEN,"{""duration"": 15, ""queue"": 11}"
2026-03-27 11:23:22,SYS_1_NORTH_GREEN,"{""duration"": 5, ""queue"": 1}"
2026-03-27 11:23:29,SYS_1_NORTH_GREEN,"{""duration"": 15, ""queue"": 5}"
2026-03-27 11:23:59,SYS_1_NORTH_GREEN,"{""duration"": 5, ""queue"": 1}"
2026-03-27 11:24:09,SYS_1_NORTH_GREEN,"{""duration"": 5, ""queue"": 1}"
2026-03-27 11:24:22,SYS_2_EMERGENCY,"{""action"": ""Forced North Green"", ""status"": ""ACTIVE""}"
2026-03-27 11:24:25,SYS_2_EMERGENCY,"{""action"": ""Emergency Cleared"", ""status"": ""RESOLVED""}"
2026-03-27 11:24:38,SYS_3_SETTINGS,"{""danger"": true}"
2026-03-27 11:29:20,SYS_3_SETTINGS,"{""danger"": false}"
2026-03-27 11:48:51,SYS_3_SETTINGS,"{""queue_update"": {""arm"": ""West"", ""change"": 1}}"
2026-03-27 11:48:53,SYS_3_SETTINGS,"{""queue_update"": {""arm"": ""South"", ""change"": 1}}"
2026-03-27 11:48:53,SYS_3_SETTINGS,"{""queue_update"": {""arm"": ""South"", ""change"": 1}}"
2026-03-27 11:48:55,SYS_3_SETTINGS,"{""queue_update"": {""arm"": ""East"", ""change"": 1}}"
2026-03-27 11:48:55,SYS_3_SETTINGS,"{""queue_update"": {""arm"": ""East"", ""change"": 1}}"
2026-03-27 11:48:55,SYS_3_SETTINGS,"{""queue_update"": {""arm"": ""East"", ""change"": 1}}"
2026-03-27 11:49:45,SYS_1_NORTH_GREEN,"{""duration"": 5, ""queue"": 1}"
2026-03-27 11:50:22,SYS_1_NORTH_GREEN,"{""duration"": 8, ""queue"": 2}"
2026-03-27 11:50:53,SYS_2_EMERGENCY,"{""action"": ""Forced North Green"", ""status"": ""ACTIVE""}"
2026-03-27 11:51:01,SYS_2_EMERGENCY,"{""action"": ""Emergency Cleared"", ""status"": ""RESOLVED""}"
2026-03-27 11:51:32,SYS_2_EMERGENCY,"{""action"": ""Forced North Green"", ""status"": ""ACTIVE""}"
2026-03-27 11:51:37,SYS_2_EMERGENCY,"{""action"": ""Emergency Cleared"", ""status"": ""RESOLVED""}"
2026-03-27 11:55:26,SYS_1_NORTH_GREEN,"{""duration"": 5, ""queue"": 1}"
2026-03-27 11:56:03,SYS_1_NORTH_GREEN,"{""duration"": 15, ""queue"": 7}"
2026-03-27 11:56:51,SYS_1_NORTH_GREEN,"{""duration"": 15, ""queue"": 7}"
2026-03-27 11:57:38,SYS_1_NORTH_GREEN,"{""duration"": 15, ""queue"": 7}"
2026-03-27 12:00:13,SYS_1_NORTH_GREEN,"{""duration"": 5, ""queue"": 1}"
2026-03-27 12:00:34,SYS_2_EMERGENCY,"{""action"": ""Forced North Green"", ""status"": ""ACTIVE""}"
2026-03-27 12:00:41,SYS_2_EMERGENCY,"{""action"": ""Emergency Cleared"", ""status"": ""RESOLVED""}"
2026-03-27 12:00:42,SYS_2_EMERGENCY,"{""action"": ""Forced North Green"", ""status"": ""ACTIVE""}"
2026-03-27 12:00:44,SYS_2_EMERGENCY,"{""action"": ""Emergency Cleared"", ""status"": ""RESOLVED""}"
2026-03-27 12:03:41,SYS_1_NORTH_GREEN,"{""duration"": 5, ""queue"": 1}"
2026-03-27 12:04:18,SYS_1_NORTH_GREEN,"{""duration"": 15, ""queue"": 5}"
2026-03-27 12:05:06,SYS_1_NORTH_GREEN,"{""duration"": 15, ""queue"": 5}"
2026-03-27 12:05:20,SYS_3_SETTINGS,"{""danger"": true}"
2026-03-27 12:05:26,SYS_3_SETTINGS,"{""danger"": false}"
2026-03-27 12:05:53,SYS_1_NORTH_GREEN,"{""duration"": 13, ""queue"": 4}"
2026-03-27 12:06:39,SYS_1_NORTH_GREEN,"{""duration"": 5, ""queue"": 1}"
2026-03-27 12:07:16,SYS_1_NORTH_GREEN,"{""duration"": 5, ""queue"": 1}"
2026-03-27 12:07:54,SYS_1_NORTH_GREEN,"{""duration"": 5, ""queue"": 1}"
2026-03-27 12:08:31,SYS_1_NORTH_GREEN,"{""duration"": 5, ""queue"": 1}"
2026-03-27 12:09:09,SYS_1_NORTH_GREEN,"{""duration"": 5, ""queue"": 1}"
2026-03-27 12:11:10,SYS_1_NORTH_GREEN,"{""duration"": 5, ""queue"": 1}"
2026-03-27 12:11:59,SYS_2_EMERGENCY,"{""action"": ""Forced North Green"", ""status"": ""ACTIVE""}"
2026-03-27 12:12:04,SYS_2_EMERGENCY,"{""action"": ""Emergency Cleared"", ""status"": ""RESOLVED""}"
2026-03-27 12:12:06,SYS_2_EMERGENCY,"{""action"": ""Forced North Green"", ""status"": ""ACTIVE""}"
2026-03-27 12:12:07,SYS_2_EMERGENCY,"{""action"": ""Emergency Cleared"", ""status"": ""RESOLVED""}"
2026-03-27 12:12:25,SYS_3_SETTINGS,"{""danger"": true}"
2026-03-27 12:12:37,SYS_3_SETTINGS,"{""danger"": false}"
2026-03-27 12:13:31,SYS_1_NORTH_GREEN,"{""duration"": 5, ""queue"": 1}"
2026-03-27 12:13:48,SYS_2_EMERGENCY,"{""action"": ""Forced North Green"", ""status"": ""ACTIVE""}"
2026-03-27 12:13:55,SYS_2_EMERGENCY,"{""action"": ""Emergency Cleared"", ""status"": ""RESOLVED""}"
2026-03-27 12:17:54,SYS_1_NORTH_GREEN,"{""duration"": 5, ""queue"": 1}"
2026-03-27 12:18:18,SYS_3_SETTINGS,"{""queue_update"": {""arm"": ""West"", ""change"": -1}}"
2026-03-27 12:18:24,SYS_1_NORTH_GREEN,"{""duration"": 10, ""queue"": 3}"
2026-03-27 12:18:56,SYS_2_EMERGENCY,"{""action"": ""Forced North Green"", ""status"": ""ACTIVE""}"
2026-03-27 12:19:08,SYS_2_EMERGENCY,"{""action"": ""Emergency Cleared"", ""status"": ""RESOLVED""}"
2026-03-27 12:19:39,SYS_3_SETTINGS,"{""danger"": true}"
2026-03-27 12:19:45,SYS_3_SETTINGS,"{""danger"": true}"
2026-03-27 12:19:47,SYS_3_SETTINGS,"{""danger"": false}"
2026-03-27 12:20:51,SYS_1_NORTH_GREEN,"{""duration"": 5, ""queue"": 1}"
2026-03-27 12:21:21,SYS_1_NORTH_GREEN,"{""duration"": 8, ""queue"": 2}"
2026-03-27 12:21:52,SYS_3_SETTINGS,"{""queue_update"": {""arm"": ""South"", ""change"": -1}}"
2026-03-27 12:21:53,SYS_3_SETTINGS,"{""queue_update"": {""arm"": ""South"", ""change"": -1}}"
2026-03-27 12:21:54,SYS_1_NORTH_GREEN,"{""duration"": 13, ""queue"": 4}"
2026-03-27 12:21:54,SYS_3_SETTINGS,"{""queue_update"": {""arm"": ""East"", ""change"": -1}}"
2026-03-27 12:21:54,SYS_3_SETTINGS,"{""queue_update"": {""arm"": ""East"", ""change"": -1}}"
2026-03-27 12:21:55,SYS_3_SETTINGS,"{""queue_update"": {""arm"": ""East"", ""change"": -1}}"
2026-03-27 12:21:55,SYS_3_SETTINGS,"{""queue_update"": {""arm"": ""East"", ""change"": -1}}"
2026-03-27 12:22:34,SYS_1_NORTH_GREEN,"{""duration"": 5, ""queue"": 1}"
2026-03-27 12:23:19,SYS_1_NORTH_GREEN,"{""duration"": 5, ""queue"": 1}"
2026-03-27 12:23:26,SYS_1_NORTH_GREEN,"{""duration"": 13, ""queue"": 4}"
2026-03-27 12:24:04,SYS_2_EMERGENCY,"{""action"": ""Forced North Green"", ""status"": ""ACTIVE""}"
2026-03-27 12:24:15,SYS_2_EMERGENCY,"{""action"": ""Emergency Cleared"", ""status"": ""RESOLVED""}"
2026-03-27 12:24:31,SYS_3_SETTINGS,"{""danger"": true}"
2026-03-27 12:24:46,SYS_3_SETTINGS,"{""danger"": false}"
2026-03-27 12:30:58,SYS_1_NORTH_GREEN,"{""duration"": 5, ""queue"": 1}"
2026-03-27 12:31:06,SYS_1_NORTH_GREEN,"{""duration"": 10, ""queue"": 3}"
2026-03-27 12:31:24,SYS_2_EMERGENCY,"{""action"": ""Forced North Green"", ""status"": ""ACTIVE""}"
2026-03-27 12:31:32,SYS_2_EMERGENCY,"{""action"": ""Emergency Cleared"", ""status"": ""RESOLVED""}"
2026-03-27 12:31:50,SYS_2_EMERGENCY,"{""action"": ""Forced North Green"", ""status"": ""ACTIVE""}"
2026-03-27 12:31:51,SYS_2_EMERGENCY,"{""action"": ""Emergency Cleared"", ""status"": ""RESOLVED""}"
2026-03-27 12:32:25,SYS_3_SETTINGS,"{""danger"": true}"
2026-03-27 12:32:33,SYS_3_SETTINGS,"{""danger"": false}"
2026-03-27 12:33:22,SYS_1_NORTH_GREEN,"{""duration"": 5, ""queue"": 1}"
2026-03-27 12:33:29,SYS_1_NORTH_GREEN,"{""duration"": 5, ""queue"": 1}"
2026-03-27 12:33:36,SYS_1_NORTH_GREEN,"{""duration"": 8, ""queue"": 2}"
2026-03-27 12:33:46,SYS_1_NORTH_GREEN,"{""duration"": 13, ""queue"": 4}"
2026-03-27 12:34:01,SYS_1_NORTH_GREEN,"{""duration"": 13, ""queue"": 4}"
2026-03-27 12:34:11,SYS_3_SETTINGS,"{""queue_update"": {""arm"": ""South"", ""change"": 1}}"
2026-03-27 12:34:24,SYS_1_NORTH_GREEN,"{""duration"": 15, ""queue"": 7}"
2026-03-27 12:34:48,SYS_1_NORTH_GREEN,"{""duration"": 15, ""queue"": 10}"
2026-03-27 12:35:13,SYS_1_NORTH_GREEN,"{""duration"": 15, ""queue"": 6}"
2026-03-27 12:35:20,SYS_3_SETTINGS,"{""queue_update"": {""arm"": ""East"", ""change"": 1}}"
2026-03-27 12:35:21,SYS_3_SETTINGS,"{""queue_update"": {""arm"": ""East"", ""change"": 1}}"
2026-03-27 12:35:23,SYS_3_SETTINGS,"{""queue_update"": {""arm"": ""West"", ""change"": 1}}"
2026-03-27 12:35:23,SYS_3_SETTINGS,"{""queue_update"": {""arm"": ""West"", ""change"": 1}}"
2026-03-27 12:35:58,SYS_1_NORTH_GREEN,"{""duration"": 15, ""queue"": 5}"
2026-03-27 12:36:43,SYS_1_NORTH_GREEN,"{""duration"": 15, ""queue"": 33}"
2026-03-27 12:37:28,SYS_1_NORTH_GREEN,"{""duration"": 15, ""queue"": 42}"
2026-03-27 12:38:13,SYS_1_NORTH_GREEN,"{""duration"": 15, ""queue"": 95}"
2026-03-27 12:38:58,SYS_1_NORTH_GREEN,"{""duration"": 15, ""queue"": 102}"
2026-03-27 12:39:43,SYS_1_NORTH_GREEN,"{""duration"": 15, ""queue"": 5}"
2026-03-27 12:40:06,SYS_2_EMERGENCY,"{""action"": ""Forced North Green"", ""status"": ""ACTIVE""}"
2026-03-27 12:40:15,SYS_2_EMERGENCY,"{""action"": ""Emergency Cleared"", ""status"": ""RESOLVED""}"
2026-03-27 12:40:53,SYS_3_SETTINGS,"{""danger"": true}"
2026-03-27 12:41:03,SYS_3_SETTINGS,"{""danger"": false}"
2026-03-27 12:41:34,SYS_3_SETTINGS,"{""danger"": true}"
2026-03-27 12:41:44,SYS_1_NORTH_GREEN,"{""duration"": 5, ""queue"": 1}"
2026-03-27 12:42:19,SYS_1_NORTH_GREEN,"{""duration"": 13, ""queue"": 4}"
2026-03-27 12:43:02,SYS_1_NORTH_GREEN,"{""duration"": 15, ""queue"": 13}"
2026-03-27 12:43:47,SYS_1_NORTH_GREEN,"{""duration"": 10, ""queue"": 3}"
2026-03-27 12:44:04,SYS_2_EMERGENCY,"{""action"": ""Forced North Green"", ""status"": ""ACTIVE""}"
2026-03-27 12:44:12,SYS_2_EMERGENCY,"{""action"": ""Emergency Cleared"", ""status"": ""RESOLVED""}"
2026-03-27 12:44:48,SYS_1_NORTH_GREEN,"{""duration"": 5, ""queue"": 1}"
2026-03-27 12:45:23,SYS_1_NORTH_GREEN,"{""duration"": 8, ""queue"": 2}"
2026-03-27 12:46:08,SYS_2_EMERGENCY,"{""action"": ""Forced North Green"", ""status"": ""ACTIVE""}"
2026-03-27 12:46:19,SYS_2_EMERGENCY,"{""action"": ""Emergency Cleared"", ""status"": ""RESOLVED""}"
2026-03-27 12:46:49,SYS_3_SETTINGS,"{""danger"": true}"
2026-03-27 12:47:40,SYS_1_NORTH_GREEN,"{""duration"": 5, ""queue"": 1}"
2026-03-27 12:48:15,SYS_1_NORTH_GREEN,"{""duration"": 15, ""queue"": 5}"
2026-03-27 12:49:38,SYS_2_EMERGENCY,"{""action"": ""Forced North Green"", ""status"": ""ACTIVE""}"
2026-03-27 12:49:40,SYS_2_EMERGENCY,"{""action"": ""Emergency Cleared"", ""status"": ""RESOLVED""}"
2026-03-27 12:51:13,SYS_1_NORTH_GREEN,"{""duration"": 5, ""queue"": 1}"
2026-03-27 12:51:44,SYS_2_EMERGENCY,"{""action"": ""Forced North Green"", ""status"": ""ACTIVE""}"
2026-03-27 12:54:00,SYS_2_EMERGENCY,"{""action"": ""Emergency Cleared"", ""status"": ""RESOLVED""}"
2026-03-27 12:56:18,SYS_3_SETTINGS,"{""queue_update"": {""arm"": ""East"", ""change"": -1}}"
2026-03-27 12:56:19,SYS_3_SETTINGS,"{""queue_update"": {""arm"": ""East"", ""change"": -1}}"
2026-03-27 12:56:19,SYS_3_SETTINGS,"{""queue_update"": {""arm"": ""East"", ""change"": -1}}"
2026-03-27 12:56:20,SYS_1_NORTH_GREEN,"{""duration"": 5, ""queue"": 1}"
2026-03-27 12:56:22,SYS_3_SETTINGS,"{""queue_update"": {""arm"": ""West"", ""change"": -1}}"
2026-03-27 12:56:22,SYS_3_SETTINGS,"{""queue_update"": {""arm"": ""West"", ""change"": -1}}"
2026-03-27 12:56:22,SYS_3_SETTINGS,"{""queue_update"": {""arm"": ""West"", ""change"": -1}}"
2026-03-27 12:56:50,SYS_1_NORTH_GREEN,"{""duration"": 5, ""queue"": 1}"
2026-03-27 12:57:05,SYS_1_NORTH_GREEN,"{""duration"": 13, ""queue"": 4}"
2026-03-27 12:57:46,SYS_2_EMERGENCY,"{""action"": ""Forced North Green"", ""status"": ""ACTIVE""}"
2026-03-27 12:58:07,SYS_2_EMERGENCY,"{""action"": ""Emergency Cleared"", ""status"": ""RESOLVED""}"
2026-03-27 12:58:42,SYS_3_SETTINGS,"{""danger"": false}"
2026-03-27 12:58:43,SYS_3_SETTINGS,"{""danger"": false}"
2026-03-27 12:58:43,SYS_3_SETTINGS,"{""danger"": false}"
2026-03-27 13:11:12,SYS_1_NORTH_GREEN,"{""duration"": 5, ""queue"": 1}"
2026-03-27 13:11:26,SYS_1_NORTH_GREEN,"{""duration"": 8, ""queue"": 2}"
2026-03-27 13:11:44,SYS_1_NORTH_GREEN,"{""duration"": 8, ""queue"": 2}"
2026-03-27 13:12:02,SYS_1_NORTH_GREEN,"{""duration"": 8, ""queue"": 2}"
2026-03-27 13:12:20,SYS_1_NORTH_GREEN,"{""duration"": 8, ""queue"": 2}"
2026-03-27 13:12:37,SYS_1_NORTH_GREEN,"{""duration"": 8, ""queue"": 2}"
2026-03-27 13:12:55,SYS_1_NORTH_GREEN,"{""duration"": 8, ""queue"": 2}"
2026-03-27 13:13:13,SYS_1_NORTH_GREEN,"{""duration"": 8, ""queue"": 2}"
2026-03-27 13:13:30,SYS_1_NORTH_GREEN,"{""duration"": 8, ""queue"": 2}"
2026-03-27 13:13:48,SYS_1_NORTH_GREEN,"{""duration"": 8, ""queue"": 2}"
2026-03-27 13:14:06,SYS_1_NORTH_GREEN,"{""duration"": 8, ""queue"": 2}"
2026-03-27 13:14:24,SYS_1_NORTH_GREEN,"{""duration"": 8, ""queue"": 2}"
2026-03-27 13:14:41,SYS_1_NORTH_GREEN,"{""duration"": 8, ""queue"": 2}"
2026-03-27 13:14:59,SYS_1_NORTH_GREEN,"{""duration"": 8, ""queue"": 2}"
2026-03-27 13:15:17,SYS_1_NORTH_GREEN,"{""duration"": 8, ""queue"": 2}"
2026-03-27 13:15:34,SYS_1_NORTH_GREEN,"{""duration"": 8, ""queue"": 2}"
2026-03-27 13:15:52,SYS_1_NORTH_GREEN,"{""duration"": 8, ""queue"": 2}"
2026-03-27 13:16:10,SYS_1_NORTH_GREEN,"{""duration"": 8, ""queue"": 2}"
2026-03-27 13:16:28,SYS_1_NORTH_GREEN,"{""duration"": 8, ""queue"": 2}"
2026-03-27 13:16:45,SYS_1_NORTH_GREEN,"{""duration"": 8, ""queue"": 2}"
2026-03-27 13:17:03,SYS_1_NORTH_GREEN,"{""duration"": 8, ""queue"": 2}"
2026-03-27 13:17:21,SYS_1_NORTH_GREEN,"{""duration"": 8, ""queue"": 2}"
2026-03-27 13:17:38,SYS_1_NORTH_GREEN,"{""duration"": 8, ""queue"": 2}"
2026-03-27 13:17:56,SYS_1_NORTH_GREEN,"{""duration"": 8, ""queue"": 2}"
2026-03-27 13:18:14,SYS_1_NORTH_GREEN,"{""duration"": 8, ""queue"": 2}"
2026-03-27 13:18:32,SYS_1_NORTH_GREEN,"{""duration"": 8, ""queue"": 2}"
2026-03-27 13:18:49,SYS_1_NORTH_GREEN,"{""duration"": 8, ""queue"": 2}"
2026-03-27 13:19:07,SYS_1_NORTH_GREEN,"{""duration"": 8, ""queue"": 2}"
2026-03-27 13:19:25,SYS_1_NORTH_GREEN,"{""duration"": 8, ""queue"": 2}"
2026-03-27 13:19:42,SYS_1_NORTH_GREEN,"{""duration"": 8, ""queue"": 2}"
2026-03-27 13:20:00,SYS_1_NORTH_GREEN,"{""duration"": 15, ""queue"": 7}"
2026-03-27 13:20:25,SYS_1_NORTH_GREEN,"{""duration"": 13, ""queue"": 4}"
2026-03-27 13:20:48,SYS_1_NORTH_GREEN,"{""duration"": 15, ""queue"": 17}"
2026-03-27 13:20:49,SYS_2_EMERGENCY,"{""action"": ""Forced North Green"", ""status"": ""ACTIVE""}"
2026-03-27 13:20:57,SYS_2_EMERGENCY,"{""action"": ""Emergency Cleared"", ""status"": ""RESOLVED""}"
2026-03-27 13:21:06,SYS_1_NORTH_GREEN,"{""duration"": 5, ""queue"": 1}"
2026-03-27 13:21:21,SYS_1_NORTH_GREEN,"{""duration"": 8, ""queue"": 2}"
2026-03-27 13:21:48,SYS_1_NORTH_GREEN,"{""duration"": 5, ""queue"": 1}"
2026-03-27 13:22:02,SYS_1_NORTH_GREEN,"{""duration"": 13, ""queue"": 4}"
2026-03-27 13:22:50,SYS_1_NORTH_GREEN,"{""duration"": 5, ""queue"": 1}"
2026-03-27 13:23:05,SYS_1_NORTH_GREEN,"{""duration"": 15, ""queue"": 6}"
2026-03-27 13:23:30,SYS_1_NORTH_GREEN,"{""duration"": 10, ""queue"": 3}"
2026-03-27 13:23:51,SYS_2_EMERGENCY,"{""action"": ""Forced North Green"", ""status"": ""ACTIVE""}"
2026-03-27 13:23:58,SYS_2_EMERGENCY,"{""action"": ""Emergency Cleared"", ""status"": ""RESOLVED""}"
2026-03-27 13:36:58,SYS_1_NORTH_GREEN,"{""duration"": 5, ""queue"": 1}"
2026-03-27 13:37:12,SYS_1_NORTH_GREEN,"{""duration"": 15, ""queue"": 5}"
2026-03-27 13:37:37,SYS_1_NORTH_GREEN,"{""duration"": 8, ""queue"": 2}"
2026-03-27 13:37:55,SYS_1_NORTH_GREEN,"{""duration"": 8, ""queue"": 2}"
2026-03-27 13:38:13,SYS_1_NORTH_GREEN,"{""duration"": 8, ""queue"": 2}"
2026-03-27 13:38:30,SYS_1_NORTH_GREEN,"{""duration"": 8, ""queue"": 2}"
2026-03-27 13:38:48,SYS_1_NORTH_GREEN,"{""duration"": 8, ""queue"": 2}"
2026-03-27 13:39:06,SYS_1_NORTH_GREEN,"{""duration"": 8, ""queue"": 2}"
2026-03-27 13:39:24,SYS_1_NORTH_GREEN,"{""duration"": 8, ""queue"": 2}"
2026-03-27 13:39:41,SYS_1_NORTH_GREEN,"{""duration"": 8, ""queue"": 2}"
2026-03-27 13:39:59,SYS_1_NORTH_GREEN,"{""duration"": 8, ""queue"": 2}"
2026-03-27 13:40:17,SYS_1_NORTH_GREEN,"{""duration"": 8, ""queue"": 2}"
2026-03-27 13:40:35,SYS_1_NORTH_GREEN,"{""duration"": 8, ""queue"": 2}"
2026-03-27 13:40:52,SYS_1_NORTH_GREEN,"{""duration"": 8, ""queue"": 2}"
2026-03-27 13:41:10,SYS_1_NORTH_GREEN,"{""duration"": 8, ""queue"": 2}"
2026-03-27 13:55:14,SYS_1_NORTH_GREEN,"{""duration"": 5, ""queue"": 1}"
2026-03-27 13:55:29,SYS_1_NORTH_GREEN,"{""duration"": 15, ""queue"": 6}"
2026-03-27 13:56:05,SYS_1_NORTH_GREEN,"{""duration"": 5, ""queue"": 1}"
2026-03-27 13:56:19,SYS_1_NORTH_GREEN,"{""duration"": 15, ""queue"": 12}"
2026-03-27 13:56:44,SYS_1_NORTH_GREEN,"{""duration"": 8, ""queue"": 2}"
2026-03-27 13:57:02,SYS_1_NORTH_GREEN,"{""duration"": 8, ""queue"": 2}"
2026-03-27 13:57:16,SYS_2_EMERGENCY,"{""action"": ""Forced North Green"", ""status"": ""ACTIVE""}"
2026-03-27 13:57:18,SYS_2_EMERGENCY,"{""action"": ""Emergency Cleared"", ""status"": ""RESOLVED""}"
2026-03-27 13:58:17,SYS_1_NORTH_GREEN,"{""duration"": 5, ""queue"": 1}"
2026-03-27 13:58:31,SYS_1_NORTH_GREEN,"{""duration"": 13, ""queue"": 4}"
2026-03-27 13:58:54,SYS_1_NORTH_GREEN,"{""duration"": 15, ""queue"": 10}"
2026-03-27 14:06:00,SYS_1_NORTH_GREEN,"{""duration"": 5, ""queue"": 1}"
2026-03-27 14:06:15,SYS_1_NORTH_GREEN,"{""duration"": 8, ""queue"": 2}"
2026-03-27 14:06:32,SYS_1_NORTH_GREEN,"{""duration"": 13, ""queue"": 4}"
2026-03-27 14:06:55,SYS_1_NORTH_GREEN,"{""duration"": 5, ""queue"": 1}"
2026-03-27 14:07:10,SYS_1_NORTH_GREEN,"{""duration"": 15, ""queue"": 5}"
2026-03-27 14:07:34,SYS_1_NORTH_GREEN,"{""duration"": 10, ""queue"": 3}"
2026-03-27 14:07:54,SYS_1_NORTH_GREEN,"{""duration"": 10, ""queue"": 3}"
2026-03-27 14:08:14,SYS_1_NORTH_GREEN,"{""duration"": 10, ""queue"": 3}"
2026-03-27 14:08:34,SYS_1_NORTH_GREEN,"{""duration"": 10, ""queue"": 3}"
2026-03-27 14:08:53,SYS_1_NORTH_GREEN,"{""duration"": 10, ""queue"": 3}"
2026-03-27 14:09:13,SYS_1_NORTH_GREEN,"{""duration"": 10, ""queue"": 3}"
2026-03-27 14:09:33,SYS_1_NORTH_GREEN,"{""duration"": 10, ""queue"": 3}"
2026-03-27 14:09:52,SYS_1_NORTH_GREEN,"{""duration"": 10, ""queue"": 3}"
2026-03-27 14:10:12,SYS_1_NORTH_GREEN,"{""duration"": 10, ""queue"": 3}"
2026-03-27 14:10:32,SYS_1_NORTH_GREEN,"{""duration"": 10, ""queue"": 3}"
2026-03-27 14:10:51,SYS_1_NORTH_GREEN,"{""duration"": 10, ""queue"": 3}"
2026-03-27 14:11:11,SYS_1_NORTH_GREEN,"{""duration"": 10, ""queue"": 3}"
2026-03-27 14:11:31,SYS_1_NORTH_GREEN,"{""duration"": 10, ""queue"": 3}"
2026-03-27 14:11:51,SYS_1_NORTH_GREEN,"{""duration"": 10, ""queue"": 3}"
2026-03-27 14:12:10,SYS_1_NORTH_GREEN,"{""duration"": 10, ""queue"": 3}"
2026-03-27 14:12:30,SYS_1_NORTH_GREEN,"{""duration"": 10, ""queue"": 3}"
2026-03-27 14:12:50,SYS_1_NORTH_GREEN,"{""duration"": 10, ""queue"": 3}"
2026-03-27 14:13:10,SYS_1_NORTH_GREEN,"{""duration"": 10, ""queue"": 3}"
2026-03-27 14:13:30,SYS_1_NORTH_GREEN,"{""duration"": 10, ""queue"": 3}"
2026-03-27 14:13:49,SYS_1_NORTH_GREEN,"{""duration"": 10, ""queue"": 3}"
2026-03-27 14:14:09,SYS_1_NORTH_GREEN,"{""duration"": 5, ""queue"": 1}"
2026-03-27 14:14:24,SYS_1_NORTH_GREEN,"{""duration"": 13, ""queue"": 4}"
2026-03-27 14:15:52,SYS_1_NORTH_GREEN,"{""duration"": 5, ""queue"": 1}"
2026-03-27 14:20:35,SYS_1_NORTH_GREEN,"{""duration"": 5, ""queue"": 1}"
2026-03-27 14:20:50,SYS_1_NORTH_GREEN,"{""duration"": 10, ""queue"": 3}"
2026-03-27 14:21:54,SYS_1_NORTH_GREEN,"{""duration"": 5, ""queue"": 1}"
2026-03-27 14:22:09,SYS_1_NORTH_GREEN,"{""duration"": 8, ""queue"": 2}"
2026-03-27 14:22:27,SYS_1_NORTH_GREEN,"{""duration"": 8, ""queue"": 2}"
2026-03-27 14:22:44,SYS_1_NORTH_GREEN,"{""duration"": 8, ""queue"": 2}"
2026-03-27 14:23:02,SYS_1_NORTH_GREEN,"{""duration"": 8, ""queue"": 2}"
2026-03-27 14:23:20,SYS_1_NORTH_GREEN,"{""duration"": 8, ""queue"": 2}"
2026-03-27 14:23:40,SYS_2_EMERGENCY,"{""action"": ""Forced North Green"", ""status"": ""ACTIVE""}"
2026-03-27 14:24:12,SYS_2_EMERGENCY,"{""action"": ""Emergency Cleared"", ""status"": ""RESOLVED""}"
2026-03-27 14:26:21,SYS_1_NORTH_GREEN,"{""duration"": 5, ""queue"": 1}"
2026-03-27 14:26:34,SYS_3_SETTINGS,"{""danger"": true}"
2026-03-27 14:26:41,SYS_3_SETTINGS,"{""danger"": false}"
2026-03-27 14:39:11,SYS_1_NORTH_GREEN,"{""duration"": 5, ""queue"": 1}"
2026-03-27 14:39:26,SYS_1_NORTH_GREEN,"{""duration"": 15, ""queue"": 5}"
2026-03-27 14:39:51,SYS_1_NORTH_GREEN,"{""duration"": 15, ""queue"": 5}"
2026-03-27 14:40:15,SYS_1_NORTH_GREEN,"{""duration"": 15, ""queue"": 5}"
2026-03-27 14:40:40,SYS_1_NORTH_GREEN,"{""duration"": 15, ""queue"": 5}"
2026-03-27 14:41:05,SYS_1_NORTH_GREEN,"{""duration"": 15, ""queue"": 5}"
2026-03-27 14:41:30,SYS_1_NORTH_GREEN,"{""duration"": 15, ""queue"": 7}"
2026-03-27 14:48:18,SYS_1_NORTH_GREEN,"{""duration"": 5, ""queue"": 1}"
2026-03-27 14:48:43,SYS_1_NORTH_GREEN,"{""duration"": 5, ""queue"": 1}"
2026-03-27 14:49:08,SYS_2_EMERGENCY,"{""action"": ""Forced North Green"", ""status"": ""ACTIVE""}"
2026-03-27 14:49:17,SYS_2_EMERGENCY,"{""action"": ""Emergency Cleared"", ""status"": ""RESOLVED""}"
2026-03-27 14:53:23,SYS_2_EMERGENCY,"{""action"": ""Forced North Green"", ""status"": ""ACTIVE""}"
2026-03-27 14:53:23,SYS_2_EMERGENCY,"{""action"": ""Emergency Cleared"", ""status"": ""RESOLVED""}"
2026-04-22 17:42:02,SYS_3_SETTINGS,"{""queue_update"": {""arm"": ""South"", ""change"": 1}}"
2026-04-22 17:42:10,SYS_3_SETTINGS,"{""queue_update"": {""arm"": ""East"", ""change"": 1}}"
2026-04-22 17:42:11,SYS_3_SETTINGS,"{""queue_update"": {""arm"": ""South"", ""change"": 1}}"
2026-04-22 17:42:12,SYS_3_SETTINGS,"{""queue_update"": {""arm"": ""South"", ""change"": -1}}"
2026-04-22 17:42:24,SYS_2_EMERGENCY,"{""action"": ""Forced North Green"", ""status"": ""ACTIVE""}"
2026-04-22 17:42:26,SYS_2_EMERGENCY,"{""action"": ""Emergency Cleared"", ""status"": ""RESOLVED""}"
2026-04-22 17:42:29,SYS_3_SETTINGS,"{""queue_update"": {""arm"": ""West"", ""change"": 1}}"
2026-04-22 17:42:30,SYS_3_SETTINGS,"{""queue_update"": {""arm"": ""West"", ""change"": 1}}"
2026-04-22 17:42:30,SYS_3_SETTINGS,"{""queue_update"": {""arm"": ""West"", ""change"": 1}}"
2026-04-22 17:42:33,SYS_2_EMERGENCY,"{""action"": ""Forced North Green"", ""status"": ""ACTIVE""}"
2026-04-22 17:42:35,SYS_3_SETTINGS,"{""queue_update"": {""arm"": ""West"", ""change"": -1}}"
2026-04-22 17:42:36,SYS_3_SETTINGS,"{""queue_update"": {""arm"": ""West"", ""change"": -1}}"
2026-04-22 17:42:37,SYS_2_EMERGENCY,"{""action"": ""Emergency Cleared"", ""status"": ""RESOLVED""}"
2026-04-22 17:42:37,SYS_2_EMERGENCY,"{""action"": ""Forced North Green"", ""status"": ""ACTIVE""}"
2026-04-22 17:42:38,SYS_2_EMERGENCY,"{""action"": ""Emergency Cleared"", ""status"": ""RESOLVED""}"
